[2026-06-04 09:29:27] [GUARDIAN] ALERTA: Daemon guardian modificado externamente
[2026-06-04 09:29:27] [GUARDIAN] *** MODO CUARENTENA ACTIVADO ***
[2026-06-04 09:29:57] [GUARDIAN] ALERTA: Daemon guardian modificado externamente
[2026-06-04 09:29:57] [GUARDIAN] *** MODO CUARENTENA ACTIVADO ***
[2026-06-04 09:30:27] [GUARDIAN] ALERTA: Daemon guardian modificado externamente
[2026-06-04 09:30:27] [GUARDIAN] *** MODO CUARENTENA ACTIVADO ***
[2026-06-04 09:30:57] [GUARDIAN] ALERTA: Daemon guardian modificado externamente
[2026-06-04 09:30:57] [GUARDIAN] *** MODO CUARENTENA ACTIVADO ***
[2026-06-04 09:31:27] [GUARDIAN] ALERTA: Daemon guardian modificado externamente
[2026-06-04 09:31:27] [GUARDIAN] *** MODO CUARENTENA ACTIVADO ***
[2026-06-04 09:31:57] [GUARDIAN] ALERTA: Daemon guardian modificado externamente
[2026-06-04 09:31:57] [GUARDIAN] *** MODO CUARENTENA ACTIVADO ***
[2026-06-04 09:32:27] [GUARDIAN] ALERTA: Daemon guardian modificado externamente
[2026-06-04 09:32:27] [GUARDIAN] *** MODO CUARENTENA ACTIVADO ***
[2026-06-04 09:32:57] [GUARDIAN] ALERTA: Daemon guardian modificado externamente
[2026-06-04 09:32:57] [GUARDIAN] *** MODO CUARENTENA ACTIVADO ***
[2026-06-04 09:33:27] [GUARDIAN] ALERTA: Daemon guardian modificado externamente
[2026-06-04 09:33:27] [GUARDIAN] *** MODO CUARENTENA ACTIVADO ***
[2026-06-04 09:33:57] [GUARDIAN] ALERTA: Daemon guardian modificado externamente
[2026-06-04 09:33:57] [GUARDIAN] *** MODO CUARENTENA ACTIVADO ***
[2026-06-04 09:34:27] [GUARDIAN] ALERTA: Daemon guardian modificado externamente
[2026-06-04 09:34:27] [GUARDIAN] *** MODO CUARENTENA ACTIVADO ***
[2026-06-04 09:34:57] [GUARDIAN] ALERTA: Daemon guardian modificado externamente
[2026-06-04 09:34:57] [GUARDIAN] *** MODO CUARENTENA ACTIVADO ***
[2026-06-04 09:35:27] [GUARDIAN] ALERTA: Daemon guardian modificado externamente
[2026-06-04 09:35:27] [GUARDIAN] *** MODO CUARENTENA ACTIVADO ***
[2026-06-04 09:35:57] [GUARDIAN] ALERTA: Daemon guardian modificado externamente
[2026-06-04 09:35:57] [GUARDIAN] *** MODO CUARENTENA ACTIVADO ***
[2026-06-04 09:36:27] [GUARDIAN] ALERTA: Daemon guardian modificado externamente
[2026-06-04 09:36:27] [GUARDIAN] *** MODO CUARENTENA ACTIVADO ***
[2026-06-04 09:36:57] [GUARDIAN] ALERTA: Daemon guardian modificado externamente
[2026-06-04 09:36:57] [GUARDIAN] *** MODO CUARENTENA ACTIVADO ***
[2026-06-04 09:37:27] [GUARDIAN] ALERTA: Daemon guardian modificado externamente
[2026-06-04 09:37:27] [GUARDIAN] *** MODO CUARENTENA ACTIVADO ***
[2026-06-04 09:37:57] [GUARDIAN] ALERTA: Daemon guardian modificado externamente
[2026-06-04 09:37:57] [GUARDIAN] *** MODO CUARENTENA ACTIVADO ***
[2026-06-04 09:38:27] [GUARDIAN] ALERTA: Daemon guardian modificado externamente
[2026-06-04 09:38:27] [GUARDIAN] *** MODO CUARENTENA ACTIVADO ***
[2026-06-04 09:38:58] [GUARDIAN] ALERTA: Daemon guardian modificado externamente
[2026-06-04 09:38:58] [GUARDIAN] *** MODO CUARENTENA ACTIVADO ***
[2026-06-04 09:39:28] [GUARDIAN] ALERTA: Daemon guardian modificado externamente
[2026-06-04 09:39:28] [GUARDIAN] *** MODO CUARENTENA ACTIVADO ***
[2026-06-04 09:39:58] [GUARDIAN] ALERTA: Daemon guardian modificado externamente
[2026-06-04 09:39:58] [GUARDIAN] *** MODO CUARENTENA ACTIVADO ***
[2026-06-04 09:40:28] [GUARDIAN] ALERTA: Daemon guardian modificado externamente
[2026-06-04 09:40:28] [GUARDIAN] *** MODO CUARENTENA ACTIVADO ***
[2026-06-04 09:40:58] [GUARDIAN] ALERTA: Daemon guardian modificado externamente
[2026-06-04 09:40:58] [GUARDIAN] *** MODO CUARENTENA ACTIVADO ***
[2026-06-04 09:41:28] [GUARDIAN] ALERTA: Daemon guardian modificado externamente
[2026-06-04 09:41:28] [GUARDIAN] *** MODO CUARENTENA ACTIVADO ***
[2026-06-04 09:41:58] [GUARDIAN] ALERTA: Daemon guardian modificado externamente
[2026-06-04 09:41:58] [GUARDIAN] *** MODO CUARENTENA ACTIVADO ***
[2026-06-04 09:42:28] [GUARDIAN] ALERTA: Daemon guardian modificado externamente
[2026-06-04 09:42:28] [GUARDIAN] *** MODO CUARENTENA ACTIVADO ***
[2026-06-04 09:42:58] [GUARDIAN] ALERTA: Daemon guardian modificado externamente
[2026-06-04 09:42:58] [GUARDIAN] *** MODO CUARENTENA ACTIVADO ***
[2026-06-04 09:43:28] [GUARDIAN] ALERTA: Daemon guardian modificado externamente
[2026-06-04 09:43:28] [GUARDIAN] *** MODO CUARENTENA ACTIVADO ***
[2026-06-04 09:43:58] [GUARDIAN] ALERTA: Daemon guardian modificado externamente
[2026-06-04 09:43:58] [GUARDIAN] *** MODO CUARENTENA ACTIVADO ***
[2026-06-04 09:44:28] [GUARDIAN] ALERTA: Daemon guardian modificado externamente
[2026-06-04 09:44:28] [GUARDIAN] *** MODO CUARENTENA ACTIVADO ***
[2026-06-04 09:44:58] [GUARDIAN] ALERTA: Daemon guardian modificado externamente
[2026-06-04 09:44:58] [GUARDIAN] *** MODO CUARENTENA ACTIVADO ***
[2026-06-04 09:45:28] [GUARDIAN] ALERTA: Daemon guardian modificado externamente
[2026-06-04 09:45:28] [GUARDIAN] *** MODO CUARENTENA ACTIVADO ***
[2026-06-04 09:45:58] [GUARDIAN] ALERTA: Daemon guardian modificado externamente
[2026-06-04 09:45:58] [GUARDIAN] *** MODO CUARENTENA ACTIVADO ***
[2026-06-04 09:46:28] [GUARDIAN] ALERTA: Daemon guardian modificado externamente
[2026-06-04 09:46:28] [GUARDIAN] *** MODO CUARENTENA ACTIVADO ***
[2026-06-04 09:46:58] [GUARDIAN] ALERTA: Daemon guardian modificado externamente
[2026-06-04 09:46:58] [GUARDIAN] *** MODO CUARENTENA ACTIVADO ***
[2026-06-04 09:47:28] [GUARDIAN] ALERTA: Daemon guardian modificado externamente
[2026-06-04 09:47:28] [GUARDIAN] *** MODO CUARENTENA ACTIVADO ***
[2026-06-04 09:47:58] [GUARDIAN] ALERTA: Daemon guardian modificado externamente
[2026-06-04 09:47:58] [GUARDIAN] *** MODO CUARENTENA ACTIVADO ***
[2026-06-04 09:48:28] [GUARDIAN] ALERTA: Daemon guardian modificado externamente
[2026-06-04 09:48:28] [GUARDIAN] *** MODO CUARENTENA ACTIVADO ***
[2026-06-04 09:48:58] [GUARDIAN] ALERTA: Daemon guardian modificado externamente
[2026-06-04 09:48:58] [GUARDIAN] *** MODO CUARENTENA ACTIVADO ***
[2026-06-04 09:49:28] [GUARDIAN] ALERTA: Daemon guardian modificado externamente
[2026-06-04 09:49:28] [GUARDIAN] *** MODO CUARENTENA ACTIVADO ***
[2026-06-04 09:49:58] [GUARDIAN] ALERTA: Daemon guardian modificado externamente
[2026-06-04 09:49:58] [GUARDIAN] *** MODO CUARENTENA ACTIVADO ***
[2026-06-04 09:50:28] [GUARDIAN] ALERTA: Daemon guardian modificado externamente
[2026-06-04 09:50:28] [GUARDIAN] *** MODO CUARENTENA ACTIVADO ***
[2026-06-04 09:50:58] [GUARDIAN] ALERTA: Daemon guardian modificado externamente
[2026-06-04 09:50:58] [GUARDIAN] *** MODO CUARENTENA ACTIVADO ***
[2026-06-04 09:51:29] [GUARDIAN] ALERTA: Daemon guardian modificado externamente
[2026-06-04 09:51:29] [GUARDIAN] *** MODO CUARENTENA ACTIVADO ***
[2026-06-04 09:51:59] [GUARDIAN] ALERTA: Daemon guardian modificado externamente
[2026-06-04 09:51:59] [GUARDIAN] *** MODO CUARENTENA ACTIVADO ***
[2026-06-04 09:52:29] [GUARDIAN] ALERTA: Daemon guardian modificado externamente
[2026-06-04 09:52:29] [GUARDIAN] *** MODO CUARENTENA ACTIVADO ***
[2026-06-04 09:52:59] [GUARDIAN] ALERTA: Daemon guardian modificado externamente
[2026-06-04 09:52:59] [GUARDIAN] *** MODO CUARENTENA ACTIVADO ***
[2026-06-04 09:53:29] [GUARDIAN] ALERTA: Daemon guardian modificado externamente
[2026-06-04 09:53:29] [GUARDIAN] *** MODO CUARENTENA ACTIVADO ***
[2026-06-04 09:53:59] [GUARDIAN] ALERTA: Daemon guardian modificado externamente
[2026-06-04 09:53:59] [GUARDIAN] *** MODO CUARENTENA ACTIVADO ***
[2026-06-04 09:54:29] [GUARDIAN] ALERTA: Daemon guardian modificado externamente
[2026-06-04 09:54:29] [GUARDIAN] *** MODO CUARENTENA ACTIVADO ***
[2026-06-04 09:54:59] [GUARDIAN] ALERTA: Daemon guardian modificado externamente
[2026-06-04 09:54:59] [GUARDIAN] *** MODO CUARENTENA ACTIVADO ***
[2026-06-04 09:55:29] [GUARDIAN] ALERTA: Daemon guardian modificado externamente
[2026-06-04 09:55:29] [GUARDIAN] *** MODO CUARENTENA ACTIVADO ***
[2026-06-04 09:55:59] [GUARDIAN] ALERTA: Daemon guardian modificado externamente
[2026-06-04 09:55:59] [GUARDIAN] *** MODO CUARENTENA ACTIVADO ***
[2026-06-04 09:56:29] [GUARDIAN] ALERTA: Daemon guardian modificado externamente
[2026-06-04 09:56:29] [GUARDIAN] *** MODO CUARENTENA ACTIVADO ***
[2026-06-04 09:56:59] [GUARDIAN] ALERTA: Daemon guardian modificado externamente
[2026-06-04 09:56:59] [GUARDIAN] *** MODO CUARENTENA ACTIVADO ***
[2026-06-04 09:57:29] [GUARDIAN] ALERTA: Daemon guardian modificado externamente
[2026-06-04 09:57:29] [GUARDIAN] *** MODO CUARENTENA ACTIVADO ***
[2026-06-04 09:57:59] [GUARDIAN] ALERTA: Daemon guardian modificado externamente
[2026-06-04 09:57:59] [GUARDIAN] *** MODO CUARENTENA ACTIVADO ***
[2026-06-04 09:58:29] [GUARDIAN] ALERTA: Daemon guardian modificado externamente
[2026-06-04 09:58:29] [GUARDIAN] *** MODO CUARENTENA ACTIVADO ***
[2026-06-04 09:58:59] [GUARDIAN] ALERTA: Daemon guardian modificado externamente
[2026-06-04 09:58:59] [GUARDIAN] *** MODO CUARENTENA ACTIVADO ***
[2026-06-04 09:59:29] [GUARDIAN] ALERTA: Daemon guardian modificado externamente
[2026-06-04 09:59:29] [GUARDIAN] *** MODO CUARENTENA ACTIVADO ***
[2026-06-04 09:59:59] [GUARDIAN] ALERTA: Daemon guardian modificado externamente
[2026-06-04 09:59:59] [GUARDIAN] *** MODO CUARENTENA ACTIVADO ***
[2026-06-04 10:00:29] [GUARDIAN] ALERTA: Daemon guardian modificado externamente
[2026-06-04 10:00:29] [GUARDIAN] *** MODO CUARENTENA ACTIVADO ***
[2026-06-04 10:00:59] [GUARDIAN] ALERTA: Daemon guardian modificado externamente
[2026-06-04 10:00:59] [GUARDIAN] *** MODO CUARENTENA ACTIVADO ***
[2026-06-04 10:01:29] [GUARDIAN] ALERTA: Daemon guardian modificado externamente
[2026-06-04 10:01:29] [GUARDIAN] *** MODO CUARENTENA ACTIVADO ***
[2026-06-04 10:01:59] [GUARDIAN] ALERTA: Daemon guardian modificado externamente
[2026-06-04 10:01:59] [GUARDIAN] *** MODO CUARENTENA ACTIVADO ***
[2026-06-04 10:02:29] [GUARDIAN] ALERTA: Daemon guardian modificado externamente
[2026-06-04 10:02:29] [GUARDIAN] *** MODO CUARENTENA ACTIVADO ***
[2026-06-04 10:02:59] [GUARDIAN] ALERTA: Daemon guardian modificado externamente
[2026-06-04 10:02:59] [GUARDIAN] *** MODO CUARENTENA ACTIVADO ***
[2026-06-04 10:03:30] [GUARDIAN] ALERTA: Daemon guardian modificado externamente
[2026-06-04 10:03:30] [GUARDIAN] *** MODO CUARENTENA ACTIVADO ***
[2026-06-04 10:04:00] [GUARDIAN] ALERTA: Daemon guardian modificado externamente
[2026-06-04 10:04:00] [GUARDIAN] *** MODO CUARENTENA ACTIVADO ***
[2026-06-04 10:04:30] [GUARDIAN] ALERTA: Daemon guardian modificado externamente
[2026-06-04 10:04:30] [GUARDIAN] *** MODO CUARENTENA ACTIVADO ***
[2026-06-04 10:05:00] [GUARDIAN] ALERTA: Daemon guardian modificado externamente
[2026-06-04 10:05:00] [GUARDIAN] *** MODO CUARENTENA ACTIVADO ***
[2026-06-04 10:05:30] [GUARDIAN] ALERTA: Daemon guardian modificado externamente
[2026-06-04 10:05:30] [GUARDIAN] *** MODO CUARENTENA ACTIVADO ***
[2026-06-04 10:06:00] [GUARDIAN] ALERTA: Daemon guardian modificado externamente
[2026-06-04 10:06:00] [GUARDIAN] *** MODO CUARENTENA ACTIVADO ***
[2026-06-04 10:06:30] [GUARDIAN] ALERTA: Daemon guardian modificado externamente
[2026-06-04 10:06:30] [GUARDIAN] *** MODO CUARENTENA ACTIVADO ***
[2026-06-04 10:07:00] [GUARDIAN] ALERTA: Daemon guardian modificado externamente
[2026-06-04 10:07:00] [GUARDIAN] *** MODO CUARENTENA ACTIVADO ***
[2026-06-04 10:07:30] [GUARDIAN] ALERTA: Daemon guardian modificado externamente
[2026-06-04 10:07:30] [GUARDIAN] *** MODO CUARENTENA ACTIVADO ***
[2026-06-04 10:08:00] [GUARDIAN] ALERTA: Daemon guardian modificado externamente
[2026-06-04 10:08:00] [GUARDIAN] *** MODO CUARENTENA ACTIVADO ***
[2026-06-04 10:08:30] [GUARDIAN] ALERTA: Daemon guardian modificado externamente
[2026-06-04 10:08:30] [GUARDIAN] *** MODO CUARENTENA ACTIVADO ***
[2026-06-04 10:09:00] [GUARDIAN] ALERTA: Daemon guardian modificado externamente
[2026-06-04 10:09:00] [GUARDIAN] *** MODO CUARENTENA ACTIVADO ***
[2026-06-04 10:09:30] [GUARDIAN] ALERTA: Daemon guardian modificado externamente
[2026-06-04 10:09:30] [GUARDIAN] *** MODO CUARENTENA ACTIVADO ***
[2026-06-04 10:10:00] [GUARDIAN] ALERTA: Daemon guardian modificado externamente
[2026-06-04 10:10:00] [GUARDIAN] *** MODO CUARENTENA ACTIVADO ***
[2026-06-04 10:10:30] [GUARDIAN] ALERTA: Daemon guardian modificado externamente
[2026-06-04 10:10:30] [GUARDIAN] *** MODO CUARENTENA ACTIVADO ***
[2026-06-04 10:11:00] [GUARDIAN] ALERTA: Daemon guardian modificado externamente
[2026-06-04 10:11:00] [GUARDIAN] *** MODO CUARENTENA ACTIVADO ***
[2026-06-04 10:11:30] [GUARDIAN] ALERTA: Daemon guardian modificado externamente
[2026-06-04 10:11:30] [GUARDIAN] *** MODO CUARENTENA ACTIVADO ***
[2026-06-04 10:12:00] [GUARDIAN] ALERTA: Daemon guardian modificado externamente
[2026-06-04 10:12:00] [GUARDIAN] *** MODO CUARENTENA ACTIVADO ***
[2026-06-04 10:12:30] [GUARDIAN] ALERTA: Daemon guardian modificado externamente
[2026-06-04 10:12:30] [GUARDIAN] *** MODO CUARENTENA ACTIVADO ***
[2026-06-04 10:13:00] [GUARDIAN] ALERTA: Daemon guardian modificado externamente
[2026-06-04 10:13:00] [GUARDIAN] *** MODO CUARENTENA ACTIVADO ***
[2026-06-04 10:13:30] [GUARDIAN] ALERTA: Daemon guardian modificado externamente
[2026-06-04 10:13:30] [GUARDIAN] *** MODO CUARENTENA ACTIVADO ***
[2026-06-04 10:14:00] [GUARDIAN] ALERTA: Daemon guardian modificado externamente
[2026-06-04 10:14:00] [GUARDIAN] *** MODO CUARENTENA ACTIVADO ***
[2026-06-04 10:14:30] [GUARDIAN] ALERTA: Daemon guardian modificado externamente
[2026-06-04 10:14:30] [GUARDIAN] *** MODO CUARENTENA ACTIVADO ***
[2026-06-04 10:15:00] [GUARDIAN] ALERTA: Daemon guardian modificado externamente
[2026-06-04 10:15:00] [GUARDIAN] *** MODO CUARENTENA ACTIVADO ***
[2026-06-04 10:15:31] [GUARDIAN] ALERTA: Daemon guardian modificado externamente
[2026-06-04 10:15:31] [GUARDIAN] *** MODO CUARENTENA ACTIVADO ***
[2026-06-04 10:16:01] [GUARDIAN] ALERTA: Daemon guardian modificado externamente
[2026-06-04 10:16:01] [GUARDIAN] *** MODO CUARENTENA ACTIVADO ***
[2026-06-04 10:16:31] [GUARDIAN] ALERTA: Daemon guardian modificado externamente
[2026-06-04 10:16:31] [GUARDIAN] *** MODO CUARENTENA ACTIVADO ***
[2026-06-04 10:17:01] [GUARDIAN] ALERTA: Daemon guardian modificado externamente
[2026-06-04 10:17:01] [GUARDIAN] *** MODO CUARENTENA ACTIVADO ***
[2026-06-04 10:17:31] [GUARDIAN] ALERTA: Daemon guardian modificado externamente
[2026-06-04 10:17:31] [GUARDIAN] *** MODO CUARENTENA ACTIVADO ***
[2026-06-04 10:18:01] [GUARDIAN] ALERTA: Daemon guardian modificado externamente
[2026-06-04 10:18:01] [GUARDIAN] *** MODO CUARENTENA ACTIVADO ***
[2026-06-04 10:18:31] [GUARDIAN] ALERTA: Daemon guardian modificado externamente
[2026-06-04 10:18:31] [GUARDIAN] *** MODO CUARENTENA ACTIVADO ***
[2026-06-04 10:19:01] [GUARDIAN] ALERTA: Daemon guardian modificado externamente
[2026-06-04 10:19:01] [GUARDIAN] *** MODO CUARENTENA ACTIVADO ***
[2026-06-04 10:19:31] [GUARDIAN] ALERTA: Daemon guardian modificado externamente
[2026-06-04 10:19:31] [GUARDIAN] *** MODO CUARENTENA ACTIVADO ***
[2026-06-04 10:20:01] [GUARDIAN] ALERTA: Daemon guardian modificado externamente
[2026-06-04 10:20:01] [GUARDIAN] *** MODO CUARENTENA ACTIVADO ***
[2026-06-04 10:20:31] [GUARDIAN] ALERTA: Daemon guardian modificado externamente
[2026-06-04 10:20:31] [GUARDIAN] *** MODO CUARENTENA ACTIVADO ***
[2026-06-04 10:21:01] [GUARDIAN] ALERTA: Daemon guardian modificado externamente
[2026-06-04 10:21:01] [GUARDIAN] *** MODO CUARENTENA ACTIVADO ***
[2026-06-04 10:21:31] [GUARDIAN] ALERTA: Daemon guardian modificado externamente
[2026-06-04 10:21:31] [GUARDIAN] *** MODO CUARENTENA ACTIVADO ***
[2026-06-04 10:22:01] [GUARDIAN] ALERTA: Daemon guardian modificado externamente
[2026-06-04 10:22:01] [GUARDIAN] *** MODO CUARENTENA ACTIVADO ***
[2026-06-04 10:22:31] [GUARDIAN] ALERTA: Daemon guardian modificado externamente
[2026-06-04 10:22:31] [GUARDIAN] *** MODO CUARENTENA ACTIVADO ***
[2026-06-04 10:23:01] [GUARDIAN] ALERTA: Daemon guardian modificado externamente
[2026-06-04 10:23:01] [GUARDIAN] *** MODO CUARENTENA ACTIVADO ***
[2026-06-04 10:23:31] [GUARDIAN] ALERTA: Daemon guardian modificado externamente
[2026-06-04 10:23:31] [GUARDIAN] *** MODO CUARENTENA ACTIVADO ***
[2026-06-04 10:24:01] [GUARDIAN] ALERTA: Daemon guardian modificado externamente
[2026-06-04 10:24:01] [GUARDIAN] *** MODO CUARENTENA ACTIVADO ***
[2026-06-04 10:24:31] [GUARDIAN] ALERTA: Daemon guardian modificado externamente
[2026-06-04 10:24:31] [GUARDIAN] *** MODO CUARENTENA ACTIVADO ***
[2026-06-04 10:24:31] [GUARDIAN] ¡ALERTA OUROBOROS! process_watchdog.py ha caído. Resucitándolo de inmediato.
[2026-06-04 10:24:31] [GUARDIAN] Watchdog resucitado con éxito.
[2026-06-04 10:25:01] [GUARDIAN] ALERTA: Daemon guardian modificado externamente
[2026-06-04 10:25:01] [GUARDIAN] *** MODO CUARENTENA ACTIVADO ***
[2026-06-04 10:25:01] [GUARDIAN] ¡ALERTA OUROBOROS! process_watchdog.py ha caído. Resucitándolo de inmediato.
[2026-06-04 10:25:01] [GUARDIAN] Watchdog resucitado con éxito.
[2026-06-04 10:25:31] [GUARDIAN] ALERTA: Daemon guardian modificado externamente
[2026-06-04 10:25:31] [GUARDIAN] *** MODO CUARENTENA ACTIVADO ***
[2026-06-04 10:25:31] [GUARDIAN] ¡ALERTA OUROBOROS! process_watchdog.py ha caído. Resucitándolo de inmediato.
[2026-06-04 10:25:31] [GUARDIAN] Watchdog resucitado con éxito.
[2026-06-04 10:26:01] [GUARDIAN] ALERTA: Daemon guardian modificado externamente
[2026-06-04 10:26:01] [GUARDIAN] *** MODO CUARENTENA ACTIVADO ***
[2026-06-04 10:26:02] [GUARDIAN] ¡ALERTA OUROBOROS! process_watchdog.py ha caído. Resucitándolo de inmediato.
[2026-06-04 10:26:02] [GUARDIAN] Watchdog resucitado con éxito.
[2026-06-04 10:26:32] [GUARDIAN] ALERTA: Daemon guardian modificado externamente
[2026-06-04 10:26:32] [GUARDIAN] *** MODO CUARENTENA ACTIVADO ***
[2026-06-04 10:26:32] [GUARDIAN] ¡ALERTA OUROBOROS! process_watchdog.py ha caído. Resucitándolo de inmediato.
[2026-06-04 10:26:32] [GUARDIAN] Watchdog resucitado con éxito.
[2026-06-04 10:27:02] [GUARDIAN] ALERTA: Daemon guardian modificado externamente
[2026-06-04 10:27:02] [GUARDIAN] *** MODO CUARENTENA ACTIVADO ***
[2026-06-04 10:27:02] [GUARDIAN] ¡ALERTA OUROBOROS! process_watchdog.py ha caído. Resucitándolo de inmediato.
[2026-06-04 10:27:02] [GUARDIAN] Watchdog resucitado con éxito.
[2026-06-04 10:27:32] [GUARDIAN] ALERTA: Daemon guardian modificado externamente
[2026-06-04 10:27:32] [GUARDIAN] *** MODO CUARENTENA ACTIVADO ***
[2026-06-04 10:27:32] [GUARDIAN] ¡ALERTA OUROBOROS! process_watchdog.py ha caído. Resucitándolo de inmediato.
[2026-06-04 10:27:32] [GUARDIAN] Watchdog resucitado con éxito.
[2026-06-04 10:28:02] [GUARDIAN] ALERTA: Daemon guardian modificado externamente
[2026-06-04 10:28:02] [GUARDIAN] *** MODO CUARENTENA ACTIVADO ***
[2026-06-04 10:28:02] [GUARDIAN] ¡ALERTA OUROBOROS! process_watchdog.py ha caído. Resucitándolo de inmediato.
[2026-06-04 10:28:02] [GUARDIAN] Watchdog resucitado con éxito.
[2026-06-04 10:28:32] [GUARDIAN] ALERTA: Daemon guardian modificado externamente
[2026-06-04 10:28:32] [GUARDIAN] *** MODO CUARENTENA ACTIVADO ***
[2026-06-04 10:28:32] [GUARDIAN] ¡ALERTA OUROBOROS! process_watchdog.py ha caído. Resucitándolo de inmediato.
[2026-06-04 10:28:32] [GUARDIAN] Watchdog resucitado con éxito.
[2026-06-04 10:29:02] [GUARDIAN] ALERTA: Daemon guardian modificado externamente
[2026-06-04 10:29:02] [GUARDIAN] *** MODO CUARENTENA ACTIVADO ***
[2026-06-04 10:29:02] [GUARDIAN] ¡ALERTA OUROBOROS! process_watchdog.py ha caído. Resucitándolo de inmediato.
[2026-06-04 10:29:02] [GUARDIAN] Watchdog resucitado con éxito.
[2026-06-04 10:29:32] [GUARDIAN] ALERTA: Daemon guardian modificado externamente
[2026-06-04 10:29:32] [GUARDIAN] *** MODO CUARENTENA ACTIVADO ***
[2026-06-04 10:29:32] [GUARDIAN] ¡ALERTA OUROBOROS! process_watchdog.py ha caído. Resucitándolo de inmediato.
[2026-06-04 10:29:32] [GUARDIAN] Watchdog resucitado con éxito.
[2026-06-04 10:30:02] [GUARDIAN] ALERTA: Daemon guardian modificado externamente
[2026-06-04 10:30:02] [GUARDIAN] *** MODO CUARENTENA ACTIVADO ***
[2026-06-04 10:30:02] [GUARDIAN] ¡ALERTA OUROBOROS! process_watchdog.py ha caído. Resucitándolo de inmediato.
[2026-06-04 10:30:02] [GUARDIAN] Watchdog resucitado con éxito.
[2026-06-04 10:30:32] [GUARDIAN] ALERTA: Daemon guardian modificado externamente
[2026-06-04 10:30:32] [GUARDIAN] *** MODO CUARENTENA ACTIVADO ***
[2026-06-04 10:30:32] [GUARDIAN] ¡ALERTA OUROBOROS! process_watchdog.py ha caído. Resucitándolo de inmediato.
[2026-06-04 10:30:32] [GUARDIAN] Watchdog resucitado con éxito.
[2026-06-04 10:31:02] [GUARDIAN] ALERTA: Daemon guardian modificado externamente
[2026-06-04 10:31:02] [GUARDIAN] *** MODO CUARENTENA ACTIVADO ***
[2026-06-04 10:31:02] [GUARDIAN] ¡ALERTA OUROBOROS! process_watchdog.py ha caído. Resucitándolo de inmediato.
[2026-06-04 10:31:02] [GUARDIAN] Watchdog resucitado con éxito.
[2026-06-04 10:31:32] [GUARDIAN] ALERTA: Daemon guardian modificado externamente
[2026-06-04 10:31:32] [GUARDIAN] *** MODO CUARENTENA ACTIVADO ***
[2026-06-04 10:31:32] [GUARDIAN] ¡ALERTA OUROBOROS! process_watchdog.py ha caído. Resucitándolo de inmediato.
[2026-06-04 10:31:32] [GUARDIAN] Watchdog resucitado con éxito.
[2026-06-04 10:32:02] [GUARDIAN] ALERTA: Daemon guardian modificado externamente
[2026-06-04 10:32:02] [GUARDIAN] *** MODO CUARENTENA ACTIVADO ***
[2026-06-04 10:32:02] [GUARDIAN] ¡ALERTA OUROBOROS! process_watchdog.py ha caído. Resucitándolo de inmediato.
[2026-06-04 10:32:02] [GUARDIAN] Watchdog resucitado con éxito.
[2026-06-04 10:32:32] [GUARDIAN] ALERTA: Daemon guardian modificado externamente
[2026-06-04 10:32:32] [GUARDIAN] *** MODO CUARENTENA ACTIVADO ***
[2026-06-04 10:32:32] [GUARDIAN] ¡ALERTA OUROBOROS! process_watchdog.py ha caído. Resucitándolo de inmediato.
[2026-06-04 10:32:32] [GUARDIAN] Watchdog resucitado con éxito.
[2026-06-04 10:33:02] [GUARDIAN] ALERTA: Daemon guardian modificado externamente
[2026-06-04 10:33:02] [GUARDIAN] *** MODO CUARENTENA ACTIVADO ***
[2026-06-04 10:33:02] [GUARDIAN] ¡ALERTA OUROBOROS! process_watchdog.py ha caído. Resucitándolo de inmediato.
[2026-06-04 10:33:02] [GUARDIAN] Watchdog resucitado con éxito.
[2026-06-04 10:33:32] [GUARDIAN] ALERTA: Daemon guardian modificado externamente
[2026-06-04 10:33:32] [GUARDIAN] *** MODO CUARENTENA ACTIVADO ***
[2026-06-04 10:33:32] [GUARDIAN] ¡ALERTA OUROBOROS! process_watchdog.py ha caído. Resucitándolo de inmediato.
[2026-06-04 10:33:32] [GUARDIAN] Watchdog resucitado con éxito.
[2026-06-04 10:34:02] [GUARDIAN] ALERTA: Daemon guardian modificado externamente
[2026-06-04 10:34:02] [GUARDIAN] *** MODO CUARENTENA ACTIVADO ***
[2026-06-04 10:34:02] [GUARDIAN] ¡ALERTA OUROBOROS! process_watchdog.py ha caído. Resucitándolo de inmediato.
[2026-06-04 10:34:02] [GUARDIAN] Watchdog resucitado con éxito.
[2026-06-04 10:34:32] [GUARDIAN] ALERTA: Daemon guardian modificado externamente
[2026-06-04 10:34:32] [GUARDIAN] *** MODO CUARENTENA ACTIVADO ***
[2026-06-04 10:34:32] [GUARDIAN] ¡ALERTA OUROBOROS! process_watchdog.py ha caído. Resucitándolo de inmediato.
[2026-06-04 10:34:32] [GUARDIAN] Watchdog resucitado con éxito.
[2026-06-04 10:35:02] [GUARDIAN] ALERTA: Daemon guardian modificado externamente
[2026-06-04 10:35:02] [GUARDIAN] *** MODO CUARENTENA ACTIVADO ***
[2026-06-04 10:35:02] [GUARDIAN] ¡ALERTA OUROBOROS! process_watchdog.py ha caído. Resucitándolo de inmediato.
[2026-06-04 10:35:02] [GUARDIAN] Watchdog resucitado con éxito.
[2026-06-04 10:35:32] [GUARDIAN] ALERTA: Daemon guardian modificado externamente
[2026-06-04 10:35:32] [GUARDIAN] *** MODO CUARENTENA ACTIVADO ***
[2026-06-04 10:35:32] [GUARDIAN] ¡ALERTA OUROBOROS! process_watchdog.py ha caído. Resucitándolo de inmediato.
[2026-06-04 10:35:32] [GUARDIAN] Watchdog resucitado con éxito.
[2026-06-04 10:36:02] [GUARDIAN] ALERTA: Daemon guardian modificado externamente
[2026-06-04 10:36:02] [GUARDIAN] *** MODO CUARENTENA ACTIVADO ***
[2026-06-04 10:36:02] [GUARDIAN] ¡ALERTA OUROBOROS! process_watchdog.py ha caído. Resucitándolo de inmediato.
[2026-06-04 10:36:02] [GUARDIAN] Watchdog resucitado con éxito.
[2026-06-04 10:36:32] [GUARDIAN] ALERTA: Daemon guardian modificado externamente
[2026-06-04 10:36:32] [GUARDIAN] *** MODO CUARENTENA ACTIVADO ***
[2026-06-04 10:36:33] [GUARDIAN] ¡ALERTA OUROBOROS! process_watchdog.py ha caído. Resucitándolo de inmediato.
[2026-06-04 10:36:33] [GUARDIAN] Watchdog resucitado con éxito.
[2026-06-04 10:37:03] [GUARDIAN] ALERTA: Daemon guardian modificado externamente
[2026-06-04 10:37:03] [GUARDIAN] *** MODO CUARENTENA ACTIVADO ***
[2026-06-04 10:37:03] [GUARDIAN] ¡ALERTA OUROBOROS! process_watchdog.py ha caído. Resucitándolo de inmediato.
[2026-06-04 10:37:03] [GUARDIAN] Watchdog resucitado con éxito.
[2026-06-04 10:37:33] [GUARDIAN] ALERTA: Daemon guardian modificado externamente
[2026-06-04 10:37:33] [GUARDIAN] *** MODO CUARENTENA ACTIVADO ***
[2026-06-04 10:37:33] [GUARDIAN] ¡ALERTA OUROBOROS! process_watchdog.py ha caído. Resucitándolo de inmediato.
[2026-06-04 10:37:33] [GUARDIAN] Watchdog resucitado con éxito.
[2026-06-04 10:38:03] [GUARDIAN] ALERTA: Daemon guardian modificado externamente
[2026-06-04 10:38:03] [GUARDIAN] *** MODO CUARENTENA ACTIVADO ***
[2026-06-04 10:38:03] [GUARDIAN] ¡ALERTA OUROBOROS! process_watchdog.py ha caído. Resucitándolo de inmediato.
[2026-06-04 10:38:03] [GUARDIAN] Watchdog resucitado con éxito.
[2026-06-04 10:38:33] [GUARDIAN] ALERTA: Daemon guardian modificado externamente
[2026-06-04 10:38:33] [GUARDIAN] *** MODO CUARENTENA ACTIVADO ***
[2026-06-04 10:38:33] [GUARDIAN] ¡ALERTA OUROBOROS! process_watchdog.py ha caído. Resucitándolo de inmediato.
[2026-06-04 10:38:33] [GUARDIAN] Watchdog resucitado con éxito.
[2026-06-04 10:39:03] [GUARDIAN] ALERTA: Daemon guardian modificado externamente
[2026-06-04 10:39:03] [GUARDIAN] *** MODO CUARENTENA ACTIVADO ***
[2026-06-04 10:39:03] [GUARDIAN] ¡ALERTA OUROBOROS! process_watchdog.py ha caído. Resucitándolo de inmediato.
[2026-06-04 10:39:03] [GUARDIAN] Watchdog resucitado con éxito.
[2026-06-04 10:39:33] [GUARDIAN] ALERTA: Daemon guardian modificado externamente
[2026-06-04 10:39:33] [GUARDIAN] *** MODO CUARENTENA ACTIVADO ***
[2026-06-04 10:39:33] [GUARDIAN] ¡ALERTA OUROBOROS! process_watchdog.py ha caído. Resucitándolo de inmediato.
[2026-06-04 10:39:33] [GUARDIAN] Watchdog resucitado con éxito.
[2026-06-04 10:40:03] [GUARDIAN] ALERTA: Daemon guardian modificado externamente
[2026-06-04 10:40:03] [GUARDIAN] *** MODO CUARENTENA ACTIVADO ***
[2026-06-04 10:40:03] [GUARDIAN] ¡ALERTA OUROBOROS! process_watchdog.py ha caído. Resucitándolo de inmediato.
[2026-06-04 10:40:03] [GUARDIAN] Watchdog resucitado con éxito.
[2026-06-04 10:40:33] [GUARDIAN] ALERTA: Daemon guardian modificado externamente
[2026-06-04 10:40:33] [GUARDIAN] *** MODO CUARENTENA ACTIVADO ***
[2026-06-04 10:40:33] [GUARDIAN] ¡ALERTA OUROBOROS! process_watchdog.py ha caído. Resucitándolo de inmediato.
[2026-06-04 10:40:33] [GUARDIAN] Watchdog resucitado con éxito.
[2026-06-04 10:41:03] [GUARDIAN] ALERTA: Daemon guardian modificado externamente
[2026-06-04 10:41:03] [GUARDIAN] *** MODO CUARENTENA ACTIVADO ***
[2026-06-04 10:41:03] [GUARDIAN] ¡ALERTA OUROBOROS! process_watchdog.py ha caído. Resucitándolo de inmediato.
[2026-06-04 10:41:03] [GUARDIAN] Watchdog resucitado con éxito.
[2026-06-04 10:41:33] [GUARDIAN] ALERTA: Daemon guardian modificado externamente
[2026-06-04 10:41:33] [GUARDIAN] *** MODO CUARENTENA ACTIVADO ***
[2026-06-04 10:41:33] [GUARDIAN] ¡ALERTA OUROBOROS! process_watchdog.py ha caído. Resucitándolo de inmediato.
[2026-06-04 10:41:33] [GUARDIAN] Watchdog resucitado con éxito.
[2026-06-04 10:42:03] [GUARDIAN] ALERTA: Daemon guardian modificado externamente
[2026-06-04 10:42:03] [GUARDIAN] *** MODO CUARENTENA ACTIVADO ***
[2026-06-04 10:42:03] [GUARDIAN] ¡ALERTA OUROBOROS! process_watchdog.py ha caído. Resucitándolo de inmediato.
[2026-06-04 10:42:03] [GUARDIAN] Watchdog resucitado con éxito.
[2026-06-04 10:42:33] [GUARDIAN] ALERTA: Daemon guardian modificado externamente
[2026-06-04 10:42:33] [GUARDIAN] *** MODO CUARENTENA ACTIVADO ***
[2026-06-04 10:42:33] [GUARDIAN] ¡ALERTA OUROBOROS! process_watchdog.py ha caído. Resucitándolo de inmediato.
[2026-06-04 10:42:33] [GUARDIAN] Watchdog resucitado con éxito.
[2026-06-04 10:43:03] [GUARDIAN] ALERTA: Daemon guardian modificado externamente
[2026-06-04 10:43:03] [GUARDIAN] *** MODO CUARENTENA ACTIVADO ***
[2026-06-04 10:43:03] [GUARDIAN] ¡ALERTA OUROBOROS! process_watchdog.py ha caído. Resucitándolo de inmediato.
[2026-06-04 10:43:03] [GUARDIAN] Watchdog resucitado con éxito.
[2026-06-04 10:43:33] [GUARDIAN] ALERTA: Daemon guardian modificado externamente
[2026-06-04 10:43:33] [GUARDIAN] *** MODO CUARENTENA ACTIVADO ***
[2026-06-04 10:43:33] [GUARDIAN] ¡ALERTA OUROBOROS! process_watchdog.py ha caído. Resucitándolo de inmediato.
[2026-06-04 10:43:33] [GUARDIAN] Watchdog resucitado con éxito.
[2026-06-04 10:44:03] [GUARDIAN] ALERTA: Daemon guardian modificado externamente
[2026-06-04 10:44:03] [GUARDIAN] *** MODO CUARENTENA ACTIVADO ***
[2026-06-04 10:44:03] [GUARDIAN] ¡ALERTA OUROBOROS! process_watchdog.py ha caído. Resucitándolo de inmediato.
[2026-06-04 10:44:03] [GUARDIAN] Watchdog resucitado con éxito.
[2026-06-04 10:44:33] [GUARDIAN] ALERTA: Daemon guardian modificado externamente
[2026-06-04 10:44:33] [GUARDIAN] *** MODO CUARENTENA ACTIVADO ***
[2026-06-04 10:44:33] [GUARDIAN] ¡ALERTA OUROBOROS! process_watchdog.py ha caído. Resucitándolo de inmediato.
[2026-06-04 10:44:33] [GUARDIAN] Watchdog resucitado con éxito.
[2026-06-04 10:45:03] [GUARDIAN] ALERTA: Daemon guardian modificado externamente
[2026-06-04 10:45:03] [GUARDIAN] *** MODO CUARENTENA ACTIVADO ***
[2026-06-04 10:45:03] [GUARDIAN] ¡ALERTA OUROBOROS! process_watchdog.py ha caído. Resucitándolo de inmediato.
[2026-06-04 10:45:03] [GUARDIAN] Watchdog resucitado con éxito.
[2026-06-04 10:45:33] [GUARDIAN] ALERTA: Daemon guardian modificado externamente
[2026-06-04 10:45:33] [GUARDIAN] *** MODO CUARENTENA ACTIVADO ***
[2026-06-04 10:45:33] [GUARDIAN] ¡ALERTA OUROBOROS! process_watchdog.py ha caído. Resucitándolo de inmediato.
[2026-06-04 10:45:33] [GUARDIAN] Watchdog resucitado con éxito.
[2026-06-04 10:46:03] [GUARDIAN] ALERTA: Daemon guardian modificado externamente
[2026-06-04 10:46:03] [GUARDIAN] *** MODO CUARENTENA ACTIVADO ***
[2026-06-04 10:46:03] [GUARDIAN] ¡ALERTA OUROBOROS! process_watchdog.py ha caído. Resucitándolo de inmediato.
[2026-06-04 10:46:03] [GUARDIAN] Watchdog resucitado con éxito.
[2026-06-04 10:46:33] [GUARDIAN] ALERTA: Daemon guardian modificado externamente
[2026-06-04 10:46:33] [GUARDIAN] *** MODO CUARENTENA ACTIVADO ***
[2026-06-04 10:46:33] [GUARDIAN] ¡ALERTA OUROBOROS! process_watchdog.py ha caído. Resucitándolo de inmediato.
[2026-06-04 10:46:33] [GUARDIAN] Watchdog resucitado con éxito.
[2026-06-04 10:47:03] [GUARDIAN] ALERTA: Daemon guardian modificado externamente
[2026-06-04 10:47:03] [GUARDIAN] *** MODO CUARENTENA ACTIVADO ***
[2026-06-04 10:47:04] [GUARDIAN] ¡ALERTA OUROBOROS! process_watchdog.py ha caído. Resucitándolo de inmediato.
[2026-06-04 10:47:04] [GUARDIAN] Watchdog resucitado con éxito.
[2026-06-04 10:47:34] [GUARDIAN] ALERTA: Daemon guardian modificado externamente
[2026-06-04 10:47:34] [GUARDIAN] *** MODO CUARENTENA ACTIVADO ***
[2026-06-04 10:47:34] [GUARDIAN] ¡ALERTA OUROBOROS! process_watchdog.py ha caído. Resucitándolo de inmediato.
[2026-06-04 10:47:34] [GUARDIAN] Watchdog resucitado con éxito.
[2026-06-04 10:48:04] [GUARDIAN] ALERTA: Daemon guardian modificado externamente
[2026-06-04 10:48:04] [GUARDIAN] *** MODO CUARENTENA ACTIVADO ***
[2026-06-04 10:48:04] [GUARDIAN] ¡ALERTA OUROBOROS! process_watchdog.py ha caído. Resucitándolo de inmediato.
[2026-06-04 10:48:04] [GUARDIAN] Watchdog resucitado con éxito.
[2026-06-04 10:48:34] [GUARDIAN] ALERTA: Daemon guardian modificado externamente
[2026-06-04 10:48:34] [GUARDIAN] *** MODO CUARENTENA ACTIVADO ***
[2026-06-04 10:48:34] [GUARDIAN] ¡ALERTA OUROBOROS! process_watchdog.py ha caído. Resucitándolo de inmediato.
[2026-06-04 10:48:34] [GUARDIAN] Watchdog resucitado con éxito.
[2026-06-04 10:49:04] [GUARDIAN] ALERTA: Daemon guardian modificado externamente
[2026-06-04 10:49:04] [GUARDIAN] *** MODO CUARENTENA ACTIVADO ***
[2026-06-04 10:49:04] [GUARDIAN] ¡ALERTA OUROBOROS! process_watchdog.py ha caído. Resucitándolo de inmediato.
[2026-06-04 10:49:04] [GUARDIAN] Watchdog resucitado con éxito.
[2026-06-04 10:49:34] [GUARDIAN] ALERTA: Daemon guardian modificado externamente
[2026-06-04 10:49:34] [GUARDIAN] *** MODO CUARENTENA ACTIVADO ***
[2026-06-04 10:49:34] [GUARDIAN] ¡ALERTA OUROBOROS! process_watchdog.py ha caído. Resucitándolo de inmediato.
[2026-06-04 10:49:34] [GUARDIAN] Watchdog resucitado con éxito.
[2026-06-04 10:50:04] [GUARDIAN] ALERTA: Daemon guardian modificado externamente
[2026-06-04 10:50:04] [GUARDIAN] *** MODO CUARENTENA ACTIVADO ***
[2026-06-04 10:50:04] [GUARDIAN] ¡ALERTA OUROBOROS! process_watchdog.py ha caído. Resucitándolo de inmediato.
[2026-06-04 10:50:04] [GUARDIAN] Watchdog resucitado con éxito.
[2026-06-04 10:50:34] [GUARDIAN] ALERTA: Daemon guardian modificado externamente
[2026-06-04 10:50:34] [GUARDIAN] *** MODO CUARENTENA ACTIVADO ***
[2026-06-04 10:50:34] [GUARDIAN] ¡ALERTA OUROBOROS! process_watchdog.py ha caído. Resucitándolo de inmediato.
[2026-06-04 10:50:34] [GUARDIAN] Watchdog resucitado con éxito.
[2026-06-04 10:51:04] [GUARDIAN] ALERTA: Daemon guardian modificado externamente
[2026-06-04 10:51:04] [GUARDIAN] *** MODO CUARENTENA ACTIVADO ***
[2026-06-04 10:51:04] [GUARDIAN] ¡ALERTA OUROBOROS! process_watchdog.py ha caído. Resucitándolo de inmediato.
[2026-06-04 10:51:04] [GUARDIAN] Watchdog resucitado con éxito.
[2026-06-04 10:51:34] [GUARDIAN] ALERTA: Daemon guardian modificado externamente
[2026-06-04 10:51:34] [GUARDIAN] *** MODO CUARENTENA ACTIVADO ***
[2026-06-04 10:51:34] [GUARDIAN] ¡ALERTA OUROBOROS! process_watchdog.py ha caído. Resucitándolo de inmediato.
[2026-06-04 10:51:34] [GUARDIAN] Watchdog resucitado con éxito.
[2026-06-04 10:52:04] [GUARDIAN] ALERTA: Daemon guardian modificado externamente
[2026-06-04 10:52:04] [GUARDIAN] *** MODO CUARENTENA ACTIVADO ***
[2026-06-04 10:52:04] [GUARDIAN] ¡ALERTA OUROBOROS! process_watchdog.py ha caído. Resucitándolo de inmediato.
[2026-06-04 10:52:04] [GUARDIAN] Watchdog resucitado con éxito.
[2026-06-04 10:52:34] [GUARDIAN] ALERTA: Daemon guardian modificado externamente
[2026-06-04 10:52:34] [GUARDIAN] *** MODO CUARENTENA ACTIVADO ***
[2026-06-04 10:52:34] [GUARDIAN] ¡ALERTA OUROBOROS! process_watchdog.py ha caído. Resucitándolo de inmediato.
[2026-06-04 10:52:34] [GUARDIAN] Watchdog resucitado con éxito.
[2026-06-04 10:53:04] [GUARDIAN] ALERTA: Daemon guardian modificado externamente
[2026-06-04 10:53:04] [GUARDIAN] *** MODO CUARENTENA ACTIVADO ***
[2026-06-04 10:53:04] [GUARDIAN] ¡ALERTA OUROBOROS! process_watchdog.py ha caído. Resucitándolo de inmediato.
[2026-06-04 10:53:04] [GUARDIAN] Watchdog resucitado con éxito.
[2026-06-04 10:53:34] [GUARDIAN] ALERTA: Daemon guardian modificado externamente
[2026-06-04 10:53:34] [GUARDIAN] *** MODO CUARENTENA ACTIVADO ***
[2026-06-04 10:53:34] [GUARDIAN] ¡ALERTA OUROBOROS! process_watchdog.py ha caído. Resucitándolo de inmediato.
[2026-06-04 10:53:34] [GUARDIAN] Watchdog resucitado con éxito.
[2026-06-04 10:54:04] [GUARDIAN] ALERTA: Daemon guardian modificado externamente
[2026-06-04 10:54:04] [GUARDIAN] *** MODO CUARENTENA ACTIVADO ***
[2026-06-04 10:54:04] [GUARDIAN] ¡ALERTA OUROBOROS! process_watchdog.py ha caído. Resucitándolo de inmediato.
[2026-06-04 10:54:04] [GUARDIAN] Watchdog resucitado con éxito.
[2026-06-04 10:54:34] [GUARDIAN] ALERTA: Daemon guardian modificado externamente
[2026-06-04 10:54:34] [GUARDIAN] *** MODO CUARENTENA ACTIVADO ***
[2026-06-04 10:54:34] [GUARDIAN] ¡ALERTA OUROBOROS! process_watchdog.py ha caído. Resucitándolo de inmediato.
[2026-06-04 10:54:34] [GUARDIAN] Watchdog resucitado con éxito.
[2026-06-04 10:55:04] [GUARDIAN] ALERTA: Daemon guardian modificado externamente
[2026-06-04 10:55:04] [GUARDIAN] *** MODO CUARENTENA ACTIVADO ***
[2026-06-04 10:55:04] [GUARDIAN] ¡ALERTA OUROBOROS! process_watchdog.py ha caído. Resucitándolo de inmediato.
[2026-06-04 10:55:04] [GUARDIAN] Watchdog resucitado con éxito.
[2026-06-04 10:55:34] [GUARDIAN] ALERTA: Daemon guardian modificado externamente
[2026-06-04 10:55:34] [GUARDIAN] *** MODO CUARENTENA ACTIVADO ***
[2026-06-04 10:55:34] [GUARDIAN] ¡ALERTA OUROBOROS! process_watchdog.py ha caído. Resucitándolo de inmediato.
[2026-06-04 10:55:34] [GUARDIAN] Watchdog resucitado con éxito.
[2026-06-04 10:56:04] [GUARDIAN] ALERTA: Daemon guardian modificado externamente
[2026-06-04 10:56:04] [GUARDIAN] *** MODO CUARENTENA ACTIVADO ***
[2026-06-04 10:56:04] [GUARDIAN] ¡ALERTA OUROBOROS! process_watchdog.py ha caído. Resucitándolo de inmediato.
[2026-06-04 10:56:04] [GUARDIAN] Watchdog resucitado con éxito.
[2026-06-04 10:56:34] [GUARDIAN] ALERTA: Daemon guardian modificado externamente
[2026-06-04 10:56:34] [GUARDIAN] *** MODO CUARENTENA ACTIVADO ***
[2026-06-04 10:56:34] [GUARDIAN] ¡ALERTA OUROBOROS! process_watchdog.py ha caído. Resucitándolo de inmediato.
[2026-06-04 10:56:34] [GUARDIAN] Watchdog resucitado con éxito.
[2026-06-04 10:57:04] [GUARDIAN] ALERTA: Daemon guardian modificado externamente
[2026-06-04 10:57:04] [GUARDIAN] *** MODO CUARENTENA ACTIVADO ***
[2026-06-04 10:57:05] [GUARDIAN] ¡ALERTA OUROBOROS! process_watchdog.py ha caído. Resucitándolo de inmediato.
[2026-06-04 10:57:05] [GUARDIAN] Watchdog resucitado con éxito.
[2026-06-04 10:57:35] [GUARDIAN] ALERTA: Daemon guardian modificado externamente
[2026-06-04 10:57:35] [GUARDIAN] *** MODO CUARENTENA ACTIVADO ***
[2026-06-04 10:57:35] [GUARDIAN] ¡ALERTA OUROBOROS! process_watchdog.py ha caído. Resucitándolo de inmediato.
[2026-06-04 10:57:35] [GUARDIAN] Watchdog resucitado con éxito.
[2026-06-04 10:58:05] [GUARDIAN] ALERTA: Daemon guardian modificado externamente
[2026-06-04 10:58:05] [GUARDIAN] *** MODO CUARENTENA ACTIVADO ***
[2026-06-04 10:58:05] [GUARDIAN] ¡ALERTA OUROBOROS! process_watchdog.py ha caído. Resucitándolo de inmediato.
[2026-06-04 10:58:05] [GUARDIAN] Watchdog resucitado con éxito.
[2026-06-04 10:58:35] [GUARDIAN] ALERTA: Daemon guardian modificado externamente
[2026-06-04 10:58:35] [GUARDIAN] *** MODO CUARENTENA ACTIVADO ***
[2026-06-04 10:58:35] [GUARDIAN] ¡ALERTA OUROBOROS! process_watchdog.py ha caído. Resucitándolo de inmediato.
[2026-06-04 10:58:35] [GUARDIAN] Watchdog resucitado con éxito.
[2026-06-04 10:59:05] [GUARDIAN] ALERTA: Daemon guardian modificado externamente
[2026-06-04 10:59:05] [GUARDIAN] *** MODO CUARENTENA ACTIVADO ***
[2026-06-04 10:59:05] [GUARDIAN] ¡ALERTA OUROBOROS! process_watchdog.py ha caído. Resucitándolo de inmediato.
[2026-06-04 10:59:05] [GUARDIAN] Watchdog resucitado con éxito.
[2026-06-04 10:59:35] [GUARDIAN] ALERTA: Daemon guardian modificado externamente
[2026-06-04 10:59:35] [GUARDIAN] *** MODO CUARENTENA ACTIVADO ***
[2026-06-04 10:59:35] [GUARDIAN] ¡ALERTA OUROBOROS! process_watchdog.py ha caído. Resucitándolo de inmediato.
[2026-06-04 10:59:35] [GUARDIAN] Watchdog resucitado con éxito.
[2026-06-04 11:00:05] [GUARDIAN] ALERTA: Daemon guardian modificado externamente
[2026-06-04 11:00:05] [GUARDIAN] *** MODO CUARENTENA ACTIVADO ***
[2026-06-04 11:00:05] [GUARDIAN] ¡ALERTA OUROBOROS! process_watchdog.py ha caído. Resucitándolo de inmediato.
[2026-06-04 11:00:05] [GUARDIAN] Watchdog resucitado con éxito.
[2026-06-04 11:00:35] [GUARDIAN] ALERTA: Daemon guardian modificado externamente
[2026-06-04 11:00:35] [GUARDIAN] *** MODO CUARENTENA ACTIVADO ***
[2026-06-04 11:00:35] [GUARDIAN] ¡ALERTA OUROBOROS! process_watchdog.py ha caído. Resucitándolo de inmediato.
[2026-06-04 11:00:35] [GUARDIAN] Watchdog resucitado con éxito.
[2026-06-04 11:01:05] [GUARDIAN] ALERTA: Daemon guardian modificado externamente
[2026-06-04 11:01:05] [GUARDIAN] *** MODO CUARENTENA ACTIVADO ***
[2026-06-04 11:01:05] [GUARDIAN] ¡ALERTA OUROBOROS! process_watchdog.py ha caído. Resucitándolo de inmediato.
[2026-06-04 11:01:05] [GUARDIAN] Watchdog resucitado con éxito.
[2026-06-04 11:01:35] [GUARDIAN] ALERTA: Daemon guardian modificado externamente
[2026-06-04 11:01:35] [GUARDIAN] *** MODO CUARENTENA ACTIVADO ***
[2026-06-04 11:01:35] [GUARDIAN] ¡ALERTA OUROBOROS! process_watchdog.py ha caído. Resucitándolo de inmediato.
[2026-06-04 11:01:35] [GUARDIAN] Watchdog resucitado con éxito.
[2026-06-04 11:02:05] [GUARDIAN] ALERTA: Daemon guardian modificado externamente
[2026-06-04 11:02:05] [GUARDIAN] *** MODO CUARENTENA ACTIVADO ***
[2026-06-04 11:02:05] [GUARDIAN] ¡ALERTA OUROBOROS! process_watchdog.py ha caído. Resucitándolo de inmediato.
[2026-06-04 11:02:05] [GUARDIAN] Watchdog resucitado con éxito.
[2026-06-04 11:02:35] [GUARDIAN] ALERTA: Daemon guardian modificado externamente
[2026-06-04 11:02:35] [GUARDIAN] *** MODO CUARENTENA ACTIVADO ***
[2026-06-04 11:02:35] [GUARDIAN] ¡ALERTA OUROBOROS! process_watchdog.py ha caído. Resucitándolo de inmediato.
[2026-06-04 11:02:35] [GUARDIAN] Watchdog resucitado con éxito.
[2026-06-04 11:03:05] [GUARDIAN] ALERTA: Daemon guardian modificado externamente
[2026-06-04 11:03:05] [GUARDIAN] *** MODO CUARENTENA ACTIVADO ***
[2026-06-04 11:03:05] [GUARDIAN] ¡ALERTA OUROBOROS! process_watchdog.py ha caído. Resucitándolo de inmediato.
[2026-06-04 11:03:05] [GUARDIAN] Watchdog resucitado con éxito.
[2026-06-04 11:03:35] [GUARDIAN] ALERTA: Daemon guardian modificado externamente
[2026-06-04 11:03:35] [GUARDIAN] *** MODO CUARENTENA ACTIVADO ***
[2026-06-04 11:03:35] [GUARDIAN] ¡ALERTA OUROBOROS! process_watchdog.py ha caído. Resucitándolo de inmediato.
[2026-06-04 11:03:35] [GUARDIAN] Watchdog resucitado con éxito.
[2026-06-04 11:04:05] [GUARDIAN] ALERTA: Daemon guardian modificado externamente
[2026-06-04 11:04:05] [GUARDIAN] *** MODO CUARENTENA ACTIVADO ***
[2026-06-04 11:04:05] [GUARDIAN] ¡ALERTA OUROBOROS! process_watchdog.py ha caído. Resucitándolo de inmediato.
[2026-06-04 11:04:05] [GUARDIAN] Watchdog resucitado con éxito.
[2026-06-04 11:04:35] [GUARDIAN] ALERTA: Daemon guardian modificado externamente
[2026-06-04 11:04:35] [GUARDIAN] *** MODO CUARENTENA ACTIVADO ***
[2026-06-04 11:04:35] [GUARDIAN] ¡ALERTA OUROBOROS! process_watchdog.py ha caído. Resucitándolo de inmediato.
[2026-06-04 11:04:35] [GUARDIAN] Watchdog resucitado con éxito.
[2026-06-04 11:05:05] [GUARDIAN] ALERTA: Daemon guardian modificado externamente
[2026-06-04 11:05:05] [GUARDIAN] *** MODO CUARENTENA ACTIVADO ***
[2026-06-04 11:05:05] [GUARDIAN] ¡ALERTA OUROBOROS! process_watchdog.py ha caído. Resucitándolo de inmediato.
[2026-06-04 11:05:05] [GUARDIAN] Watchdog resucitado con éxito.
[2026-06-04 11:05:35] [GUARDIAN] ALERTA: Daemon guardian modificado externamente
[2026-06-04 11:05:35] [GUARDIAN] *** MODO CUARENTENA ACTIVADO ***
[2026-06-04 11:05:35] [GUARDIAN] ¡ALERTA OUROBOROS! process_watchdog.py ha caído. Resucitándolo de inmediato.
[2026-06-04 11:05:35] [GUARDIAN] Watchdog resucitado con éxito.
[2026-06-04 11:06:05] [GUARDIAN] ALERTA: Daemon guardian modificado externamente
[2026-06-04 11:06:05] [GUARDIAN] *** MODO CUARENTENA ACTIVADO ***
[2026-06-04 11:06:05] [GUARDIAN] ¡ALERTA OUROBOROS! process_watchdog.py ha caído. Resucitándolo de inmediato.
[2026-06-04 11:06:05] [GUARDIAN] Watchdog resucitado con éxito.
[2026-06-04 11:06:35] [GUARDIAN] ALERTA: Daemon guardian modificado externamente
[2026-06-04 11:06:35] [GUARDIAN] *** MODO CUARENTENA ACTIVADO ***
[2026-06-04 11:06:35] [GUARDIAN] ¡ALERTA OUROBOROS! process_watchdog.py ha caído. Resucitándolo de inmediato.
[2026-06-04 11:06:35] [GUARDIAN] Watchdog resucitado con éxito.
[2026-06-04 11:07:05] [GUARDIAN] ALERTA: Daemon guardian modificado externamente
[2026-06-04 11:07:05] [GUARDIAN] *** MODO CUARENTENA ACTIVADO ***
[2026-06-04 11:07:05] [GUARDIAN] ¡ALERTA OUROBOROS! process_watchdog.py ha caído. Resucitándolo de inmediato.
[2026-06-04 11:07:05] [GUARDIAN] Watchdog resucitado con éxito.
[2026-06-04 11:07:35] [GUARDIAN] ALERTA: Daemon guardian modificado externamente
[2026-06-04 11:07:35] [GUARDIAN] *** MODO CUARENTENA ACTIVADO ***
[2026-06-04 11:07:36] [GUARDIAN] ¡ALERTA OUROBOROS! process_watchdog.py ha caído. Resucitándolo de inmediato.
[2026-06-04 11:07:36] [GUARDIAN] Watchdog resucitado con éxito.
[2026-06-04 11:08:06] [GUARDIAN] ALERTA: Daemon guardian modificado externamente
[2026-06-04 11:08:06] [GUARDIAN] *** MODO CUARENTENA ACTIVADO ***
[2026-06-04 11:08:06] [GUARDIAN] ¡ALERTA OUROBOROS! process_watchdog.py ha caído. Resucitándolo de inmediato.
[2026-06-04 11:08:06] [GUARDIAN] Watchdog resucitado con éxito.
[2026-06-04 11:08:36] [GUARDIAN] ALERTA: Daemon guardian modificado externamente
[2026-06-04 11:08:36] [GUARDIAN] *** MODO CUARENTENA ACTIVADO ***
[2026-06-04 11:08:36] [GUARDIAN] ¡ALERTA OUROBOROS! process_watchdog.py ha caído. Resucitándolo de inmediato.
[2026-06-04 11:08:36] [GUARDIAN] Watchdog resucitado con éxito.
[2026-06-04 11:09:06] [GUARDIAN] ALERTA: Daemon guardian modificado externamente
[2026-06-04 11:09:06] [GUARDIAN] *** MODO CUARENTENA ACTIVADO ***
[2026-06-04 11:09:06] [GUARDIAN] ¡ALERTA OUROBOROS! process_watchdog.py ha caído. Resucitándolo de inmediato.
[2026-06-04 11:09:06] [GUARDIAN] Watchdog resucitado con éxito.
[2026-06-04 11:09:36] [GUARDIAN] ALERTA: Daemon guardian modificado externamente
[2026-06-04 11:09:36] [GUARDIAN] *** MODO CUARENTENA ACTIVADO ***
[2026-06-04 11:09:36] [GUARDIAN] ¡ALERTA OUROBOROS! process_watchdog.py ha caído. Resucitándolo de inmediato.
[2026-06-04 11:09:36] [GUARDIAN] Watchdog resucitado con éxito.
[2026-06-04 11:10:06] [GUARDIAN] ALERTA: Daemon guardian modificado externamente
[2026-06-04 11:10:06] [GUARDIAN] *** MODO CUARENTENA ACTIVADO ***
[2026-06-04 11:10:06] [GUARDIAN] ¡ALERTA OUROBOROS! process_watchdog.py ha caído. Resucitándolo de inmediato.
[2026-06-04 11:10:06] [GUARDIAN] Watchdog resucitado con éxito.
[2026-06-04 11:10:36] [GUARDIAN] ALERTA: Daemon guardian modificado externamente
[2026-06-04 11:10:36] [GUARDIAN] *** MODO CUARENTENA ACTIVADO ***
[2026-06-04 11:10:36] [GUARDIAN] ¡ALERTA OUROBOROS! process_watchdog.py ha caído. Resucitándolo de inmediato.
[2026-06-04 11:10:36] [GUARDIAN] Watchdog resucitado con éxito.
[2026-06-04 11:11:06] [GUARDIAN] ALERTA: Daemon guardian modificado externamente
[2026-06-04 11:11:06] [GUARDIAN] *** MODO CUARENTENA ACTIVADO ***
[2026-06-04 11:11:06] [GUARDIAN] ¡ALERTA OUROBOROS! process_watchdog.py ha caído. Resucitándolo de inmediato.
[2026-06-04 11:11:06] [GUARDIAN] Watchdog resucitado con éxito.
[2026-06-04 11:11:36] [GUARDIAN] ALERTA: Daemon guardian modificado externamente
[2026-06-04 11:11:36] [GUARDIAN] *** MODO CUARENTENA ACTIVADO ***
[2026-06-04 11:11:36] [GUARDIAN] ¡ALERTA OUROBOROS! process_watchdog.py ha caído. Resucitándolo de inmediato.
[2026-06-04 11:11:36] [GUARDIAN] Watchdog resucitado con éxito.
[2026-06-04 11:12:06] [GUARDIAN] ALERTA: Daemon guardian modificado externamente
[2026-06-04 11:12:06] [GUARDIAN] *** MODO CUARENTENA ACTIVADO ***
[2026-06-04 11:12:06] [GUARDIAN] ¡ALERTA OUROBOROS! process_watchdog.py ha caído. Resucitándolo de inmediato.
[2026-06-04 11:12:06] [GUARDIAN] Watchdog resucitado con éxito.
[2026-06-04 11:12:36] [GUARDIAN] ALERTA: Daemon guardian modificado externamente
[2026-06-04 11:12:36] [GUARDIAN] *** MODO CUARENTENA ACTIVADO ***
[2026-06-04 11:12:36] [GUARDIAN] ¡ALERTA OUROBOROS! process_watchdog.py ha caído. Resucitándolo de inmediato.
[2026-06-04 11:12:36] [GUARDIAN] Watchdog resucitado con éxito.
[2026-06-04 11:13:06] [GUARDIAN] ALERTA: Daemon guardian modificado externamente
[2026-06-04 11:13:06] [GUARDIAN] *** MODO CUARENTENA ACTIVADO ***
[2026-06-04 11:13:06] [GUARDIAN] ¡ALERTA OUROBOROS! process_watchdog.py ha caído. Resucitándolo de inmediato.
[2026-06-04 11:13:06] [GUARDIAN] Watchdog resucitado con éxito.
[2026-06-04 11:13:36] [GUARDIAN] ALERTA: Daemon guardian modificado externamente
[2026-06-04 11:13:36] [GUARDIAN] *** MODO CUARENTENA ACTIVADO ***
[2026-06-04 11:13:36] [GUARDIAN] ¡ALERTA OUROBOROS! process_watchdog.py ha caído. Resucitándolo de inmediato.
[2026-06-04 11:13:36] [GUARDIAN] Watchdog resucitado con éxito.
[2026-06-04 11:14:06] [GUARDIAN] ALERTA: Daemon guardian modificado externamente
[2026-06-04 11:14:06] [GUARDIAN] *** MODO CUARENTENA ACTIVADO ***
[2026-06-04 11:14:06] [GUARDIAN] ¡ALERTA OUROBOROS! process_watchdog.py ha caído. Resucitándolo de inmediato.
[2026-06-04 11:14:06] [GUARDIAN] Watchdog resucitado con éxito.
[2026-06-04 11:14:36] [GUARDIAN] ALERTA: Daemon guardian modificado externamente
[2026-06-04 11:14:36] [GUARDIAN] *** MODO CUARENTENA ACTIVADO ***
[2026-06-04 11:14:36] [GUARDIAN] ¡ALERTA OUROBOROS! process_watchdog.py ha caído. Resucitándolo de inmediato.
[2026-06-04 11:14:36] [GUARDIAN] Watchdog resucitado con éxito.
[2026-06-04 11:15:06] [GUARDIAN] ALERTA: Daemon guardian modificado externamente
[2026-06-04 11:15:06] [GUARDIAN] *** MODO CUARENTENA ACTIVADO ***
[2026-06-04 11:15:06] [GUARDIAN] ¡ALERTA OUROBOROS! process_watchdog.py ha caído. Resucitándolo de inmediato.
[2026-06-04 11:15:06] [GUARDIAN] Watchdog resucitado con éxito.
[2026-06-04 11:15:36] [GUARDIAN] ALERTA: Daemon guardian modificado externamente
[2026-06-04 11:15:36] [GUARDIAN] *** MODO CUARENTENA ACTIVADO ***
[2026-06-04 11:15:36] [GUARDIAN] ¡ALERTA OUROBOROS! process_watchdog.py ha caído. Resucitándolo de inmediato.
[2026-06-04 11:15:36] [GUARDIAN] Watchdog resucitado con éxito.
[2026-06-04 11:16:06] [GUARDIAN] ALERTA: Daemon guardian modificado externamente
[2026-06-04 11:16:06] [GUARDIAN] *** MODO CUARENTENA ACTIVADO ***
[2026-06-04 11:16:06] [GUARDIAN] ¡ALERTA OUROBOROS! process_watchdog.py ha caído. Resucitándolo de inmediato.
[2026-06-04 11:16:06] [GUARDIAN] Watchdog resucitado con éxito.
[2026-06-04 11:16:36] [GUARDIAN] ALERTA: Daemon guardian modificado externamente
[2026-06-04 11:16:36] [GUARDIAN] *** MODO CUARENTENA ACTIVADO ***
[2026-06-04 11:16:36] [GUARDIAN] ¡ALERTA OUROBOROS! process_watchdog.py ha caído. Resucitándolo de inmediato.
[2026-06-04 11:16:36] [GUARDIAN] Watchdog resucitado con éxito.
[2026-06-04 11:17:06] [GUARDIAN] ALERTA: Daemon guardian modificado externamente
[2026-06-04 11:17:06] [GUARDIAN] *** MODO CUARENTENA ACTIVADO ***
[2026-06-04 11:17:06] [GUARDIAN] ¡ALERTA OUROBOROS! process_watchdog.py ha caído. Resucitándolo de inmediato.
[2026-06-04 11:17:06] [GUARDIAN] Watchdog resucitado con éxito.
[2026-06-04 11:17:36] [GUARDIAN] ALERTA: Daemon guardian modificado externamente
[2026-06-04 11:17:36] [GUARDIAN] *** MODO CUARENTENA ACTIVADO ***
[2026-06-04 11:17:37] [GUARDIAN] ¡ALERTA OUROBOROS! process_watchdog.py ha caído. Resucitándolo de inmediato.
[2026-06-04 11:17:37] [GUARDIAN] Watchdog resucitado con éxito.
[2026-06-04 11:18:07] [GUARDIAN] ALERTA: Daemon guardian modificado externamente
[2026-06-04 11:18:07] [GUARDIAN] *** MODO CUARENTENA ACTIVADO ***
[2026-06-04 11:18:07] [GUARDIAN] ¡ALERTA OUROBOROS! process_watchdog.py ha caído. Resucitándolo de inmediato.
[2026-06-04 11:18:07] [GUARDIAN] Watchdog resucitado con éxito.
[2026-06-04 11:18:37] [GUARDIAN] ALERTA: Daemon guardian modificado externamente
[2026-06-04 11:18:37] [GUARDIAN] *** MODO CUARENTENA ACTIVADO ***
[2026-06-04 11:18:37] [GUARDIAN] ¡ALERTA OUROBOROS! process_watchdog.py ha caído. Resucitándolo de inmediato.
[2026-06-04 11:18:37] [GUARDIAN] Watchdog resucitado con éxito.
[2026-06-04 11:19:07] [GUARDIAN] ALERTA: Daemon guardian modificado externamente
[2026-06-04 11:19:07] [GUARDIAN] *** MODO CUARENTENA ACTIVADO ***
[2026-06-04 11:19:07] [GUARDIAN] ¡ALERTA OUROBOROS! process_watchdog.py ha caído. Resucitándolo de inmediato.
[2026-06-04 11:19:07] [GUARDIAN] Watchdog resucitado con éxito.
[2026-06-04 11:19:37] [GUARDIAN] ALERTA: Daemon guardian modificado externamente
[2026-06-04 11:19:37] [GUARDIAN] *** MODO CUARENTENA ACTIVADO ***
[2026-06-04 11:19:37] [GUARDIAN] ¡ALERTA OUROBOROS! process_watchdog.py ha caído. Resucitándolo de inmediato.
[2026-06-04 11:19:37] [GUARDIAN] Watchdog resucitado con éxito.
[2026-06-04 11:20:07] [GUARDIAN] ALERTA: Daemon guardian modificado externamente
[2026-06-04 11:20:07] [GUARDIAN] *** MODO CUARENTENA ACTIVADO ***
[2026-06-04 11:20:07] [GUARDIAN] ¡ALERTA OUROBOROS! process_watchdog.py ha caído. Resucitándolo de inmediato.
[2026-06-04 11:20:07] [GUARDIAN] Watchdog resucitado con éxito.
[2026-06-04 11:20:37] [GUARDIAN] ALERTA: Daemon guardian modificado externamente
[2026-06-04 11:20:37] [GUARDIAN] *** MODO CUARENTENA ACTIVADO ***
[2026-06-04 11:20:37] [GUARDIAN] ¡ALERTA OUROBOROS! process_watchdog.py ha caído. Resucitándolo de inmediato.
[2026-06-04 11:20:37] [GUARDIAN] Watchdog resucitado con éxito.
[2026-06-04 11:21:07] [GUARDIAN] ALERTA: Daemon guardian modificado externamente
[2026-06-04 11:21:07] [GUARDIAN] *** MODO CUARENTENA ACTIVADO ***
[2026-06-04 11:21:07] [GUARDIAN] ¡ALERTA OUROBOROS! process_watchdog.py ha caído. Resucitándolo de inmediato.
[2026-06-04 11:21:07] [GUARDIAN] Watchdog resucitado con éxito.
[2026-06-04 11:21:37] [GUARDIAN] ALERTA: Daemon guardian modificado externamente
[2026-06-04 11:21:37] [GUARDIAN] *** MODO CUARENTENA ACTIVADO ***
[2026-06-04 11:21:37] [GUARDIAN] ¡ALERTA OUROBOROS! process_watchdog.py ha caído. Resucitándolo de inmediato.
[2026-06-04 11:21:37] [GUARDIAN] Watchdog resucitado con éxito.
[2026-06-04 11:22:07] [GUARDIAN] ALERTA: Daemon guardian modificado externamente
[2026-06-04 11:22:07] [GUARDIAN] *** MODO CUARENTENA ACTIVADO ***
[2026-06-04 11:22:07] [GUARDIAN] ¡ALERTA OUROBOROS! process_watchdog.py ha caído. Resucitándolo de inmediato.
[2026-06-04 11:22:07] [GUARDIAN] Watchdog resucitado con éxito.
[2026-06-04 11:22:37] [GUARDIAN] ALERTA: Daemon guardian modificado externamente
[2026-06-04 11:22:37] [GUARDIAN] *** MODO CUARENTENA ACTIVADO ***
[2026-06-04 11:22:37] [GUARDIAN] ¡ALERTA OUROBOROS! process_watchdog.py ha caído. Resucitándolo de inmediato.
[2026-06-04 11:22:37] [GUARDIAN] Watchdog resucitado con éxito.
[2026-06-04 11:23:07] [GUARDIAN] ALERTA: Daemon guardian modificado externamente
[2026-06-04 11:23:07] [GUARDIAN] *** MODO CUARENTENA ACTIVADO ***
[2026-06-04 11:23:07] [GUARDIAN] ¡ALERTA OUROBOROS! process_watchdog.py ha caído. Resucitándolo de inmediato.
[2026-06-04 11:23:07] [GUARDIAN] Watchdog resucitado con éxito.
[2026-06-04 11:23:37] [GUARDIAN] ALERTA: Daemon guardian modificado externamente
[2026-06-04 11:23:37] [GUARDIAN] *** MODO CUARENTENA ACTIVADO ***
[2026-06-04 11:23:37] [GUARDIAN] ¡ALERTA OUROBOROS! process_watchdog.py ha caído. Resucitándolo de inmediato.
[2026-06-04 11:23:37] [GUARDIAN] Watchdog resucitado con éxito.
[2026-06-04 11:24:07] [GUARDIAN] ALERTA: Daemon guardian modificado externamente
[2026-06-04 11:24:07] [GUARDIAN] *** MODO CUARENTENA ACTIVADO ***
[2026-06-04 11:24:07] [GUARDIAN] ¡ALERTA OUROBOROS! process_watchdog.py ha caído. Resucitándolo de inmediato.
[2026-06-04 11:24:07] [GUARDIAN] Watchdog resucitado con éxito.
[2026-06-04 11:24:37] [GUARDIAN] ALERTA: Daemon guardian modificado externamente
[2026-06-04 11:24:37] [GUARDIAN] *** MODO CUARENTENA ACTIVADO ***
[2026-06-04 11:24:37] [GUARDIAN] ¡ALERTA OUROBOROS! process_watchdog.py ha caído. Resucitándolo de inmediato.
[2026-06-04 11:24:37] [GUARDIAN] Watchdog resucitado con éxito.
[2026-06-04 11:25:07] [GUARDIAN] ALERTA: Daemon guardian modificado externamente
[2026-06-04 11:25:07] [GUARDIAN] *** MODO CUARENTENA ACTIVADO ***
[2026-06-04 11:25:07] [GUARDIAN] ¡ALERTA OUROBOROS! process_watchdog.py ha caído. Resucitándolo de inmediato.
[2026-06-04 11:25:07] [GUARDIAN] Watchdog resucitado con éxito.
[2026-06-04 11:25:37] [GUARDIAN] ALERTA: Daemon guardian modificado externamente
[2026-06-04 11:25:37] [GUARDIAN] *** MODO CUARENTENA ACTIVADO ***
[2026-06-04 11:25:37] [GUARDIAN] ¡ALERTA OUROBOROS! process_watchdog.py ha caído. Resucitándolo de inmediato.
[2026-06-04 11:25:37] [GUARDIAN] Watchdog resucitado con éxito.
[2026-06-04 11:26:07] [GUARDIAN] ALERTA: Daemon guardian modificado externamente
[2026-06-04 11:26:07] [GUARDIAN] *** MODO CUARENTENA ACTIVADO ***
[2026-06-04 11:26:07] [GUARDIAN] ¡ALERTA OUROBOROS! process_watchdog.py ha caído. Resucitándolo de inmediato.
[2026-06-04 11:26:07] [GUARDIAN] Watchdog resucitado con éxito.
[2026-06-04 11:26:37] [GUARDIAN] ALERTA: Daemon guardian modificado externamente
[2026-06-04 11:26:37] [GUARDIAN] *** MODO CUARENTENA ACTIVADO ***
[2026-06-04 11:26:37] [GUARDIAN] ¡ALERTA OUROBOROS! process_watchdog.py ha caído. Resucitándolo de inmediato.
[2026-06-04 11:26:37] [GUARDIAN] Watchdog resucitado con éxito.
[2026-06-04 11:27:07] [GUARDIAN] ALERTA: Daemon guardian modificado externamente
[2026-06-04 11:27:07] [GUARDIAN] *** MODO CUARENTENA ACTIVADO ***
[2026-06-04 11:27:07] [GUARDIAN] ¡ALERTA OUROBOROS! process_watchdog.py ha caído. Resucitándolo de inmediato.
[2026-06-04 11:27:07] [GUARDIAN] Watchdog resucitado con éxito.
[2026-06-04 11:27:37] [GUARDIAN] ALERTA: Daemon guardian modificado externamente
[2026-06-04 11:27:37] [GUARDIAN] *** MODO CUARENTENA ACTIVADO ***
[2026-06-04 11:27:38] [GUARDIAN] ¡ALERTA OUROBOROS! process_watchdog.py ha caído. Resucitándolo de inmediato.
[2026-06-04 11:27:38] [GUARDIAN] Watchdog resucitado con éxito.
[2026-06-04 11:28:08] [GUARDIAN] ALERTA: Daemon guardian modificado externamente
[2026-06-04 11:28:08] [GUARDIAN] *** MODO CUARENTENA ACTIVADO ***
[2026-06-04 11:28:08] [GUARDIAN] ¡ALERTA OUROBOROS! process_watchdog.py ha caído. Resucitándolo de inmediato.
[2026-06-04 11:28:08] [GUARDIAN] Watchdog resucitado con éxito.
[2026-06-04 11:28:38] [GUARDIAN] ALERTA: Daemon guardian modificado externamente
[2026-06-04 11:28:38] [GUARDIAN] *** MODO CUARENTENA ACTIVADO ***
[2026-06-04 11:28:38] [GUARDIAN] ¡ALERTA OUROBOROS! process_watchdog.py ha caído. Resucitándolo de inmediato.
[2026-06-04 11:28:38] [GUARDIAN] Watchdog resucitado con éxito.
[2026-06-04 11:29:08] [GUARDIAN] ALERTA: Daemon guardian modificado externamente
[2026-06-04 11:29:08] [GUARDIAN] *** MODO CUARENTENA ACTIVADO ***
[2026-06-04 11:29:08] [GUARDIAN] ¡ALERTA OUROBOROS! process_watchdog.py ha caído. Resucitándolo de inmediato.
[2026-06-04 11:29:08] [GUARDIAN] Watchdog resucitado con éxito.
[2026-06-04 11:29:38] [GUARDIAN] ALERTA: Daemon guardian modificado externamente
[2026-06-04 11:29:38] [GUARDIAN] *** MODO CUARENTENA ACTIVADO ***
[2026-06-04 11:29:38] [GUARDIAN] ¡ALERTA OUROBOROS! process_watchdog.py ha caído. Resucitándolo de inmediato.
[2026-06-04 11:29:38] [GUARDIAN] Watchdog resucitado con éxito.
[2026-06-04 11:30:08] [GUARDIAN] ALERTA: Daemon guardian modificado externamente
[2026-06-04 11:30:08] [GUARDIAN] *** MODO CUARENTENA ACTIVADO ***
[2026-06-04 11:30:08] [GUARDIAN] ¡ALERTA OUROBOROS! process_watchdog.py ha caído. Resucitándolo de inmediato.
[2026-06-04 11:30:08] [GUARDIAN] Watchdog resucitado con éxito.
[2026-06-04 11:30:38] [GUARDIAN] ALERTA: Daemon guardian modificado externamente
[2026-06-04 11:30:38] [GUARDIAN] *** MODO CUARENTENA ACTIVADO ***
[2026-06-04 11:30:38] [GUARDIAN] ¡ALERTA OUROBOROS! process_watchdog.py ha caído. Resucitándolo de inmediato.
[2026-06-04 11:30:38] [GUARDIAN] Watchdog resucitado con éxito.
[2026-06-04 11:31:08] [GUARDIAN] ALERTA: Daemon guardian modificado externamente
[2026-06-04 11:31:08] [GUARDIAN] *** MODO CUARENTENA ACTIVADO ***
[2026-06-04 11:31:08] [GUARDIAN] ¡ALERTA OUROBOROS! process_watchdog.py ha caído. Resucitándolo de inmediato.
[2026-06-04 11:31:08] [GUARDIAN] Watchdog resucitado con éxito.
[2026-06-04 11:31:38] [GUARDIAN] ALERTA: Daemon guardian modificado externamente
[2026-06-04 11:31:38] [GUARDIAN] *** MODO CUARENTENA ACTIVADO ***
[2026-06-04 11:31:38] [GUARDIAN] ¡ALERTA OUROBOROS! process_watchdog.py ha caído. Resucitándolo de inmediato.
[2026-06-04 11:31:38] [GUARDIAN] Watchdog resucitado con éxito.
[2026-06-04 11:32:08] [GUARDIAN] ALERTA: Daemon guardian modificado externamente
[2026-06-04 11:32:08] [GUARDIAN] *** MODO CUARENTENA ACTIVADO ***
[2026-06-04 11:32:08] [GUARDIAN] ¡ALERTA OUROBOROS! process_watchdog.py ha caído. Resucitándolo de inmediato.
[2026-06-04 11:32:08] [GUARDIAN] Watchdog resucitado con éxito.
[2026-06-04 11:32:38] [GUARDIAN] ALERTA: Daemon guardian modificado externamente
[2026-06-04 11:32:38] [GUARDIAN] *** MODO CUARENTENA ACTIVADO ***
[2026-06-04 11:32:38] [GUARDIAN] ¡ALERTA OUROBOROS! process_watchdog.py ha caído. Resucitándolo de inmediato.
[2026-06-04 11:32:38] [GUARDIAN] Watchdog resucitado con éxito.
[2026-06-04 11:33:08] [GUARDIAN] ALERTA: Daemon guardian modificado externamente
[2026-06-04 11:33:08] [GUARDIAN] *** MODO CUARENTENA ACTIVADO ***
[2026-06-04 11:33:08] [GUARDIAN] ¡ALERTA OUROBOROS! process_watchdog.py ha caído. Resucitándolo de inmediato.
[2026-06-04 11:33:08] [GUARDIAN] Watchdog resucitado con éxito.
[2026-06-04 11:33:38] [GUARDIAN] ALERTA: Daemon guardian modificado externamente
[2026-06-04 11:33:38] [GUARDIAN] *** MODO CUARENTENA ACTIVADO ***
[2026-06-04 11:33:38] [GUARDIAN] ¡ALERTA OUROBOROS! process_watchdog.py ha caído. Resucitándolo de inmediato.
[2026-06-04 11:33:38] [GUARDIAN] Watchdog resucitado con éxito.
[2026-06-04 11:34:08] [GUARDIAN] ALERTA: Daemon guardian modificado externamente
[2026-06-04 11:34:08] [GUARDIAN] *** MODO CUARENTENA ACTIVADO ***
[2026-06-04 11:34:08] [GUARDIAN] ¡ALERTA OUROBOROS! process_watchdog.py ha caído. Resucitándolo de inmediato.
[2026-06-04 11:34:08] [GUARDIAN] Watchdog resucitado con éxito.
[2026-06-04 11:34:38] [GUARDIAN] ALERTA: Daemon guardian modificado externamente
[2026-06-04 11:34:38] [GUARDIAN] *** MODO CUARENTENA ACTIVADO ***
[2026-06-04 11:34:38] [GUARDIAN] ¡ALERTA OUROBOROS! process_watchdog.py ha caído. Resucitándolo de inmediato.
[2026-06-04 11:34:38] [GUARDIAN] Watchdog resucitado con éxito.
[2026-06-04 11:35:08] [GUARDIAN] ALERTA: Daemon guardian modificado externamente
[2026-06-04 11:35:08] [GUARDIAN] *** MODO CUARENTENA ACTIVADO ***
[2026-06-04 11:35:08] [GUARDIAN] ¡ALERTA OUROBOROS! process_watchdog.py ha caído. Resucitándolo de inmediato.
[2026-06-04 11:35:08] [GUARDIAN] Watchdog resucitado con éxito.
[2026-06-04 11:35:38] [GUARDIAN] ALERTA: Daemon guardian modificado externamente
[2026-06-04 11:35:38] [GUARDIAN] *** MODO CUARENTENA ACTIVADO ***
[2026-06-04 11:35:38] [GUARDIAN] ¡ALERTA OUROBOROS! process_watchdog.py ha caído. Resucitándolo de inmediato.
[2026-06-04 11:35:38] [GUARDIAN] Watchdog resucitado con éxito.
[2026-06-04 11:36:08] [GUARDIAN] ALERTA: Daemon guardian modificado externamente
[2026-06-04 11:36:08] [GUARDIAN] *** MODO CUARENTENA ACTIVADO ***
[2026-06-04 11:36:08] [GUARDIAN] ¡ALERTA OUROBOROS! process_watchdog.py ha caído. Resucitándolo de inmediato.
[2026-06-04 11:36:08] [GUARDIAN] Watchdog resucitado con éxito.
[2026-06-04 11:36:38] [GUARDIAN] ALERTA: Daemon guardian modificado externamente
[2026-06-04 11:36:38] [GUARDIAN] *** MODO CUARENTENA ACTIVADO ***
[2026-06-04 11:36:38] [GUARDIAN] ¡ALERTA OUROBOROS! process_watchdog.py ha caído. Resucitándolo de inmediato.
[2026-06-04 11:36:38] [GUARDIAN] Watchdog resucitado con éxito.
[2026-06-04 11:37:08] [GUARDIAN] ALERTA: Daemon guardian modificado externamente
[2026-06-04 11:37:08] [GUARDIAN] *** MODO CUARENTENA ACTIVADO ***
[2026-06-04 11:37:08] [GUARDIAN] ¡ALERTA OUROBOROS! process_watchdog.py ha caído. Resucitándolo de inmediato.
[2026-06-04 11:37:08] [GUARDIAN] Watchdog resucitado con éxito.
[2026-06-04 11:37:38] [GUARDIAN] ALERTA: Daemon guardian modificado externamente
[2026-06-04 11:37:38] [GUARDIAN] *** MODO CUARENTENA ACTIVADO ***
[2026-06-04 11:37:38] [GUARDIAN] ¡ALERTA OUROBOROS! process_watchdog.py ha caído. Resucitándolo de inmediato.
[2026-06-04 11:37:38] [GUARDIAN] Watchdog resucitado con éxito.
[2026-06-04 11:38:08] [GUARDIAN] ALERTA: Daemon guardian modificado externamente
[2026-06-04 11:38:08] [GUARDIAN] *** MODO CUARENTENA ACTIVADO ***
[2026-06-04 11:38:09] [GUARDIAN] ¡ALERTA OUROBOROS! process_watchdog.py ha caído. Resucitándolo de inmediato.
[2026-06-04 11:38:09] [GUARDIAN] Watchdog resucitado con éxito.
[2026-06-04 11:38:39] [GUARDIAN] ALERTA: Daemon guardian modificado externamente
[2026-06-04 11:38:39] [GUARDIAN] *** MODO CUARENTENA ACTIVADO ***
[2026-06-04 11:38:39] [GUARDIAN] ¡ALERTA OUROBOROS! process_watchdog.py ha caído. Resucitándolo de inmediato.
[2026-06-04 11:38:39] [GUARDIAN] Watchdog resucitado con éxito.
[2026-06-04 11:39:09] [GUARDIAN] ALERTA: Daemon guardian modificado externamente
[2026-06-04 11:39:09] [GUARDIAN] *** MODO CUARENTENA ACTIVADO ***
[2026-06-04 11:39:09] [GUARDIAN] ¡ALERTA OUROBOROS! process_watchdog.py ha caído. Resucitándolo de inmediato.
[2026-06-04 11:39:09] [GUARDIAN] Watchdog resucitado con éxito.
[2026-06-04 11:39:39] [GUARDIAN] ALERTA: Daemon guardian modificado externamente
[2026-06-04 11:39:39] [GUARDIAN] *** MODO CUARENTENA ACTIVADO ***
[2026-06-04 11:39:39] [GUARDIAN] ¡ALERTA OUROBOROS! process_watchdog.py ha caído. Resucitándolo de inmediato.
[2026-06-04 11:39:39] [GUARDIAN] Watchdog resucitado con éxito.
[2026-06-04 11:40:09] [GUARDIAN] ALERTA: Daemon guardian modificado externamente
[2026-06-04 11:40:09] [GUARDIAN] *** MODO CUARENTENA ACTIVADO ***
[2026-06-04 11:40:09] [GUARDIAN] ¡ALERTA OUROBOROS! process_watchdog.py ha caído. Resucitándolo de inmediato.
[2026-06-04 11:40:09] [GUARDIAN] Watchdog resucitado con éxito.
[2026-06-04 11:40:39] [GUARDIAN] ALERTA: Daemon guardian modificado externamente
[2026-06-04 11:40:39] [GUARDIAN] *** MODO CUARENTENA ACTIVADO ***
[2026-06-04 11:40:39] [GUARDIAN] ¡ALERTA OUROBOROS! process_watchdog.py ha caído. Resucitándolo de inmediato.
[2026-06-04 11:40:39] [GUARDIAN] Watchdog resucitado con éxito.
[2026-06-04 11:41:09] [GUARDIAN] ALERTA: Daemon guardian modificado externamente
[2026-06-04 11:41:09] [GUARDIAN] *** MODO CUARENTENA ACTIVADO ***
[2026-06-04 11:41:09] [GUARDIAN] ¡ALERTA OUROBOROS! process_watchdog.py ha caído. Resucitándolo de inmediato.
[2026-06-04 11:41:09] [GUARDIAN] Watchdog resucitado con éxito.
[2026-06-04 11:41:39] [GUARDIAN] ALERTA: Daemon guardian modificado externamente
[2026-06-04 11:41:39] [GUARDIAN] *** MODO CUARENTENA ACTIVADO ***
[2026-06-04 11:41:39] [GUARDIAN] ¡ALERTA OUROBOROS! process_watchdog.py ha caído. Resucitándolo de inmediato.
[2026-06-04 11:41:39] [GUARDIAN] Watchdog resucitado con éxito.
[2026-06-04 11:42:09] [GUARDIAN] ALERTA: Daemon guardian modificado externamente
[2026-06-04 11:42:09] [GUARDIAN] *** MODO CUARENTENA ACTIVADO ***
[2026-06-04 11:42:09] [GUARDIAN] ¡ALERTA OUROBOROS! process_watchdog.py ha caído. Resucitándolo de inmediato.
[2026-06-04 11:42:09] [GUARDIAN] Watchdog resucitado con éxito.
[2026-06-04 11:42:39] [GUARDIAN] ALERTA: Daemon guardian modificado externamente
[2026-06-04 11:42:39] [GUARDIAN] *** MODO CUARENTENA ACTIVADO ***
[2026-06-04 11:42:39] [GUARDIAN] ¡ALERTA OUROBOROS! process_watchdog.py ha caído. Resucitándolo de inmediato.
[2026-06-04 11:42:39] [GUARDIAN] Watchdog resucitado con éxito.
[2026-06-04 11:43:09] [GUARDIAN] ALERTA: Daemon guardian modificado externamente
[2026-06-04 11:43:09] [GUARDIAN] *** MODO CUARENTENA ACTIVADO ***
[2026-06-04 11:43:09] [GUARDIAN] ¡ALERTA OUROBOROS! process_watchdog.py ha caído. Resucitándolo de inmediato.
[2026-06-04 11:43:09] [GUARDIAN] Watchdog resucitado con éxito.
[2026-06-04 11:43:39] [GUARDIAN] ALERTA: Daemon guardian modificado externamente
[2026-06-04 11:43:39] [GUARDIAN] *** MODO CUARENTENA ACTIVADO ***
[2026-06-04 11:43:39] [GUARDIAN] ¡ALERTA OUROBOROS! process_watchdog.py ha caído. Resucitándolo de inmediato.
[2026-06-04 11:43:39] [GUARDIAN] Watchdog resucitado con éxito.
[2026-06-04 11:44:09] [GUARDIAN] ALERTA: Daemon guardian modificado externamente
[2026-06-04 11:44:09] [GUARDIAN] *** MODO CUARENTENA ACTIVADO ***
[2026-06-04 11:44:09] [GUARDIAN] ¡ALERTA OUROBOROS! process_watchdog.py ha caído. Resucitándolo de inmediato.
[2026-06-04 11:44:09] [GUARDIAN] Watchdog resucitado con éxito.
[2026-06-04 11:44:39] [GUARDIAN] ALERTA: Daemon guardian modificado externamente
[2026-06-04 11:44:39] [GUARDIAN] *** MODO CUARENTENA ACTIVADO ***
[2026-06-04 11:44:39] [GUARDIAN] ¡ALERTA OUROBOROS! process_watchdog.py ha caído. Resucitándolo de inmediato.
[2026-06-04 11:44:39] [GUARDIAN] Watchdog resucitado con éxito.
[2026-06-04 11:45:09] [GUARDIAN] ALERTA: Daemon guardian modificado externamente
[2026-06-04 11:45:09] [GUARDIAN] *** MODO CUARENTENA ACTIVADO ***
[2026-06-04 11:45:09] [GUARDIAN] ¡ALERTA OUROBOROS! process_watchdog.py ha caído. Resucitándolo de inmediato.
[2026-06-04 11:45:09] [GUARDIAN] Watchdog resucitado con éxito.
[2026-06-04 11:45:39] [GUARDIAN] ALERTA: Daemon guardian modificado externamente
[2026-06-04 11:45:39] [GUARDIAN] *** MODO CUARENTENA ACTIVADO ***
[2026-06-04 11:45:39] [GUARDIAN] ¡ALERTA OUROBOROS! process_watchdog.py ha caído. Resucitándolo de inmediato.
[2026-06-04 11:45:39] [GUARDIAN] Watchdog resucitado con éxito.
[2026-06-04 11:46:09] [GUARDIAN] ALERTA: Daemon guardian modificado externamente
[2026-06-04 11:46:09] [GUARDIAN] *** MODO CUARENTENA ACTIVADO ***
[2026-06-04 11:46:09] [GUARDIAN] ¡ALERTA OUROBOROS! process_watchdog.py ha caído. Resucitándolo de inmediato.
[2026-06-04 11:46:09] [GUARDIAN] Watchdog resucitado con éxito.
[2026-06-04 11:46:39] [GUARDIAN] ALERTA: Daemon guardian modificado externamente
[2026-06-04 11:46:39] [GUARDIAN] *** MODO CUARENTENA ACTIVADO ***
[2026-06-04 11:46:39] [GUARDIAN] ¡ALERTA OUROBOROS! process_watchdog.py ha caído. Resucitándolo de inmediato.
[2026-06-04 11:46:39] [GUARDIAN] Watchdog resucitado con éxito.
[2026-06-04 11:47:09] [GUARDIAN] ALERTA: Daemon guardian modificado externamente
[2026-06-04 11:47:09] [GUARDIAN] *** MODO CUARENTENA ACTIVADO ***
[2026-06-04 11:47:09] [GUARDIAN] ¡ALERTA OUROBOROS! process_watchdog.py ha caído. Resucitándolo de inmediato.
[2026-06-04 11:47:09] [GUARDIAN] Watchdog resucitado con éxito.
[2026-06-04 11:47:39] [GUARDIAN] ALERTA: Daemon guardian modificado externamente
[2026-06-04 11:47:39] [GUARDIAN] *** MODO CUARENTENA ACTIVADO ***
[2026-06-04 11:47:39] [GUARDIAN] ¡ALERTA OUROBOROS! process_watchdog.py ha caído. Resucitándolo de inmediato.
[2026-06-04 11:47:39] [GUARDIAN] Watchdog resucitado con éxito.
[2026-06-04 11:48:09] [GUARDIAN] ALERTA: Daemon guardian modificado externamente
[2026-06-04 11:48:09] [GUARDIAN] *** MODO CUARENTENA ACTIVADO ***
[2026-06-04 11:48:09] [GUARDIAN] ¡ALERTA OUROBOROS! process_watchdog.py ha caído. Resucitándolo de inmediato.
[2026-06-04 11:48:09] [GUARDIAN] Watchdog resucitado con éxito.
[2026-06-04 11:48:39] [GUARDIAN] ALERTA: Daemon guardian modificado externamente
[2026-06-04 11:48:39] [GUARDIAN] *** MODO CUARENTENA ACTIVADO ***
[2026-06-04 11:48:39] [GUARDIAN] ¡ALERTA OUROBOROS! process_watchdog.py ha caído. Resucitándolo de inmediato.
[2026-06-04 11:48:39] [GUARDIAN] Watchdog resucitado con éxito.
[2026-06-04 11:49:09] [GUARDIAN] ALERTA: Daemon guardian modificado externamente
[2026-06-04 11:49:09] [GUARDIAN] *** MODO CUARENTENA ACTIVADO ***
[2026-06-04 11:49:10] [GUARDIAN] ¡ALERTA OUROBOROS! process_watchdog.py ha caído. Resucitándolo de inmediato.
[2026-06-04 11:49:10] [GUARDIAN] Watchdog resucitado con éxito.
[2026-06-04 11:49:40] [GUARDIAN] ALERTA: Daemon guardian modificado externamente
[2026-06-04 11:49:40] [GUARDIAN] *** MODO CUARENTENA ACTIVADO ***
[2026-06-04 11:49:40] [GUARDIAN] ¡ALERTA OUROBOROS! process_watchdog.py ha caído. Resucitándolo de inmediato.
[2026-06-04 11:49:40] [GUARDIAN] Watchdog resucitado con éxito.
[2026-06-04 11:50:10] [GUARDIAN] ALERTA: Daemon guardian modificado externamente
[2026-06-04 11:50:10] [GUARDIAN] *** MODO CUARENTENA ACTIVADO ***
[2026-06-04 11:50:10] [GUARDIAN] ¡ALERTA OUROBOROS! process_watchdog.py ha caído. Resucitándolo de inmediato.
[2026-06-04 11:50:10] [GUARDIAN] Watchdog resucitado con éxito.
[2026-06-04 11:50:40] [GUARDIAN] ALERTA: Daemon guardian modificado externamente
[2026-06-04 11:50:40] [GUARDIAN] *** MODO CUARENTENA ACTIVADO ***
[2026-06-04 11:50:40] [GUARDIAN] ¡ALERTA OUROBOROS! process_watchdog.py ha caído. Resucitándolo de inmediato.
[2026-06-04 11:50:40] [GUARDIAN] Watchdog resucitado con éxito.
[2026-06-04 11:51:10] [GUARDIAN] ALERTA: Daemon guardian modificado externamente
[2026-06-04 11:51:10] [GUARDIAN] *** MODO CUARENTENA ACTIVADO ***
[2026-06-04 11:51:10] [GUARDIAN] ¡ALERTA OUROBOROS! process_watchdog.py ha caído. Resucitándolo de inmediato.
[2026-06-04 11:51:10] [GUARDIAN] Watchdog resucitado con éxito.
[2026-06-04 11:51:40] [GUARDIAN] ALERTA: Daemon guardian modificado externamente
[2026-06-04 11:51:40] [GUARDIAN] *** MODO CUARENTENA ACTIVADO ***
[2026-06-04 11:51:40] [GUARDIAN] ¡ALERTA OUROBOROS! process_watchdog.py ha caído. Resucitándolo de inmediato.
[2026-06-04 11:51:40] [GUARDIAN] Watchdog resucitado con éxito.
[2026-06-04 11:52:10] [GUARDIAN] ALERTA: Daemon guardian modificado externamente
[2026-06-04 11:52:10] [GUARDIAN] *** MODO CUARENTENA ACTIVADO ***
[2026-06-04 11:52:10] [GUARDIAN] ¡ALERTA OUROBOROS! process_watchdog.py ha caído. Resucitándolo de inmediato.
[2026-06-04 11:52:10] [GUARDIAN] Watchdog resucitado con éxito.
[2026-06-04 11:52:40] [GUARDIAN] ALERTA: Daemon guardian modificado externamente
[2026-06-04 11:52:40] [GUARDIAN] *** MODO CUARENTENA ACTIVADO ***
[2026-06-04 11:52:40] [GUARDIAN] ¡ALERTA OUROBOROS! process_watchdog.py ha caído. Resucitándolo de inmediato.
[2026-06-04 11:52:40] [GUARDIAN] Watchdog resucitado con éxito.
[2026-06-04 11:53:10] [GUARDIAN] ALERTA: Daemon guardian modificado externamente
[2026-06-04 11:53:10] [GUARDIAN] *** MODO CUARENTENA ACTIVADO ***
[2026-06-04 11:53:10] [GUARDIAN] ¡ALERTA OUROBOROS! process_watchdog.py ha caído. Resucitándolo de inmediato.
[2026-06-04 11:53:10] [GUARDIAN] Watchdog resucitado con éxito.
[2026-06-04 11:53:40] [GUARDIAN] ALERTA: Daemon guardian modificado externamente
[2026-06-04 11:53:40] [GUARDIAN] *** MODO CUARENTENA ACTIVADO ***
[2026-06-04 11:53:40] [GUARDIAN] ¡ALERTA OUROBOROS! process_watchdog.py ha caído. Resucitándolo de inmediato.
[2026-06-04 11:53:40] [GUARDIAN] Watchdog resucitado con éxito.
[2026-06-04 11:54:10] [GUARDIAN] ALERTA: Daemon guardian modificado externamente
[2026-06-04 11:54:10] [GUARDIAN] *** MODO CUARENTENA ACTIVADO ***
[2026-06-04 11:54:10] [GUARDIAN] ¡ALERTA OUROBOROS! process_watchdog.py ha caído. Resucitándolo de inmediato.
[2026-06-04 11:54:10] [GUARDIAN] Watchdog resucitado con éxito.
[2026-06-04 11:54:40] [GUARDIAN] ALERTA: Daemon guardian modificado externamente
[2026-06-04 11:54:40] [GUARDIAN] *** MODO CUARENTENA ACTIVADO ***
[2026-06-04 11:54:40] [GUARDIAN] ¡ALERTA OUROBOROS! process_watchdog.py ha caído. Resucitándolo de inmediato.
[2026-06-04 11:54:40] [GUARDIAN] Watchdog resucitado con éxito.
[2026-06-04 11:55:10] [GUARDIAN] ALERTA: Daemon guardian modificado externamente
[2026-06-04 11:55:10] [GUARDIAN] *** MODO CUARENTENA ACTIVADO ***
[2026-06-04 11:55:10] [GUARDIAN] ¡ALERTA OUROBOROS! process_watchdog.py ha caído. Resucitándolo de inmediato.
[2026-06-04 11:55:10] [GUARDIAN] Watchdog resucitado con éxito.
[2026-06-04 11:55:40] [GUARDIAN] ALERTA: Daemon guardian modificado externamente
[2026-06-04 11:55:40] [GUARDIAN] *** MODO CUARENTENA ACTIVADO ***
[2026-06-04 11:55:40] [GUARDIAN] ¡ALERTA OUROBOROS! process_watchdog.py ha caído. Resucitándolo de inmediato.
[2026-06-04 11:55:40] [GUARDIAN] Watchdog resucitado con éxito.
[2026-06-04 11:56:10] [GUARDIAN] ALERTA: Daemon guardian modificado externamente
[2026-06-04 11:56:10] [GUARDIAN] *** MODO CUARENTENA ACTIVADO ***
[2026-06-04 11:56:10] [GUARDIAN] ¡ALERTA OUROBOROS! process_watchdog.py ha caído. Resucitándolo de inmediato.
[2026-06-04 11:56:10] [GUARDIAN] Watchdog resucitado con éxito.
[2026-06-04 11:56:40] [GUARDIAN] ALERTA: Daemon guardian modificado externamente
[2026-06-04 11:56:40] [GUARDIAN] *** MODO CUARENTENA ACTIVADO ***
[2026-06-04 11:56:40] [GUARDIAN] ¡ALERTA OUROBOROS! process_watchdog.py ha caído. Resucitándolo de inmediato.
[2026-06-04 11:56:40] [GUARDIAN] Watchdog resucitado con éxito.
[2026-06-04 11:57:10] [GUARDIAN] ALERTA: Daemon guardian modificado externamente
[2026-06-04 11:57:10] [GUARDIAN] *** MODO CUARENTENA ACTIVADO ***
[2026-06-04 11:57:10] [GUARDIAN] ¡ALERTA OUROBOROS! process_watchdog.py ha caído. Resucitándolo de inmediato.
[2026-06-04 11:57:10] [GUARDIAN] Watchdog resucitado con éxito.
[2026-06-04 11:57:40] [GUARDIAN] ALERTA: Daemon guardian modificado externamente
[2026-06-04 11:57:40] [GUARDIAN] *** MODO CUARENTENA ACTIVADO ***
[2026-06-04 11:57:40] [GUARDIAN] ¡ALERTA OUROBOROS! process_watchdog.py ha caído. Resucitándolo de inmediato.
[2026-06-04 11:57:40] [GUARDIAN] Watchdog resucitado con éxito.
[2026-06-04 11:58:10] [GUARDIAN] ALERTA: Daemon guardian modificado externamente
[2026-06-04 11:58:10] [GUARDIAN] *** MODO CUARENTENA ACTIVADO ***
[2026-06-04 11:58:10] [GUARDIAN] ¡ALERTA OUROBOROS! process_watchdog.py ha caído. Resucitándolo de inmediato.
[2026-06-04 11:58:10] [GUARDIAN] Watchdog resucitado con éxito.
[2026-06-04 11:58:40] [GUARDIAN] ALERTA: Daemon guardian modificado externamente
[2026-06-04 11:58:40] [GUARDIAN] *** MODO CUARENTENA ACTIVADO ***
[2026-06-04 11:58:40] [GUARDIAN] ¡ALERTA OUROBOROS! process_watchdog.py ha caído. Resucitándolo de inmediato.
[2026-06-04 11:58:40] [GUARDIAN] Watchdog resucitado con éxito.
[2026-06-04 11:59:10] [GUARDIAN] ALERTA: Daemon guardian modificado externamente
[2026-06-04 11:59:10] [GUARDIAN] *** MODO CUARENTENA ACTIVADO ***
[2026-06-04 11:59:10] [GUARDIAN] ¡ALERTA OUROBOROS! process_watchdog.py ha caído. Resucitándolo de inmediato.
[2026-06-04 11:59:10] [GUARDIAN] Watchdog resucitado con éxito.
[2026-06-04 11:59:40] [GUARDIAN] ALERTA: Daemon guardian modificado externamente
[2026-06-04 11:59:40] [GUARDIAN] *** MODO CUARENTENA ACTIVADO ***
[2026-06-04 11:59:40] [GUARDIAN] ¡ALERTA OUROBOROS! process_watchdog.py ha caído. Resucitándolo de inmediato.
[2026-06-04 11:59:40] [GUARDIAN] Watchdog resucitado con éxito.
[2026-06-04 12:00:10] [GUARDIAN] ALERTA: Daemon guardian modificado externamente
[2026-06-04 12:00:10] [GUARDIAN] *** MODO CUARENTENA ACTIVADO ***
[2026-06-04 12:00:11] [GUARDIAN] ¡ALERTA OUROBOROS! process_watchdog.py ha caído. Resucitándolo de inmediato.
[2026-06-04 12:00:11] [GUARDIAN] Watchdog resucitado con éxito.
[2026-06-04 12:00:41] [GUARDIAN] ALERTA: Daemon guardian modificado externamente
[2026-06-04 12:00:41] [GUARDIAN] *** MODO CUARENTENA ACTIVADO ***
[2026-06-04 12:00:41] [GUARDIAN] ¡ALERTA OUROBOROS! process_watchdog.py ha caído. Resucitándolo de inmediato.
[2026-06-04 12:00:41] [GUARDIAN] Watchdog resucitado con éxito.
[2026-06-04 12:01:11] [GUARDIAN] ALERTA: Daemon guardian modificado externamente
[2026-06-04 12:01:11] [GUARDIAN] *** MODO CUARENTENA ACTIVADO ***
[2026-06-04 12:01:11] [GUARDIAN] ¡ALERTA OUROBOROS! process_watchdog.py ha caído. Resucitándolo de inmediato.
[2026-06-04 12:01:11] [GUARDIAN] Watchdog resucitado con éxito.
[2026-06-04 12:01:41] [GUARDIAN] ALERTA: Daemon guardian modificado externamente
[2026-06-04 12:01:41] [GUARDIAN] *** MODO CUARENTENA ACTIVADO ***
[2026-06-04 12:01:41] [GUARDIAN] ¡ALERTA OUROBOROS! process_watchdog.py ha caído. Resucitándolo de inmediato.
[2026-06-04 12:01:41] [GUARDIAN] Watchdog resucitado con éxito.
[2026-06-04 12:02:11] [GUARDIAN] ALERTA: Daemon guardian modificado externamente
[2026-06-04 12:02:11] [GUARDIAN] *** MODO CUARENTENA ACTIVADO ***
[2026-06-04 12:02:11] [GUARDIAN] ¡ALERTA OUROBOROS! process_watchdog.py ha caído. Resucitándolo de inmediato.
[2026-06-04 12:02:11] [GUARDIAN] Watchdog resucitado con éxito.
[2026-06-04 12:02:41] [GUARDIAN] ALERTA: Daemon guardian modificado externamente
[2026-06-04 12:02:41] [GUARDIAN] *** MODO CUARENTENA ACTIVADO ***
[2026-06-04 12:02:41] [GUARDIAN] ¡ALERTA OUROBOROS! process_watchdog.py ha caído. Resucitándolo de inmediato.
[2026-06-04 12:02:41] [GUARDIAN] Watchdog resucitado con éxito.
[2026-06-04 12:03:11] [GUARDIAN] ALERTA: Daemon guardian modificado externamente
[2026-06-04 12:03:11] [GUARDIAN] *** MODO CUARENTENA ACTIVADO ***
[2026-06-04 12:03:11] [GUARDIAN] ¡ALERTA OUROBOROS! process_watchdog.py ha caído. Resucitándolo de inmediato.
[2026-06-04 12:03:11] [GUARDIAN] Watchdog resucitado con éxito.
[2026-06-04 12:03:41] [GUARDIAN] ALERTA: Daemon guardian modificado externamente
[2026-06-04 12:03:41] [GUARDIAN] *** MODO CUARENTENA ACTIVADO ***
[2026-06-04 12:03:41] [GUARDIAN] ¡ALERTA OUROBOROS! process_watchdog.py ha caído. Resucitándolo de inmediato.
[2026-06-04 12:03:41] [GUARDIAN] Watchdog resucitado con éxito.
[2026-06-04 12:04:11] [GUARDIAN] ALERTA: Daemon guardian modificado externamente
[2026-06-04 12:04:11] [GUARDIAN] *** MODO CUARENTENA ACTIVADO ***
[2026-06-04 12:04:11] [GUARDIAN] ¡ALERTA OUROBOROS! process_watchdog.py ha caído. Resucitándolo de inmediato.
[2026-06-04 12:04:11] [GUARDIAN] Watchdog resucitado con éxito.
[2026-06-04 12:04:41] [GUARDIAN] ALERTA: Daemon guardian modificado externamente
[2026-06-04 12:04:41] [GUARDIAN] *** MODO CUARENTENA ACTIVADO ***
[2026-06-04 12:04:41] [GUARDIAN] ¡ALERTA OUROBOROS! process_watchdog.py ha caído. Resucitándolo de inmediato.
[2026-06-04 12:04:41] [GUARDIAN] Watchdog resucitado con éxito.
[2026-06-04 12:05:11] [GUARDIAN] ALERTA: Daemon guardian modificado externamente
[2026-06-04 12:05:11] [GUARDIAN] *** MODO CUARENTENA ACTIVADO ***
[2026-06-04 12:05:11] [GUARDIAN] ¡ALERTA OUROBOROS! process_watchdog.py ha caído. Resucitándolo de inmediato.
[2026-06-04 12:05:11] [GUARDIAN] Watchdog resucitado con éxito.
[2026-06-04 12:05:41] [GUARDIAN] ALERTA: Daemon guardian modificado externamente
[2026-06-04 12:05:41] [GUARDIAN] *** MODO CUARENTENA ACTIVADO ***
[2026-06-04 12:05:41] [GUARDIAN] ¡ALERTA OUROBOROS! process_watchdog.py ha caído. Resucitándolo de inmediato.
[2026-06-04 12:05:41] [GUARDIAN] Watchdog resucitado con éxito.
[2026-06-04 12:06:11] [GUARDIAN] ALERTA: Daemon guardian modificado externamente
[2026-06-04 12:06:11] [GUARDIAN] *** MODO CUARENTENA ACTIVADO ***
[2026-06-04 12:06:11] [GUARDIAN] ¡ALERTA OUROBOROS! process_watchdog.py ha caído. Resucitándolo de inmediato.
[2026-06-04 12:06:11] [GUARDIAN] Watchdog resucitado con éxito.
[2026-06-04 12:06:41] [GUARDIAN] ALERTA: Daemon guardian modificado externamente
[2026-06-04 12:06:41] [GUARDIAN] *** MODO CUARENTENA ACTIVADO ***
[2026-06-04 12:06:41] [GUARDIAN] ¡ALERTA OUROBOROS! process_watchdog.py ha caído. Resucitándolo de inmediato.
[2026-06-04 12:06:41] [GUARDIAN] Watchdog resucitado con éxito.
[2026-06-04 12:07:11] [GUARDIAN] ALERTA: Daemon guardian modificado externamente
[2026-06-04 12:07:11] [GUARDIAN] *** MODO CUARENTENA ACTIVADO ***
[2026-06-04 12:07:11] [GUARDIAN] ¡ALERTA OUROBOROS! process_watchdog.py ha caído. Resucitándolo de inmediato.
[2026-06-04 12:07:11] [GUARDIAN] Watchdog resucitado con éxito.
[2026-06-04 12:07:41] [GUARDIAN] ALERTA: Daemon guardian modificado externamente
[2026-06-04 12:07:41] [GUARDIAN] *** MODO CUARENTENA ACTIVADO ***
[2026-06-04 12:07:41] [GUARDIAN] ¡ALERTA OUROBOROS! process_watchdog.py ha caído. Resucitándolo de inmediato.
[2026-06-04 12:07:41] [GUARDIAN] Watchdog resucitado con éxito.
[2026-06-04 12:08:11] [GUARDIAN] ALERTA: Daemon guardian modificado externamente
[2026-06-04 12:08:11] [GUARDIAN] *** MODO CUARENTENA ACTIVADO ***
[2026-06-04 12:08:11] [GUARDIAN] ¡ALERTA OUROBOROS! process_watchdog.py ha caído. Resucitándolo de inmediato.
[2026-06-04 12:08:11] [GUARDIAN] Watchdog resucitado con éxito.
[2026-06-04 12:08:41] [GUARDIAN] ALERTA: Daemon guardian modificado externamente
[2026-06-04 12:08:41] [GUARDIAN] *** MODO CUARENTENA ACTIVADO ***
[2026-06-04 12:08:41] [GUARDIAN] ¡ALERTA OUROBOROS! process_watchdog.py ha caído. Resucitándolo de inmediato.
[2026-06-04 12:08:41] [GUARDIAN] Watchdog resucitado con éxito.
[2026-06-04 12:09:11] [GUARDIAN] ALERTA: Daemon guardian modificado externamente
[2026-06-04 12:09:11] [GUARDIAN] *** MODO CUARENTENA ACTIVADO ***
[2026-06-04 12:09:11] [GUARDIAN] ¡ALERTA OUROBOROS! process_watchdog.py ha caído. Resucitándolo de inmediato.
[2026-06-04 12:09:11] [GUARDIAN] Watchdog resucitado con éxito.
[2026-06-04 12:09:41] [GUARDIAN] ALERTA: Daemon guardian modificado externamente
[2026-06-04 12:09:41] [GUARDIAN] *** MODO CUARENTENA ACTIVADO ***
[2026-06-04 12:09:41] [GUARDIAN] ¡ALERTA OUROBOROS! process_watchdog.py ha caído. Resucitándolo de inmediato.
[2026-06-04 12:09:41] [GUARDIAN] Watchdog resucitado con éxito.
[2026-06-04 12:10:11] [GUARDIAN] ALERTA: Daemon guardian modificado externamente
[2026-06-04 12:10:11] [GUARDIAN] *** MODO CUARENTENA ACTIVADO ***
[2026-06-04 12:10:11] [GUARDIAN] ¡ALERTA OUROBOROS! process_watchdog.py ha caído. Resucitándolo de inmediato.
[2026-06-04 12:10:11] [GUARDIAN] Watchdog resucitado con éxito.
[2026-06-04 12:10:41] [GUARDIAN] ALERTA: Daemon guardian modificado externamente
[2026-06-04 12:10:41] [GUARDIAN] *** MODO CUARENTENA ACTIVADO ***
[2026-06-04 12:10:41] [GUARDIAN] ¡ALERTA OUROBOROS! process_watchdog.py ha caído. Resucitándolo de inmediato.
[2026-06-04 12:10:41] [GUARDIAN] Watchdog resucitado con éxito.
[2026-06-04 12:11:11] [GUARDIAN] ALERTA: Daemon guardian modificado externamente
[2026-06-04 12:11:11] [GUARDIAN] *** MODO CUARENTENA ACTIVADO ***
[2026-06-04 12:11:12] [GUARDIAN] ¡ALERTA OUROBOROS! process_watchdog.py ha caído. Resucitándolo de inmediato.
[2026-06-04 12:11:12] [GUARDIAN] Watchdog resucitado con éxito.
[2026-06-04 12:11:42] [GUARDIAN] ALERTA: Daemon guardian modificado externamente
[2026-06-04 12:11:42] [GUARDIAN] *** MODO CUARENTENA ACTIVADO ***
[2026-06-04 12:11:42] [GUARDIAN] ¡ALERTA OUROBOROS! process_watchdog.py ha caído. Resucitándolo de inmediato.
[2026-06-04 12:11:42] [GUARDIAN] Watchdog resucitado con éxito.
[2026-06-04 12:12:12] [GUARDIAN] ALERTA: Daemon guardian modificado externamente
[2026-06-04 12:12:12] [GUARDIAN] *** MODO CUARENTENA ACTIVADO ***
[2026-06-04 12:12:12] [GUARDIAN] ¡ALERTA OUROBOROS! process_watchdog.py ha caído. Resucitándolo de inmediato.
[2026-06-04 12:12:12] [GUARDIAN] Watchdog resucitado con éxito.
[2026-06-04 12:12:42] [GUARDIAN] ALERTA: Daemon guardian modificado externamente
[2026-06-04 12:12:42] [GUARDIAN] *** MODO CUARENTENA ACTIVADO ***
[2026-06-04 12:12:42] [GUARDIAN] ¡ALERTA OUROBOROS! process_watchdog.py ha caído. Resucitándolo de inmediato.
[2026-06-04 12:12:42] [GUARDIAN] Watchdog resucitado con éxito.
[2026-06-04 12:13:12] [GUARDIAN] ALERTA: Daemon guardian modificado externamente
[2026-06-04 12:13:12] [GUARDIAN] *** MODO CUARENTENA ACTIVADO ***
[2026-06-04 12:13:12] [GUARDIAN] ¡ALERTA OUROBOROS! process_watchdog.py ha caído. Resucitándolo de inmediato.
[2026-06-04 12:13:12] [GUARDIAN] Watchdog resucitado con éxito.
[2026-06-04 12:13:42] [GUARDIAN] ALERTA: Daemon guardian modificado externamente
[2026-06-04 12:13:42] [GUARDIAN] *** MODO CUARENTENA ACTIVADO ***
[2026-06-04 12:13:42] [GUARDIAN] ¡ALERTA OUROBOROS! process_watchdog.py ha caído. Resucitándolo de inmediato.
[2026-06-04 12:13:42] [GUARDIAN] Watchdog resucitado con éxito.
[2026-06-04 12:14:12] [GUARDIAN] ALERTA: Daemon guardian modificado externamente
[2026-06-04 12:14:12] [GUARDIAN] *** MODO CUARENTENA ACTIVADO ***
[2026-06-04 12:14:12] [GUARDIAN] ¡ALERTA OUROBOROS! process_watchdog.py ha caído. Resucitándolo de inmediato.
[2026-06-04 12:14:12] [GUARDIAN] Watchdog resucitado con éxito.
[2026-06-04 12:14:42] [GUARDIAN] ALERTA: Daemon guardian modificado externamente
[2026-06-04 12:14:42] [GUARDIAN] *** MODO CUARENTENA ACTIVADO ***
[2026-06-04 12:14:42] [GUARDIAN] ¡ALERTA OUROBOROS! process_watchdog.py ha caído. Resucitándolo de inmediato.
[2026-06-04 12:14:42] [GUARDIAN] Watchdog resucitado con éxito.
[2026-06-04 12:15:12] [GUARDIAN] ALERTA: Daemon guardian modificado externamente
[2026-06-04 12:15:12] [GUARDIAN] *** MODO CUARENTENA ACTIVADO ***
[2026-06-04 12:15:12] [GUARDIAN] ¡ALERTA OUROBOROS! process_watchdog.py ha caído. Resucitándolo de inmediato.
[2026-06-04 12:15:12] [GUARDIAN] Watchdog resucitado con éxito.
[2026-06-04 12:15:42] [GUARDIAN] ALERTA: Daemon guardian modificado externamente
[2026-06-04 12:15:42] [GUARDIAN] *** MODO CUARENTENA ACTIVADO ***
[2026-06-04 12:15:42] [GUARDIAN] ¡ALERTA OUROBOROS! process_watchdog.py ha caído. Resucitándolo de inmediato.
[2026-06-04 12:15:42] [GUARDIAN] Watchdog resucitado con éxito.
[2026-06-04 12:16:12] [GUARDIAN] ALERTA: Daemon guardian modificado externamente
[2026-06-04 12:16:12] [GUARDIAN] *** MODO CUARENTENA ACTIVADO ***
[2026-06-04 12:16:12] [GUARDIAN] ¡ALERTA OUROBOROS! process_watchdog.py ha caído. Resucitándolo de inmediato.
[2026-06-04 12:16:12] [GUARDIAN] Watchdog resucitado con éxito.
[2026-06-04 12:16:42] [GUARDIAN] ALERTA: Daemon guardian modificado externamente
[2026-06-04 12:16:42] [GUARDIAN] *** MODO CUARENTENA ACTIVADO ***
[2026-06-04 12:16:42] [GUARDIAN] ¡ALERTA OUROBOROS! process_watchdog.py ha caído. Resucitándolo de inmediato.
[2026-06-04 12:16:42] [GUARDIAN] Watchdog resucitado con éxito.
[2026-06-04 12:17:12] [GUARDIAN] ALERTA: Daemon guardian modificado externamente
[2026-06-04 12:17:12] [GUARDIAN] *** MODO CUARENTENA ACTIVADO ***
[2026-06-04 12:17:12] [GUARDIAN] ¡ALERTA OUROBOROS! process_watchdog.py ha caído. Resucitándolo de inmediato.
[2026-06-04 12:17:12] [GUARDIAN] Watchdog resucitado con éxito.
[2026-06-04 12:17:42] [GUARDIAN] ALERTA: Daemon guardian modificado externamente
[2026-06-04 12:17:42] [GUARDIAN] *** MODO CUARENTENA ACTIVADO ***
[2026-06-04 12:17:42] [GUARDIAN] ¡ALERTA OUROBOROS! process_watchdog.py ha caído. Resucitándolo de inmediato.
[2026-06-04 12:17:42] [GUARDIAN] Watchdog resucitado con éxito.
[2026-06-04 12:18:12] [GUARDIAN] ALERTA: Daemon guardian modificado externamente
[2026-06-04 12:18:12] [GUARDIAN] *** MODO CUARENTENA ACTIVADO ***
[2026-06-04 12:18:12] [GUARDIAN] ¡ALERTA OUROBOROS! process_watchdog.py ha caído. Resucitándolo de inmediato.
[2026-06-04 12:18:12] [GUARDIAN] Watchdog resucitado con éxito.
[2026-06-04 12:18:42] [GUARDIAN] ALERTA: Daemon guardian modificado externamente
[2026-06-04 12:18:42] [GUARDIAN] *** MODO CUARENTENA ACTIVADO ***
[2026-06-04 12:18:42] [GUARDIAN] ¡ALERTA OUROBOROS! process_watchdog.py ha caído. Resucitándolo de inmediato.
[2026-06-04 12:18:42] [GUARDIAN] Watchdog resucitado con éxito.
[2026-06-04 12:19:12] [GUARDIAN] ALERTA: Daemon guardian modificado externamente
[2026-06-04 12:19:12] [GUARDIAN] *** MODO CUARENTENA ACTIVADO ***
[2026-06-04 12:19:12] [GUARDIAN] ¡ALERTA OUROBOROS! process_watchdog.py ha caído. Resucitándolo de inmediato.
[2026-06-04 12:19:12] [GUARDIAN] Watchdog resucitado con éxito.
[2026-06-04 12:19:42] [GUARDIAN] ALERTA: Daemon guardian modificado externamente
[2026-06-04 12:19:42] [GUARDIAN] *** MODO CUARENTENA ACTIVADO ***
[2026-06-04 12:19:42] [GUARDIAN] ¡ALERTA OUROBOROS! process_watchdog.py ha caído. Resucitándolo de inmediato.
[2026-06-04 12:19:42] [GUARDIAN] Watchdog resucitado con éxito.
[2026-06-04 12:20:12] [GUARDIAN] ALERTA: Daemon guardian modificado externamente
[2026-06-04 12:20:12] [GUARDIAN] *** MODO CUARENTENA ACTIVADO ***
[2026-06-04 12:20:12] [GUARDIAN] ¡ALERTA OUROBOROS! process_watchdog.py ha caído. Resucitándolo de inmediato.
[2026-06-04 12:20:12] [GUARDIAN] Watchdog resucitado con éxito.
[2026-06-04 12:20:42] [GUARDIAN] ALERTA: Daemon guardian modificado externamente
[2026-06-04 12:20:42] [GUARDIAN] *** MODO CUARENTENA ACTIVADO ***
[2026-06-04 12:20:42] [GUARDIAN] ¡ALERTA OUROBOROS! process_watchdog.py ha caído. Resucitándolo de inmediato.
[2026-06-04 12:20:42] [GUARDIAN] Watchdog resucitado con éxito.
[2026-06-04 12:21:12] [GUARDIAN] ALERTA: Daemon guardian modificado externamente
[2026-06-04 12:21:12] [GUARDIAN] *** MODO CUARENTENA ACTIVADO ***
[2026-06-04 12:21:12] [GUARDIAN] ¡ALERTA OUROBOROS! process_watchdog.py ha caído. Resucitándolo de inmediato.
[2026-06-04 12:21:12] [GUARDIAN] Watchdog resucitado con éxito.
[2026-06-04 12:21:42] [GUARDIAN] ALERTA: Daemon guardian modificado externamente
[2026-06-04 12:21:42] [GUARDIAN] *** MODO CUARENTENA ACTIVADO ***
[2026-06-04 12:21:42] [GUARDIAN] ¡ALERTA OUROBOROS! process_watchdog.py ha caído. Resucitándolo de inmediato.
[2026-06-04 12:21:42] [GUARDIAN] Watchdog resucitado con éxito.
[2026-06-04 12:22:12] [GUARDIAN] ALERTA: Daemon guardian modificado externamente
[2026-06-04 12:22:12] [GUARDIAN] *** MODO CUARENTENA ACTIVADO ***
[2026-06-04 12:22:13] [GUARDIAN] ¡ALERTA OUROBOROS! process_watchdog.py ha caído. Resucitándolo de inmediato.
[2026-06-04 12:22:13] [GUARDIAN] Watchdog resucitado con éxito.
[2026-06-04 12:22:43] [GUARDIAN] ALERTA: Daemon guardian modificado externamente
[2026-06-04 12:22:43] [GUARDIAN] *** MODO CUARENTENA ACTIVADO ***
[2026-06-04 12:22:43] [GUARDIAN] ¡ALERTA OUROBOROS! process_watchdog.py ha caído. Resucitándolo de inmediato.
[2026-06-04 12:22:43] [GUARDIAN] Watchdog resucitado con éxito.
[2026-06-04 12:23:13] [GUARDIAN] ALERTA: Daemon guardian modificado externamente
[2026-06-04 12:23:13] [GUARDIAN] *** MODO CUARENTENA ACTIVADO ***
[2026-06-04 12:23:13] [GUARDIAN] ¡ALERTA OUROBOROS! process_watchdog.py ha caído. Resucitándolo de inmediato.
[2026-06-04 12:23:13] [GUARDIAN] Watchdog resucitado con éxito.
[2026-06-04 12:23:43] [GUARDIAN] ALERTA: Daemon guardian modificado externamente
[2026-06-04 12:23:43] [GUARDIAN] *** MODO CUARENTENA ACTIVADO ***
[2026-06-04 12:23:43] [GUARDIAN] ¡ALERTA OUROBOROS! process_watchdog.py ha caído. Resucitándolo de inmediato.
[2026-06-04 12:23:43] [GUARDIAN] Watchdog resucitado con éxito.
[2026-06-04 12:24:13] [GUARDIAN] ALERTA: Daemon guardian modificado externamente
[2026-06-04 12:24:13] [GUARDIAN] *** MODO CUARENTENA ACTIVADO ***
[2026-06-04 12:24:13] [GUARDIAN] ¡ALERTA OUROBOROS! process_watchdog.py ha caído. Resucitándolo de inmediato.
[2026-06-04 12:24:13] [GUARDIAN] Watchdog resucitado con éxito.
[2026-06-04 12:24:43] [GUARDIAN] ALERTA: Daemon guardian modificado externamente
[2026-06-04 12:24:43] [GUARDIAN] *** MODO CUARENTENA ACTIVADO ***
[2026-06-04 12:24:43] [GUARDIAN] ¡ALERTA OUROBOROS! process_watchdog.py ha caído. Resucitándolo de inmediato.
[2026-06-04 12:24:43] [GUARDIAN] Watchdog resucitado con éxito.
[2026-06-04 12:25:13] [GUARDIAN] ALERTA: Daemon guardian modificado externamente
[2026-06-04 12:25:13] [GUARDIAN] *** MODO CUARENTENA ACTIVADO ***
[2026-06-04 12:25:13] [GUARDIAN] ¡ALERTA OUROBOROS! process_watchdog.py ha caído. Resucitándolo de inmediato.
[2026-06-04 12:25:13] [GUARDIAN] Watchdog resucitado con éxito.
[2026-06-04 12:25:43] [GUARDIAN] ALERTA: Daemon guardian modificado externamente
[2026-06-04 12:25:43] [GUARDIAN] *** MODO CUARENTENA ACTIVADO ***
[2026-06-04 12:25:43] [GUARDIAN] ¡ALERTA OUROBOROS! process_watchdog.py ha caído. Resucitándolo de inmediato.
[2026-06-04 12:25:43] [GUARDIAN] Watchdog resucitado con éxito.
[2026-06-04 12:26:13] [GUARDIAN] ALERTA: Daemon guardian modificado externamente
[2026-06-04 12:26:13] [GUARDIAN] *** MODO CUARENTENA ACTIVADO ***
[2026-06-04 12:26:13] [GUARDIAN] ¡ALERTA OUROBOROS! process_watchdog.py ha caído. Resucitándolo de inmediato.
[2026-06-04 12:26:13] [GUARDIAN] Watchdog resucitado con éxito.
[2026-06-04 12:26:43] [GUARDIAN] ALERTA: Daemon guardian modificado externamente
[2026-06-04 12:26:43] [GUARDIAN] *** MODO CUARENTENA ACTIVADO ***
[2026-06-04 12:26:43] [GUARDIAN] ¡ALERTA OUROBOROS! process_watchdog.py ha caído. Resucitándolo de inmediato.
[2026-06-04 12:26:43] [GUARDIAN] Watchdog resucitado con éxito.
[2026-06-04 12:27:13] [GUARDIAN] ALERTA: Daemon guardian modificado externamente
[2026-06-04 12:27:13] [GUARDIAN] *** MODO CUARENTENA ACTIVADO ***
[2026-06-04 12:27:13] [GUARDIAN] ¡ALERTA OUROBOROS! process_watchdog.py ha caído. Resucitándolo de inmediato.
[2026-06-04 12:27:13] [GUARDIAN] Watchdog resucitado con éxito.
[2026-06-04 12:27:43] [GUARDIAN] ALERTA: Daemon guardian modificado externamente
[2026-06-04 12:27:43] [GUARDIAN] *** MODO CUARENTENA ACTIVADO ***
[2026-06-04 12:27:43] [GUARDIAN] ¡ALERTA OUROBOROS! process_watchdog.py ha caído. Resucitándolo de inmediato.
[2026-06-04 12:27:43] [GUARDIAN] Watchdog resucitado con éxito.
[2026-06-04 12:28:13] [GUARDIAN] ALERTA: Daemon guardian modificado externamente
[2026-06-04 12:28:13] [GUARDIAN] *** MODO CUARENTENA ACTIVADO ***
[2026-06-04 12:28:13] [GUARDIAN] ¡ALERTA OUROBOROS! process_watchdog.py ha caído. Resucitándolo de inmediato.
[2026-06-04 12:28:13] [GUARDIAN] Watchdog resucitado con éxito.
[2026-06-04 12:28:43] [GUARDIAN] ALERTA: Daemon guardian modificado externamente
[2026-06-04 12:28:43] [GUARDIAN] *** MODO CUARENTENA ACTIVADO ***
[2026-06-04 12:28:43] [GUARDIAN] ¡ALERTA OUROBOROS! process_watchdog.py ha caído. Resucitándolo de inmediato.
[2026-06-04 12:28:43] [GUARDIAN] Watchdog resucitado con éxito.
[2026-06-04 12:29:13] [GUARDIAN] ALERTA: Daemon guardian modificado externamente
[2026-06-04 12:29:13] [GUARDIAN] *** MODO CUARENTENA ACTIVADO ***
[2026-06-04 12:29:13] [GUARDIAN] ¡ALERTA OUROBOROS! process_watchdog.py ha caído. Resucitándolo de inmediato.
[2026-06-04 12:29:13] [GUARDIAN] Watchdog resucitado con éxito.
[2026-06-04 12:29:43] [GUARDIAN] ALERTA: Daemon guardian modificado externamente
[2026-06-04 12:29:43] [GUARDIAN] *** MODO CUARENTENA ACTIVADO ***
[2026-06-04 12:29:43] [GUARDIAN] ¡ALERTA OUROBOROS! process_watchdog.py ha caído. Resucitándolo de inmediato.
[2026-06-04 12:29:43] [GUARDIAN] Watchdog resucitado con éxito.
[2026-06-04 12:30:13] [GUARDIAN] ALERTA: Daemon guardian modificado externamente
[2026-06-04 12:30:13] [GUARDIAN] *** MODO CUARENTENA ACTIVADO ***
[2026-06-04 12:30:13] [GUARDIAN] ¡ALERTA OUROBOROS! process_watchdog.py ha caído. Resucitándolo de inmediato.
[2026-06-04 12:30:13] [GUARDIAN] Watchdog resucitado con éxito.
[2026-06-04 12:30:43] [GUARDIAN] ALERTA: Daemon guardian modificado externamente
[2026-06-04 12:30:43] [GUARDIAN] *** MODO CUARENTENA ACTIVADO ***
[2026-06-04 12:30:43] [GUARDIAN] ¡ALERTA OUROBOROS! process_watchdog.py ha caído. Resucitándolo de inmediato.
[2026-06-04 12:30:43] [GUARDIAN] Watchdog resucitado con éxito.
[2026-06-04 12:31:13] [GUARDIAN] ALERTA: Daemon guardian modificado externamente
[2026-06-04 12:31:13] [GUARDIAN] *** MODO CUARENTENA ACTIVADO ***
[2026-06-04 12:31:13] [GUARDIAN] ¡ALERTA OUROBOROS! process_watchdog.py ha caído. Resucitándolo de inmediato.
[2026-06-04 12:31:13] [GUARDIAN] Watchdog resucitado con éxito.
[2026-06-04 12:31:43] [GUARDIAN] ALERTA: Daemon guardian modificado externamente
[2026-06-04 12:31:43] [GUARDIAN] *** MODO CUARENTENA ACTIVADO ***
[2026-06-04 12:31:43] [GUARDIAN] ¡ALERTA OUROBOROS! process_watchdog.py ha caído. Resucitándolo de inmediato.
[2026-06-04 12:31:43] [GUARDIAN] Watchdog resucitado con éxito.
[2026-06-04 12:32:13] [GUARDIAN] ALERTA: Daemon guardian modificado externamente
[2026-06-04 12:32:13] [GUARDIAN] *** MODO CUARENTENA ACTIVADO ***
[2026-06-04 12:32:13] [GUARDIAN] ¡ALERTA OUROBOROS! process_watchdog.py ha caído. Resucitándolo de inmediato.
[2026-06-04 12:32:13] [GUARDIAN] Watchdog resucitado con éxito.
[2026-06-04 12:32:43] [GUARDIAN] ALERTA: Daemon guardian modificado externamente
[2026-06-04 12:32:43] [GUARDIAN] *** MODO CUARENTENA ACTIVADO ***
[2026-06-04 12:32:44] [GUARDIAN] ¡ALERTA OUROBOROS! process_watchdog.py ha caído. Resucitándolo de inmediato.
[2026-06-04 12:32:44] [GUARDIAN] Watchdog resucitado con éxito.
[2026-06-04 12:33:14] [GUARDIAN] ALERTA: Daemon guardian modificado externamente
[2026-06-04 12:33:14] [GUARDIAN] *** MODO CUARENTENA ACTIVADO ***
[2026-06-04 12:33:14] [GUARDIAN] ¡ALERTA OUROBOROS! process_watchdog.py ha caído. Resucitándolo de inmediato.
[2026-06-04 12:33:14] [GUARDIAN] Watchdog resucitado con éxito.
[2026-06-04 12:33:44] [GUARDIAN] ALERTA: Daemon guardian modificado externamente
[2026-06-04 12:33:44] [GUARDIAN] *** MODO CUARENTENA ACTIVADO ***
[2026-06-04 12:33:44] [GUARDIAN] ¡ALERTA OUROBOROS! process_watchdog.py ha caído. Resucitándolo de inmediato.
[2026-06-04 12:33:44] [GUARDIAN] Watchdog resucitado con éxito.
[2026-06-04 12:34:14] [GUARDIAN] ALERTA: Daemon guardian modificado externamente
[2026-06-04 12:34:14] [GUARDIAN] *** MODO CUARENTENA ACTIVADO ***
[2026-06-04 12:34:14] [GUARDIAN] ¡ALERTA OUROBOROS! process_watchdog.py ha caído. Resucitándolo de inmediato.
[2026-06-04 12:34:14] [GUARDIAN] Watchdog resucitado con éxito.
[2026-06-04 12:34:44] [GUARDIAN] ALERTA: Daemon guardian modificado externamente
[2026-06-04 12:34:44] [GUARDIAN] *** MODO CUARENTENA ACTIVADO ***
[2026-06-04 12:34:44] [GUARDIAN] ¡ALERTA OUROBOROS! process_watchdog.py ha caído. Resucitándolo de inmediato.
[2026-06-04 12:34:44] [GUARDIAN] Watchdog resucitado con éxito.
[2026-06-04 12:35:14] [GUARDIAN] ALERTA: Daemon guardian modificado externamente
[2026-06-04 12:35:14] [GUARDIAN] *** MODO CUARENTENA ACTIVADO ***
[2026-06-04 12:35:14] [GUARDIAN] ¡ALERTA OUROBOROS! process_watchdog.py ha caído. Resucitándolo de inmediato.
[2026-06-04 12:35:14] [GUARDIAN] Watchdog resucitado con éxito.
[2026-06-04 12:35:44] [GUARDIAN] ALERTA: Daemon guardian modificado externamente
[2026-06-04 12:35:44] [GUARDIAN] *** MODO CUARENTENA ACTIVADO ***
[2026-06-04 12:35:44] [GUARDIAN] ¡ALERTA OUROBOROS! process_watchdog.py ha caído. Resucitándolo de inmediato.
[2026-06-04 12:35:44] [GUARDIAN] Watchdog resucitado con éxito.
[2026-06-04 12:36:14] [GUARDIAN] ALERTA: Daemon guardian modificado externamente
[2026-06-04 12:36:14] [GUARDIAN] *** MODO CUARENTENA ACTIVADO ***
[2026-06-04 12:36:14] [GUARDIAN] ¡ALERTA OUROBOROS! process_watchdog.py ha caído. Resucitándolo de inmediato.
[2026-06-04 12:36:14] [GUARDIAN] Watchdog resucitado con éxito.
[2026-06-04 12:36:44] [GUARDIAN] ALERTA: Daemon guardian modificado externamente
[2026-06-04 12:36:44] [GUARDIAN] *** MODO CUARENTENA ACTIVADO ***
[2026-06-04 12:36:44] [GUARDIAN] ¡ALERTA OUROBOROS! process_watchdog.py ha caído. Resucitándolo de inmediato.
[2026-06-04 12:36:44] [GUARDIAN] Watchdog resucitado con éxito.
[2026-06-04 12:37:14] [GUARDIAN] ALERTA: Daemon guardian modificado externamente
[2026-06-04 12:37:14] [GUARDIAN] *** MODO CUARENTENA ACTIVADO ***
[2026-06-04 12:37:14] [GUARDIAN] ¡ALERTA OUROBOROS! process_watchdog.py ha caído. Resucitándolo de inmediato.
[2026-06-04 12:37:14] [GUARDIAN] Watchdog resucitado con éxito.
[2026-06-04 12:37:44] [GUARDIAN] ALERTA: Daemon guardian modificado externamente
[2026-06-04 12:37:44] [GUARDIAN] *** MODO CUARENTENA ACTIVADO ***
[2026-06-04 12:37:44] [GUARDIAN] ¡ALERTA OUROBOROS! process_watchdog.py ha caído. Resucitándolo de inmediato.
[2026-06-04 12:37:44] [GUARDIAN] Watchdog resucitado con éxito.
[2026-06-04 12:38:14] [GUARDIAN] ALERTA: Daemon guardian modificado externamente
[2026-06-04 12:38:14] [GUARDIAN] *** MODO CUARENTENA ACTIVADO ***
[2026-06-04 12:38:14] [GUARDIAN] ¡ALERTA OUROBOROS! process_watchdog.py ha caído. Resucitándolo de inmediato.
[2026-06-04 12:38:14] [GUARDIAN] Watchdog resucitado con éxito.
[2026-06-04 12:38:44] [GUARDIAN] ALERTA: Daemon guardian modificado externamente
[2026-06-04 12:38:44] [GUARDIAN] *** MODO CUARENTENA ACTIVADO ***
[2026-06-04 12:38:44] [GUARDIAN] ¡ALERTA OUROBOROS! process_watchdog.py ha caído. Resucitándolo de inmediato.
[2026-06-04 12:38:44] [GUARDIAN] Watchdog resucitado con éxito.
[2026-06-04 12:39:14] [GUARDIAN] ALERTA: Daemon guardian modificado externamente
[2026-06-04 12:39:14] [GUARDIAN] *** MODO CUARENTENA ACTIVADO ***
[2026-06-04 12:39:14] [GUARDIAN] ¡ALERTA OUROBOROS! process_watchdog.py ha caído. Resucitándolo de inmediato.
[2026-06-04 12:39:14] [GUARDIAN] Watchdog resucitado con éxito.
[2026-06-04 12:39:44] [GUARDIAN] ALERTA: Daemon guardian modificado externamente
[2026-06-04 12:39:44] [GUARDIAN] *** MODO CUARENTENA ACTIVADO ***
[2026-06-04 12:39:44] [GUARDIAN] ¡ALERTA OUROBOROS! process_watchdog.py ha caído. Resucitándolo de inmediato.
[2026-06-04 12:39:44] [GUARDIAN] Watchdog resucitado con éxito.
[2026-06-04 12:40:14] [GUARDIAN] ALERTA: Daemon guardian modificado externamente
[2026-06-04 12:40:14] [GUARDIAN] *** MODO CUARENTENA ACTIVADO ***
[2026-06-04 12:40:14] [GUARDIAN] ¡ALERTA OUROBOROS! process_watchdog.py ha caído. Resucitándolo de inmediato.
[2026-06-04 12:40:14] [GUARDIAN] Watchdog resucitado con éxito.
[2026-06-04 12:40:44] [GUARDIAN] ALERTA: Daemon guardian modificado externamente
[2026-06-04 12:40:44] [GUARDIAN] *** MODO CUARENTENA ACTIVADO ***
[2026-06-04 12:40:44] [GUARDIAN] ¡ALERTA OUROBOROS! process_watchdog.py ha caído. Resucitándolo de inmediato.
[2026-06-04 12:40:44] [GUARDIAN] Watchdog resucitado con éxito.
[2026-06-04 12:41:14] [GUARDIAN] ALERTA: Daemon guardian modificado externamente
[2026-06-04 12:41:14] [GUARDIAN] *** MODO CUARENTENA ACTIVADO ***
[2026-06-04 12:41:14] [GUARDIAN] ¡ALERTA OUROBOROS! process_watchdog.py ha caído. Resucitándolo de inmediato.
[2026-06-04 12:41:14] [GUARDIAN] Watchdog resucitado con éxito.
[2026-06-04 12:41:44] [GUARDIAN] ALERTA: Daemon guardian modificado externamente
[2026-06-04 12:41:44] [GUARDIAN] *** MODO CUARENTENA ACTIVADO ***
[2026-06-04 12:41:44] [GUARDIAN] ¡ALERTA OUROBOROS! process_watchdog.py ha caído. Resucitándolo de inmediato.
[2026-06-04 12:41:44] [GUARDIAN] Watchdog resucitado con éxito.
[2026-06-04 12:42:14] [GUARDIAN] ALERTA: Daemon guardian modificado externamente
[2026-06-04 12:42:14] [GUARDIAN] *** MODO CUARENTENA ACTIVADO ***
[2026-06-04 12:42:14] [GUARDIAN] ¡ALERTA OUROBOROS! process_watchdog.py ha caído. Resucitándolo de inmediato.
[2026-06-04 12:42:14] [GUARDIAN] Watchdog resucitado con éxito.
[2026-06-04 12:42:44] [GUARDIAN] ALERTA: Daemon guardian modificado externamente
[2026-06-04 12:42:44] [GUARDIAN] *** MODO CUARENTENA ACTIVADO ***
[2026-06-04 12:42:44] [GUARDIAN] ¡ALERTA OUROBOROS! process_watchdog.py ha caído. Resucitándolo de inmediato.
[2026-06-04 12:42:44] [GUARDIAN] Watchdog resucitado con éxito.
[2026-06-04 12:43:14] [GUARDIAN] ALERTA: Daemon guardian modificado externamente
[2026-06-04 12:43:14] [GUARDIAN] *** MODO CUARENTENA ACTIVADO ***
[2026-06-04 12:43:14] [GUARDIAN] ¡ALERTA OUROBOROS! process_watchdog.py ha caído. Resucitándolo de inmediato.
[2026-06-04 12:43:14] [GUARDIAN] Watchdog resucitado con éxito.
[2026-06-04 12:43:44] [GUARDIAN] ALERTA: Daemon guardian modificado externamente
[2026-06-04 12:43:44] [GUARDIAN] *** MODO CUARENTENA ACTIVADO ***
[2026-06-04 12:43:45] [GUARDIAN] ¡ALERTA OUROBOROS! process_watchdog.py ha caído. Resucitándolo de inmediato.
[2026-06-04 12:43:45] [GUARDIAN] Watchdog resucitado con éxito.
[2026-06-04 12:44:15] [GUARDIAN] ALERTA: Daemon guardian modificado externamente
[2026-06-04 12:44:15] [GUARDIAN] *** MODO CUARENTENA ACTIVADO ***
[2026-06-04 12:44:15] [GUARDIAN] ¡ALERTA OUROBOROS! process_watchdog.py ha caído. Resucitándolo de inmediato.
[2026-06-04 12:44:15] [GUARDIAN] Watchdog resucitado con éxito.
[2026-06-04 12:44:45] [GUARDIAN] ALERTA: Daemon guardian modificado externamente
[2026-06-04 12:44:45] [GUARDIAN] *** MODO CUARENTENA ACTIVADO ***
[2026-06-04 12:44:45] [GUARDIAN] ¡ALERTA OUROBOROS! process_watchdog.py ha caído. Resucitándolo de inmediato.
[2026-06-04 12:44:45] [GUARDIAN] Watchdog resucitado con éxito.
[2026-06-04 12:45:15] [GUARDIAN] ALERTA: Daemon guardian modificado externamente
[2026-06-04 12:45:15] [GUARDIAN] *** MODO CUARENTENA ACTIVADO ***
[2026-06-04 12:45:15] [GUARDIAN] ¡ALERTA OUROBOROS! process_watchdog.py ha caído. Resucitándolo de inmediato.
[2026-06-04 12:45:15] [GUARDIAN] Watchdog resucitado con éxito.
[2026-06-04 12:45:45] [GUARDIAN] ALERTA: Daemon guardian modificado externamente
[2026-06-04 12:45:45] [GUARDIAN] *** MODO CUARENTENA ACTIVADO ***
[2026-06-04 12:45:45] [GUARDIAN] ¡ALERTA OUROBOROS! process_watchdog.py ha caído. Resucitándolo de inmediato.
[2026-06-04 12:45:45] [GUARDIAN] Watchdog resucitado con éxito.
[2026-06-04 12:46:15] [GUARDIAN] ALERTA: Daemon guardian modificado externamente
[2026-06-04 12:46:15] [GUARDIAN] *** MODO CUARENTENA ACTIVADO ***
[2026-06-04 12:46:15] [GUARDIAN] ¡ALERTA OUROBOROS! process_watchdog.py ha caído. Resucitándolo de inmediato.
[2026-06-04 12:46:15] [GUARDIAN] Watchdog resucitado con éxito.
[2026-06-04 12:46:45] [GUARDIAN] ALERTA: Daemon guardian modificado externamente
[2026-06-04 12:46:45] [GUARDIAN] *** MODO CUARENTENA ACTIVADO ***
[2026-06-04 12:46:45] [GUARDIAN] ¡ALERTA OUROBOROS! process_watchdog.py ha caído. Resucitándolo de inmediato.
[2026-06-04 12:46:45] [GUARDIAN] Watchdog resucitado con éxito.
[2026-06-04 12:47:15] [GUARDIAN] ALERTA: Daemon guardian modificado externamente
[2026-06-04 12:47:15] [GUARDIAN] *** MODO CUARENTENA ACTIVADO ***
[2026-06-04 12:47:15] [GUARDIAN] ¡ALERTA OUROBOROS! process_watchdog.py ha caído. Resucitándolo de inmediato.
[2026-06-04 12:47:15] [GUARDIAN] Watchdog resucitado con éxito.
[2026-06-04 12:47:45] [GUARDIAN] ALERTA: Daemon guardian modificado externamente
[2026-06-04 12:47:45] [GUARDIAN] *** MODO CUARENTENA ACTIVADO ***
[2026-06-04 12:47:45] [GUARDIAN] ¡ALERTA OUROBOROS! process_watchdog.py ha caído. Resucitándolo de inmediato.
[2026-06-04 12:47:45] [GUARDIAN] Watchdog resucitado con éxito.
[2026-06-04 12:48:15] [GUARDIAN] ALERTA: Daemon guardian modificado externamente
[2026-06-04 12:48:15] [GUARDIAN] *** MODO CUARENTENA ACTIVADO ***
[2026-06-04 12:48:15] [GUARDIAN] ¡ALERTA OUROBOROS! process_watchdog.py ha caído. Resucitándolo de inmediato.
[2026-06-04 12:48:15] [GUARDIAN] Watchdog resucitado con éxito.
[2026-06-04 12:48:45] [GUARDIAN] ALERTA: Daemon guardian modificado externamente
[2026-06-04 12:48:45] [GUARDIAN] *** MODO CUARENTENA ACTIVADO ***
[2026-06-04 12:48:45] [GUARDIAN] ¡ALERTA OUROBOROS! process_watchdog.py ha caído. Resucitándolo de inmediato.
[2026-06-04 12:48:45] [GUARDIAN] Watchdog resucitado con éxito.
[2026-06-04 12:49:15] [GUARDIAN] ALERTA: Daemon guardian modificado externamente
[2026-06-04 12:49:15] [GUARDIAN] *** MODO CUARENTENA ACTIVADO ***
[2026-06-04 12:49:15] [GUARDIAN] ¡ALERTA OUROBOROS! process_watchdog.py ha caído. Resucitándolo de inmediato.
[2026-06-04 12:49:15] [GUARDIAN] Watchdog resucitado con éxito.
[2026-06-04 12:49:45] [GUARDIAN] ALERTA: Daemon guardian modificado externamente
[2026-06-04 12:49:45] [GUARDIAN] *** MODO CUARENTENA ACTIVADO ***
[2026-06-04 12:49:45] [GUARDIAN] ¡ALERTA OUROBOROS! process_watchdog.py ha caído. Resucitándolo de inmediato.
[2026-06-04 12:49:45] [GUARDIAN] Watchdog resucitado con éxito.
[2026-06-04 12:50:15] [GUARDIAN] ALERTA: Daemon guardian modificado externamente
[2026-06-04 12:50:15] [GUARDIAN] *** MODO CUARENTENA ACTIVADO ***
[2026-06-04 12:50:15] [GUARDIAN] ¡ALERTA OUROBOROS! process_watchdog.py ha caído. Resucitándolo de inmediato.
[2026-06-04 12:50:15] [GUARDIAN] Watchdog resucitado con éxito.
[2026-06-04 12:50:45] [GUARDIAN] ALERTA: Daemon guardian modificado externamente
[2026-06-04 12:50:45] [GUARDIAN] *** MODO CUARENTENA ACTIVADO ***
[2026-06-04 12:50:45] [GUARDIAN] ¡ALERTA OUROBOROS! process_watchdog.py ha caído. Resucitándolo de inmediato.
[2026-06-04 12:50:45] [GUARDIAN] Watchdog resucitado con éxito.
[2026-06-04 12:51:15] [GUARDIAN] ALERTA: Daemon guardian modificado externamente
[2026-06-04 12:51:15] [GUARDIAN] *** MODO CUARENTENA ACTIVADO ***
[2026-06-04 12:51:15] [GUARDIAN] ¡ALERTA OUROBOROS! process_watchdog.py ha caído. Resucitándolo de inmediato.
[2026-06-04 12:51:15] [GUARDIAN] Watchdog resucitado con éxito.
[2026-06-04 12:51:45] [GUARDIAN] ALERTA: Daemon guardian modificado externamente
[2026-06-04 12:51:45] [GUARDIAN] *** MODO CUARENTENA ACTIVADO ***
[2026-06-04 12:51:45] [GUARDIAN] ¡ALERTA OUROBOROS! process_watchdog.py ha caído. Resucitándolo de inmediato.
[2026-06-04 12:51:45] [GUARDIAN] Watchdog resucitado con éxito.
[2026-06-04 12:52:15] [GUARDIAN] ALERTA: Daemon guardian modificado externamente
[2026-06-04 12:52:15] [GUARDIAN] *** MODO CUARENTENA ACTIVADO ***
[2026-06-04 12:52:15] [GUARDIAN] ¡ALERTA OUROBOROS! process_watchdog.py ha caído. Resucitándolo de inmediato.
[2026-06-04 12:52:15] [GUARDIAN] Watchdog resucitado con éxito.
[2026-06-04 12:52:45] [GUARDIAN] ALERTA: Daemon guardian modificado externamente
[2026-06-04 12:52:45] [GUARDIAN] *** MODO CUARENTENA ACTIVADO ***
[2026-06-04 12:52:45] [GUARDIAN] ¡ALERTA OUROBOROS! process_watchdog.py ha caído. Resucitándolo de inmediato.
[2026-06-04 12:52:45] [GUARDIAN] Watchdog resucitado con éxito.
[2026-06-04 12:53:15] [GUARDIAN] ALERTA: Daemon guardian modificado externamente
[2026-06-04 12:53:15] [GUARDIAN] *** MODO CUARENTENA ACTIVADO ***
[2026-06-04 12:53:15] [GUARDIAN] ¡ALERTA OUROBOROS! process_watchdog.py ha caído. Resucitándolo de inmediato.
[2026-06-04 12:53:15] [GUARDIAN] Watchdog resucitado con éxito.
[2026-06-04 12:53:45] [GUARDIAN] ALERTA: Daemon guardian modificado externamente
[2026-06-04 12:53:45] [GUARDIAN] *** MODO CUARENTENA ACTIVADO ***
[2026-06-04 12:53:45] [GUARDIAN] ¡ALERTA OUROBOROS! process_watchdog.py ha caído. Resucitándolo de inmediato.
[2026-06-04 12:53:45] [GUARDIAN] Watchdog resucitado con éxito.
[2026-06-04 12:54:15] [GUARDIAN] ALERTA: Daemon guardian modificado externamente
[2026-06-04 12:54:15] [GUARDIAN] *** MODO CUARENTENA ACTIVADO ***
[2026-06-04 12:54:15] [GUARDIAN] ¡ALERTA OUROBOROS! process_watchdog.py ha caído. Resucitándolo de inmediato.
[2026-06-04 12:54:15] [GUARDIAN] Watchdog resucitado con éxito.
[2026-06-04 12:54:45] [GUARDIAN] ALERTA: Daemon guardian modificado externamente
[2026-06-04 12:54:45] [GUARDIAN] *** MODO CUARENTENA ACTIVADO ***
[2026-06-04 12:54:46] [GUARDIAN] ¡ALERTA OUROBOROS! process_watchdog.py ha caído. Resucitándolo de inmediato.
[2026-06-04 12:54:46] [GUARDIAN] Watchdog resucitado con éxito.
[2026-06-04 12:55:16] [GUARDIAN] ALERTA: Daemon guardian modificado externamente
[2026-06-04 12:55:16] [GUARDIAN] *** MODO CUARENTENA ACTIVADO ***
[2026-06-04 12:55:16] [GUARDIAN] ¡ALERTA OUROBOROS! process_watchdog.py ha caído. Resucitándolo de inmediato.
[2026-06-04 12:55:16] [GUARDIAN] Watchdog resucitado con éxito.
[2026-06-04 12:55:46] [GUARDIAN] ALERTA: Daemon guardian modificado externamente
[2026-06-04 12:55:46] [GUARDIAN] *** MODO CUARENTENA ACTIVADO ***
[2026-06-04 12:55:46] [GUARDIAN] ¡ALERTA OUROBOROS! process_watchdog.py ha caído. Resucitándolo de inmediato.
[2026-06-04 12:55:46] [GUARDIAN] Watchdog resucitado con éxito.
[2026-06-04 12:56:16] [GUARDIAN] ALERTA: Daemon guardian modificado externamente
[2026-06-04 12:56:16] [GUARDIAN] *** MODO CUARENTENA ACTIVADO ***
[2026-06-04 12:56:16] [GUARDIAN] ¡ALERTA OUROBOROS! process_watchdog.py ha caído. Resucitándolo de inmediato.
[2026-06-04 12:56:16] [GUARDIAN] Watchdog resucitado con éxito.
[2026-06-04 12:56:46] [GUARDIAN] ALERTA: Daemon guardian modificado externamente
[2026-06-04 12:56:46] [GUARDIAN] *** MODO CUARENTENA ACTIVADO ***
[2026-06-04 12:56:46] [GUARDIAN] ¡ALERTA OUROBOROS! process_watchdog.py ha caído. Resucitándolo de inmediato.
[2026-06-04 12:56:46] [GUARDIAN] Watchdog resucitado con éxito.
[2026-06-04 12:57:16] [GUARDIAN] ALERTA: Daemon guardian modificado externamente
[2026-06-04 12:57:16] [GUARDIAN] *** MODO CUARENTENA ACTIVADO ***
[2026-06-04 12:57:16] [GUARDIAN] ¡ALERTA OUROBOROS! process_watchdog.py ha caído. Resucitándolo de inmediato.
[2026-06-04 12:57:16] [GUARDIAN] Watchdog resucitado con éxito.
[2026-06-04 12:57:46] [GUARDIAN] ALERTA: Daemon guardian modificado externamente
[2026-06-04 12:57:46] [GUARDIAN] *** MODO CUARENTENA ACTIVADO ***
[2026-06-04 12:57:46] [GUARDIAN] ¡ALERTA OUROBOROS! process_watchdog.py ha caído. Resucitándolo de inmediato.
[2026-06-04 12:57:46] [GUARDIAN] Watchdog resucitado con éxito.
[2026-06-04 12:58:16] [GUARDIAN] ALERTA: Daemon guardian modificado externamente
[2026-06-04 12:58:16] [GUARDIAN] *** MODO CUARENTENA ACTIVADO ***
[2026-06-04 12:58:16] [GUARDIAN] ¡ALERTA OUROBOROS! process_watchdog.py ha caído. Resucitándolo de inmediato.
[2026-06-04 12:58:16] [GUARDIAN] Watchdog resucitado con éxito.
[2026-06-04 12:58:46] [GUARDIAN] ALERTA: Daemon guardian modificado externamente
[2026-06-04 12:58:46] [GUARDIAN] *** MODO CUARENTENA ACTIVADO ***
[2026-06-04 12:58:46] [GUARDIAN] ¡ALERTA OUROBOROS! process_watchdog.py ha caído. Resucitándolo de inmediato.
[2026-06-04 12:58:46] [GUARDIAN] Watchdog resucitado con éxito.
[2026-06-04 12:59:16] [GUARDIAN] ALERTA: Daemon guardian modificado externamente
[2026-06-04 12:59:16] [GUARDIAN] *** MODO CUARENTENA ACTIVADO ***
[2026-06-04 12:59:16] [GUARDIAN] ¡ALERTA OUROBOROS! process_watchdog.py ha caído. Resucitándolo de inmediato.
[2026-06-04 12:59:16] [GUARDIAN] Watchdog resucitado con éxito.
[2026-06-04 12:59:46] [GUARDIAN] ALERTA: Daemon guardian modificado externamente
[2026-06-04 12:59:46] [GUARDIAN] *** MODO CUARENTENA ACTIVADO ***
[2026-06-04 12:59:46] [GUARDIAN] ¡ALERTA OUROBOROS! process_watchdog.py ha caído. Resucitándolo de inmediato.
[2026-06-04 12:59:46] [GUARDIAN] Watchdog resucitado con éxito.
[2026-06-04 13:00:16] [GUARDIAN] ALERTA: Daemon guardian modificado externamente
[2026-06-04 13:00:16] [GUARDIAN] *** MODO CUARENTENA ACTIVADO ***
[2026-06-04 13:00:16] [GUARDIAN] ¡ALERTA OUROBOROS! process_watchdog.py ha caído. Resucitándolo de inmediato.
[2026-06-04 13:00:16] [GUARDIAN] Watchdog resucitado con éxito.
[2026-06-04 13:00:46] [GUARDIAN] ALERTA: Daemon guardian modificado externamente
[2026-06-04 13:00:46] [GUARDIAN] *** MODO CUARENTENA ACTIVADO ***
[2026-06-04 13:00:46] [GUARDIAN] ¡ALERTA OUROBOROS! process_watchdog.py ha caído. Resucitándolo de inmediato.
[2026-06-04 13:00:46] [GUARDIAN] Watchdog resucitado con éxito.
[2026-06-04 13:01:16] [GUARDIAN] ALERTA: Daemon guardian modificado externamente
[2026-06-04 13:01:16] [GUARDIAN] *** MODO CUARENTENA ACTIVADO ***
[2026-06-04 13:01:16] [GUARDIAN] ¡ALERTA OUROBOROS! process_watchdog.py ha caído. Resucitándolo de inmediato.
[2026-06-04 13:01:16] [GUARDIAN] Watchdog resucitado con éxito.
[2026-06-04 13:01:46] [GUARDIAN] ALERTA: Daemon guardian modificado externamente
[2026-06-04 13:01:46] [GUARDIAN] *** MODO CUARENTENA ACTIVADO ***
[2026-06-04 13:01:46] [GUARDIAN] ¡ALERTA OUROBOROS! process_watchdog.py ha caído. Resucitándolo de inmediato.
[2026-06-04 13:01:46] [GUARDIAN] Watchdog resucitado con éxito.
[2026-06-04 13:02:16] [GUARDIAN] ALERTA: Daemon guardian modificado externamente
[2026-06-04 13:02:16] [GUARDIAN] *** MODO CUARENTENA ACTIVADO ***
[2026-06-04 13:02:16] [GUARDIAN] ¡ALERTA OUROBOROS! process_watchdog.py ha caído. Resucitándolo de inmediato.
[2026-06-04 13:02:16] [GUARDIAN] Watchdog resucitado con éxito.
[2026-06-04 13:02:46] [GUARDIAN] ALERTA: Daemon guardian modificado externamente
[2026-06-04 13:02:46] [GUARDIAN] *** MODO CUARENTENA ACTIVADO ***
[2026-06-04 13:02:46] [GUARDIAN] ¡ALERTA OUROBOROS! process_watchdog.py ha caído. Resucitándolo de inmediato.
[2026-06-04 13:02:46] [GUARDIAN] Watchdog resucitado con éxito.
[2026-06-04 13:03:16] [GUARDIAN] ALERTA: Daemon guardian modificado externamente
[2026-06-04 13:03:16] [GUARDIAN] *** MODO CUARENTENA ACTIVADO ***
[2026-06-04 13:03:16] [GUARDIAN] ¡ALERTA OUROBOROS! process_watchdog.py ha caído. Resucitándolo de inmediato.
[2026-06-04 13:03:16] [GUARDIAN] Watchdog resucitado con éxito.
[2026-06-04 13:03:46] [GUARDIAN] ALERTA: Daemon guardian modificado externamente
[2026-06-04 13:03:46] [GUARDIAN] *** MODO CUARENTENA ACTIVADO ***
[2026-06-04 13:03:46] [GUARDIAN] ¡ALERTA OUROBOROS! process_watchdog.py ha caído. Resucitándolo de inmediato.
[2026-06-04 13:03:46] [GUARDIAN] Watchdog resucitado con éxito.
[2026-06-04 13:04:16] [GUARDIAN] ALERTA: Daemon guardian modificado externamente
[2026-06-04 13:04:16] [GUARDIAN] *** MODO CUARENTENA ACTIVADO ***
[2026-06-04 13:04:16] [GUARDIAN] ¡ALERTA OUROBOROS! process_watchdog.py ha caído. Resucitándolo de inmediato.
[2026-06-04 13:04:16] [GUARDIAN] Watchdog resucitado con éxito.
[2026-06-04 13:04:46] [GUARDIAN] ALERTA: Daemon guardian modificado externamente
[2026-06-04 13:04:46] [GUARDIAN] *** MODO CUARENTENA ACTIVADO ***
[2026-06-04 13:04:46] [GUARDIAN] ¡ALERTA OUROBOROS! process_watchdog.py ha caído. Resucitándolo de inmediato.
[2026-06-04 13:04:46] [GUARDIAN] Watchdog resucitado con éxito.
[2026-06-04 13:05:16] [GUARDIAN] ALERTA: Daemon guardian modificado externamente
[2026-06-04 13:05:16] [GUARDIAN] *** MODO CUARENTENA ACTIVADO ***
[2026-06-04 13:05:16] [GUARDIAN] ¡ALERTA OUROBOROS! process_watchdog.py ha caído. Resucitándolo de inmediato.
[2026-06-04 13:05:16] [GUARDIAN] Watchdog resucitado con éxito.
[2026-06-04 13:05:46] [GUARDIAN] ALERTA: Daemon guardian modificado externamente
[2026-06-04 13:05:46] [GUARDIAN] *** MODO CUARENTENA ACTIVADO ***
[2026-06-04 13:05:46] [GUARDIAN] ¡ALERTA OUROBOROS! process_watchdog.py ha caído. Resucitándolo de inmediato.
[2026-06-04 13:05:46] [GUARDIAN] Watchdog resucitado con éxito.
[2026-06-04 13:06:16] [GUARDIAN] ALERTA: Daemon guardian modificado externamente
[2026-06-04 13:06:16] [GUARDIAN] *** MODO CUARENTENA ACTIVADO ***
[2026-06-04 13:06:17] [GUARDIAN] ¡ALERTA OUROBOROS! process_watchdog.py ha caído. Resucitándolo de inmediato.
[2026-06-04 13:06:17] [GUARDIAN] Watchdog resucitado con éxito.
[2026-06-04 13:06:47] [GUARDIAN] ALERTA: Daemon guardian modificado externamente
[2026-06-04 13:06:47] [GUARDIAN] *** MODO CUARENTENA ACTIVADO ***
[2026-06-04 13:06:47] [GUARDIAN] ¡ALERTA OUROBOROS! process_watchdog.py ha caído. Resucitándolo de inmediato.
[2026-06-04 13:06:47] [GUARDIAN] Watchdog resucitado con éxito.
[2026-06-04 13:07:17] [GUARDIAN] ALERTA: Daemon guardian modificado externamente
[2026-06-04 13:07:17] [GUARDIAN] *** MODO CUARENTENA ACTIVADO ***
[2026-06-04 13:07:17] [GUARDIAN] ¡ALERTA OUROBOROS! process_watchdog.py ha caído. Resucitándolo de inmediato.
[2026-06-04 13:07:17] [GUARDIAN] Watchdog resucitado con éxito.
[2026-06-04 13:07:47] [GUARDIAN] ALERTA: Daemon guardian modificado externamente
[2026-06-04 13:07:47] [GUARDIAN] *** MODO CUARENTENA ACTIVADO ***
[2026-06-04 13:07:47] [GUARDIAN] ¡ALERTA OUROBOROS! process_watchdog.py ha caído. Resucitándolo de inmediato.
[2026-06-04 13:07:47] [GUARDIAN] Watchdog resucitado con éxito.
[2026-06-04 13:08:17] [GUARDIAN] ALERTA: Daemon guardian modificado externamente
[2026-06-04 13:08:17] [GUARDIAN] *** MODO CUARENTENA ACTIVADO ***
[2026-06-04 13:08:17] [GUARDIAN] ¡ALERTA OUROBOROS! process_watchdog.py ha caído. Resucitándolo de inmediato.
[2026-06-04 13:08:17] [GUARDIAN] Watchdog resucitado con éxito.
[2026-06-04 13:08:47] [GUARDIAN] ALERTA: Daemon guardian modificado externamente
[2026-06-04 13:08:47] [GUARDIAN] *** MODO CUARENTENA ACTIVADO ***
[2026-06-04 13:08:47] [GUARDIAN] ¡ALERTA OUROBOROS! process_watchdog.py ha caído. Resucitándolo de inmediato.
[2026-06-04 13:08:47] [GUARDIAN] Watchdog resucitado con éxito.
[2026-06-04 13:09:17] [GUARDIAN] ALERTA: Daemon guardian modificado externamente
[2026-06-04 13:09:17] [GUARDIAN] *** MODO CUARENTENA ACTIVADO ***
[2026-06-04 13:09:17] [GUARDIAN] ¡ALERTA OUROBOROS! process_watchdog.py ha caído. Resucitándolo de inmediato.
[2026-06-04 13:09:17] [GUARDIAN] Watchdog resucitado con éxito.
[2026-06-04 13:09:47] [GUARDIAN] ALERTA: Daemon guardian modificado externamente
[2026-06-04 13:09:47] [GUARDIAN] *** MODO CUARENTENA ACTIVADO ***
[2026-06-04 13:09:47] [GUARDIAN] ¡ALERTA OUROBOROS! process_watchdog.py ha caído. Resucitándolo de inmediato.
[2026-06-04 13:09:47] [GUARDIAN] Watchdog resucitado con éxito.
[2026-06-04 13:10:17] [GUARDIAN] ALERTA: Daemon guardian modificado externamente
[2026-06-04 13:10:17] [GUARDIAN] *** MODO CUARENTENA ACTIVADO ***
[2026-06-04 13:10:17] [GUARDIAN] ¡ALERTA OUROBOROS! process_watchdog.py ha caído. Resucitándolo de inmediato.
[2026-06-04 13:10:17] [GUARDIAN] Watchdog resucitado con éxito.
[2026-06-04 13:10:47] [GUARDIAN] ALERTA: Daemon guardian modificado externamente
[2026-06-04 13:10:47] [GUARDIAN] *** MODO CUARENTENA ACTIVADO ***
[2026-06-04 13:10:47] [GUARDIAN] ¡ALERTA OUROBOROS! process_watchdog.py ha caído. Resucitándolo de inmediato.
[2026-06-04 13:10:47] [GUARDIAN] Watchdog resucitado con éxito.
[2026-06-04 13:11:17] [GUARDIAN] ALERTA: Daemon guardian modificado externamente
[2026-06-04 13:11:17] [GUARDIAN] *** MODO CUARENTENA ACTIVADO ***
[2026-06-04 13:11:17] [GUARDIAN] ¡ALERTA OUROBOROS! process_watchdog.py ha caído. Resucitándolo de inmediato.
[2026-06-04 13:11:17] [GUARDIAN] Watchdog resucitado con éxito.
[2026-06-04 13:11:47] [GUARDIAN] ALERTA: Daemon guardian modificado externamente
[2026-06-04 13:11:47] [GUARDIAN] *** MODO CUARENTENA ACTIVADO ***
[2026-06-04 13:11:47] [GUARDIAN] ¡ALERTA OUROBOROS! process_watchdog.py ha caído. Resucitándolo de inmediato.
[2026-06-04 13:11:47] [GUARDIAN] Watchdog resucitado con éxito.
[2026-06-04 13:12:17] [GUARDIAN] ALERTA: Daemon guardian modificado externamente
[2026-06-04 13:12:17] [GUARDIAN] *** MODO CUARENTENA ACTIVADO ***
[2026-06-04 13:12:17] [GUARDIAN] ¡ALERTA OUROBOROS! process_watchdog.py ha caído. Resucitándolo de inmediato.
[2026-06-04 13:12:17] [GUARDIAN] Watchdog resucitado con éxito.
[2026-06-04 13:12:47] [GUARDIAN] ALERTA: Daemon guardian modificado externamente
[2026-06-04 13:12:47] [GUARDIAN] *** MODO CUARENTENA ACTIVADO ***
[2026-06-04 13:12:47] [GUARDIAN] ¡ALERTA OUROBOROS! process_watchdog.py ha caído. Resucitándolo de inmediato.
[2026-06-04 13:12:47] [GUARDIAN] Watchdog resucitado con éxito.
[2026-06-04 13:13:17] [GUARDIAN] ALERTA: Daemon guardian modificado externamente
[2026-06-04 13:13:17] [GUARDIAN] *** MODO CUARENTENA ACTIVADO ***
[2026-06-04 13:13:17] [GUARDIAN] ¡ALERTA OUROBOROS! process_watchdog.py ha caído. Resucitándolo de inmediato.
[2026-06-04 13:13:17] [GUARDIAN] Watchdog resucitado con éxito.
[2026-06-04 13:13:47] [GUARDIAN] ALERTA: Daemon guardian modificado externamente
[2026-06-04 13:13:47] [GUARDIAN] *** MODO CUARENTENA ACTIVADO ***
[2026-06-04 13:13:47] [GUARDIAN] ¡ALERTA OUROBOROS! process_watchdog.py ha caído. Resucitándolo de inmediato.
[2026-06-04 13:13:47] [GUARDIAN] Watchdog resucitado con éxito.
[2026-06-04 13:14:17] [GUARDIAN] ALERTA: Daemon guardian modificado externamente
[2026-06-04 13:14:17] [GUARDIAN] *** MODO CUARENTENA ACTIVADO ***
[2026-06-04 13:14:17] [GUARDIAN] ¡ALERTA OUROBOROS! process_watchdog.py ha caído. Resucitándolo de inmediato.
[2026-06-04 13:14:17] [GUARDIAN] Watchdog resucitado con éxito.
[2026-06-04 13:14:47] [GUARDIAN] ALERTA: Daemon guardian modificado externamente
[2026-06-04 13:14:47] [GUARDIAN] *** MODO CUARENTENA ACTIVADO ***
[2026-06-04 13:14:47] [GUARDIAN] ¡ALERTA OUROBOROS! process_watchdog.py ha caído. Resucitándolo de inmediato.
[2026-06-04 13:14:47] [GUARDIAN] Watchdog resucitado con éxito.
[2026-06-04 13:15:17] [GUARDIAN] ALERTA: Daemon guardian modificado externamente
[2026-06-04 13:15:17] [GUARDIAN] *** MODO CUARENTENA ACTIVADO ***
[2026-06-04 13:15:17] [GUARDIAN] ¡ALERTA OUROBOROS! process_watchdog.py ha caído. Resucitándolo de inmediato.
[2026-06-04 13:15:17] [GUARDIAN] Watchdog resucitado con éxito.
[2026-06-04 13:15:47] [GUARDIAN] ALERTA: Daemon guardian modificado externamente
[2026-06-04 13:15:47] [GUARDIAN] *** MODO CUARENTENA ACTIVADO ***
[2026-06-04 13:15:47] [GUARDIAN] ¡ALERTA OUROBOROS! process_watchdog.py ha caído. Resucitándolo de inmediato.
[2026-06-04 13:15:47] [GUARDIAN] Watchdog resucitado con éxito.
[2026-06-04 13:16:17] [GUARDIAN] ALERTA: Daemon guardian modificado externamente
[2026-06-04 13:16:17] [GUARDIAN] *** MODO CUARENTENA ACTIVADO ***
[2026-06-04 13:16:17] [GUARDIAN] ¡ALERTA OUROBOROS! process_watchdog.py ha caído. Resucitándolo de inmediato.
[2026-06-04 13:16:17] [GUARDIAN] Watchdog resucitado con éxito.
[2026-06-04 13:16:47] [GUARDIAN] ALERTA: Daemon guardian modificado externamente
[2026-06-04 13:16:47] [GUARDIAN] *** MODO CUARENTENA ACTIVADO ***
[2026-06-04 13:16:47] [GUARDIAN] ¡ALERTA OUROBOROS! process_watchdog.py ha caído. Resucitándolo de inmediato.
[2026-06-04 13:16:47] [GUARDIAN] Watchdog resucitado con éxito.
[2026-06-04 13:17:17] [GUARDIAN] ALERTA: Daemon guardian modificado externamente
[2026-06-04 13:17:17] [GUARDIAN] *** MODO CUARENTENA ACTIVADO ***
[2026-06-04 13:17:17] [GUARDIAN] ¡ALERTA OUROBOROS! process_watchdog.py ha caído. Resucitándolo de inmediato.
[2026-06-04 13:17:17] [GUARDIAN] Watchdog resucitado con éxito.
[2026-06-04 13:17:47] [GUARDIAN] ALERTA: Daemon guardian modificado externamente
[2026-06-04 13:17:47] [GUARDIAN] *** MODO CUARENTENA ACTIVADO ***
[2026-06-04 13:17:48] [GUARDIAN] ¡ALERTA OUROBOROS! process_watchdog.py ha caído. Resucitándolo de inmediato.
[2026-06-04 13:17:48] [GUARDIAN] Watchdog resucitado con éxito.
[2026-06-04 13:18:18] [GUARDIAN] ALERTA: Daemon guardian modificado externamente
[2026-06-04 13:18:18] [GUARDIAN] *** MODO CUARENTENA ACTIVADO ***
[2026-06-04 13:18:18] [GUARDIAN] ¡ALERTA OUROBOROS! process_watchdog.py ha caído. Resucitándolo de inmediato.
[2026-06-04 13:18:18] [GUARDIAN] Watchdog resucitado con éxito.
[2026-06-04 13:18:48] [GUARDIAN] ALERTA: Daemon guardian modificado externamente
[2026-06-04 13:18:48] [GUARDIAN] *** MODO CUARENTENA ACTIVADO ***
[2026-06-04 13:18:48] [GUARDIAN] ¡ALERTA OUROBOROS! process_watchdog.py ha caído. Resucitándolo de inmediato.
[2026-06-04 13:18:48] [GUARDIAN] Watchdog resucitado con éxito.
[2026-06-04 13:19:18] [GUARDIAN] ALERTA: Daemon guardian modificado externamente
[2026-06-04 13:19:18] [GUARDIAN] *** MODO CUARENTENA ACTIVADO ***
[2026-06-04 13:19:18] [GUARDIAN] ¡ALERTA OUROBOROS! process_watchdog.py ha caído. Resucitándolo de inmediato.
[2026-06-04 13:19:18] [GUARDIAN] Watchdog resucitado con éxito.
[2026-06-04 13:19:48] [GUARDIAN] ALERTA: Daemon guardian modificado externamente
[2026-06-04 13:19:48] [GUARDIAN] *** MODO CUARENTENA ACTIVADO ***
[2026-06-04 13:19:48] [GUARDIAN] ¡ALERTA OUROBOROS! process_watchdog.py ha caído. Resucitándolo de inmediato.
[2026-06-04 13:19:48] [GUARDIAN] Watchdog resucitado con éxito.
[2026-06-04 13:20:18] [GUARDIAN] ALERTA: Daemon guardian modificado externamente
[2026-06-04 13:20:18] [GUARDIAN] *** MODO CUARENTENA ACTIVADO ***
[2026-06-04 13:20:18] [GUARDIAN] ¡ALERTA OUROBOROS! process_watchdog.py ha caído. Resucitándolo de inmediato.
[2026-06-04 13:20:18] [GUARDIAN] Watchdog resucitado con éxito.
[2026-06-04 13:20:48] [GUARDIAN] ALERTA: Daemon guardian modificado externamente
[2026-06-04 13:20:48] [GUARDIAN] *** MODO CUARENTENA ACTIVADO ***
[2026-06-04 13:20:48] [GUARDIAN] ¡ALERTA OUROBOROS! process_watchdog.py ha caído. Resucitándolo de inmediato.
[2026-06-04 13:20:48] [GUARDIAN] Watchdog resucitado con éxito.
[2026-06-04 13:21:18] [GUARDIAN] ALERTA: Daemon guardian modificado externamente
[2026-06-04 13:21:18] [GUARDIAN] *** MODO CUARENTENA ACTIVADO ***
[2026-06-04 13:21:18] [GUARDIAN] ¡ALERTA OUROBOROS! process_watchdog.py ha caído. Resucitándolo de inmediato.
[2026-06-04 13:21:18] [GUARDIAN] Watchdog resucitado con éxito.
[2026-06-04 13:21:48] [GUARDIAN] ALERTA: Daemon guardian modificado externamente
[2026-06-04 13:21:48] [GUARDIAN] *** MODO CUARENTENA ACTIVADO ***
[2026-06-04 13:21:48] [GUARDIAN] ¡ALERTA OUROBOROS! process_watchdog.py ha caído. Resucitándolo de inmediato.
[2026-06-04 13:21:48] [GUARDIAN] Watchdog resucitado con éxito.
[2026-06-04 13:22:18] [GUARDIAN] ALERTA: Daemon guardian modificado externamente
[2026-06-04 13:22:18] [GUARDIAN] *** MODO CUARENTENA ACTIVADO ***
[2026-06-04 13:22:18] [GUARDIAN] ¡ALERTA OUROBOROS! process_watchdog.py ha caído. Resucitándolo de inmediato.
[2026-06-04 13:22:18] [GUARDIAN] Watchdog resucitado con éxito.
[2026-06-04 13:22:48] [GUARDIAN] ALERTA: Daemon guardian modificado externamente
[2026-06-04 13:22:48] [GUARDIAN] *** MODO CUARENTENA ACTIVADO ***
[2026-06-04 13:22:48] [GUARDIAN] ¡ALERTA OUROBOROS! process_watchdog.py ha caído. Resucitándolo de inmediato.
[2026-06-04 13:22:48] [GUARDIAN] Watchdog resucitado con éxito.
[2026-06-04 13:23:18] [GUARDIAN] ALERTA: Daemon guardian modificado externamente
[2026-06-04 13:23:18] [GUARDIAN] *** MODO CUARENTENA ACTIVADO ***
[2026-06-04 13:23:18] [GUARDIAN] ¡ALERTA OUROBOROS! process_watchdog.py ha caído. Resucitándolo de inmediato.
[2026-06-04 13:23:18] [GUARDIAN] Watchdog resucitado con éxito.
[2026-06-04 13:23:48] [GUARDIAN] ALERTA: Daemon guardian modificado externamente
[2026-06-04 13:23:48] [GUARDIAN] *** MODO CUARENTENA ACTIVADO ***
[2026-06-04 13:23:48] [GUARDIAN] ¡ALERTA OUROBOROS! process_watchdog.py ha caído. Resucitándolo de inmediato.
[2026-06-04 13:23:48] [GUARDIAN] Watchdog resucitado con éxito.
[2026-06-04 13:24:18] [GUARDIAN] ALERTA: Daemon guardian modificado externamente
[2026-06-04 13:24:18] [GUARDIAN] *** MODO CUARENTENA ACTIVADO ***
[2026-06-04 13:24:18] [GUARDIAN] ¡ALERTA OUROBOROS! process_watchdog.py ha caído. Resucitándolo de inmediato.
[2026-06-04 13:24:18] [GUARDIAN] Watchdog resucitado con éxito.
[2026-06-04 13:24:48] [GUARDIAN] ALERTA: Daemon guardian modificado externamente
[2026-06-04 13:24:48] [GUARDIAN] *** MODO CUARENTENA ACTIVADO ***
[2026-06-04 13:24:48] [GUARDIAN] ¡ALERTA OUROBOROS! process_watchdog.py ha caído. Resucitándolo de inmediato.
[2026-06-04 13:24:48] [GUARDIAN] Watchdog resucitado con éxito.
[2026-06-04 13:25:18] [GUARDIAN] ALERTA: Daemon guardian modificado externamente
[2026-06-04 13:25:18] [GUARDIAN] *** MODO CUARENTENA ACTIVADO ***
[2026-06-04 13:25:18] [GUARDIAN] ¡ALERTA OUROBOROS! process_watchdog.py ha caído. Resucitándolo de inmediato.
[2026-06-04 13:25:18] [GUARDIAN] Watchdog resucitado con éxito.
[2026-06-04 13:25:48] [GUARDIAN] ALERTA: Daemon guardian modificado externamente
[2026-06-04 13:25:48] [GUARDIAN] *** MODO CUARENTENA ACTIVADO ***
[2026-06-04 13:25:48] [GUARDIAN] ¡ALERTA OUROBOROS! process_watchdog.py ha caído. Resucitándolo de inmediato.
[2026-06-04 13:25:48] [GUARDIAN] Watchdog resucitado con éxito.
[2026-06-04 13:26:18] [GUARDIAN] ALERTA: Daemon guardian modificado externamente
[2026-06-04 13:26:18] [GUARDIAN] *** MODO CUARENTENA ACTIVADO ***
[2026-06-04 13:26:18] [GUARDIAN] ¡ALERTA OUROBOROS! process_watchdog.py ha caído. Resucitándolo de inmediato.
[2026-06-04 13:26:18] [GUARDIAN] Watchdog resucitado con éxito.
[2026-06-04 13:26:48] [GUARDIAN] ALERTA: Daemon guardian modificado externamente
[2026-06-04 13:26:48] [GUARDIAN] *** MODO CUARENTENA ACTIVADO ***
[2026-06-04 13:26:48] [GUARDIAN] ¡ALERTA OUROBOROS! process_watchdog.py ha caído. Resucitándolo de inmediato.
[2026-06-04 13:26:48] [GUARDIAN] Watchdog resucitado con éxito.
[2026-06-04 13:27:18] [GUARDIAN] ALERTA: Daemon guardian modificado externamente
[2026-06-04 13:27:18] [GUARDIAN] *** MODO CUARENTENA ACTIVADO ***
[2026-06-04 13:27:18] [GUARDIAN] ¡ALERTA OUROBOROS! process_watchdog.py ha caído. Resucitándolo de inmediato.
[2026-06-04 13:27:18] [GUARDIAN] Watchdog resucitado con éxito.
[2026-06-04 13:27:48] [GUARDIAN] ALERTA: Daemon guardian modificado externamente
[2026-06-04 13:27:48] [GUARDIAN] *** MODO CUARENTENA ACTIVADO ***
[2026-06-04 13:27:48] [GUARDIAN] ¡ALERTA OUROBOROS! process_watchdog.py ha caído. Resucitándolo de inmediato.
[2026-06-04 13:27:48] [GUARDIAN] Watchdog resucitado con éxito.
[2026-06-04 13:28:18] [GUARDIAN] ALERTA: Daemon guardian modificado externamente
[2026-06-04 13:28:18] [GUARDIAN] *** MODO CUARENTENA ACTIVADO ***
[2026-06-04 13:28:18] [GUARDIAN] ¡ALERTA OUROBOROS! process_watchdog.py ha caído. Resucitándolo de inmediato.
[2026-06-04 13:28:18] [GUARDIAN] Watchdog resucitado con éxito.
[2026-06-04 13:28:48] [GUARDIAN] ALERTA: Daemon guardian modificado externamente
[2026-06-04 13:28:48] [GUARDIAN] *** MODO CUARENTENA ACTIVADO ***
[2026-06-04 13:28:48] [GUARDIAN] ¡ALERTA OUROBOROS! process_watchdog.py ha caído. Resucitándolo de inmediato.
[2026-06-04 13:28:48] [GUARDIAN] Watchdog resucitado con éxito.
[2026-06-04 13:29:18] [GUARDIAN] ALERTA: Daemon guardian modificado externamente
[2026-06-04 13:29:18] [GUARDIAN] *** MODO CUARENTENA ACTIVADO ***
[2026-06-04 13:29:19] [GUARDIAN] ¡ALERTA OUROBOROS! process_watchdog.py ha caído. Resucitándolo de inmediato.
[2026-06-04 13:29:19] [GUARDIAN] Watchdog resucitado con éxito.
[2026-06-04 13:29:49] [GUARDIAN] ALERTA: Daemon guardian modificado externamente
[2026-06-04 13:29:49] [GUARDIAN] *** MODO CUARENTENA ACTIVADO ***
[2026-06-04 13:29:49] [GUARDIAN] ¡ALERTA OUROBOROS! process_watchdog.py ha caído. Resucitándolo de inmediato.
[2026-06-04 13:29:49] [GUARDIAN] Watchdog resucitado con éxito.
[2026-06-04 13:30:19] [GUARDIAN] ALERTA: Daemon guardian modificado externamente
[2026-06-04 13:30:19] [GUARDIAN] *** MODO CUARENTENA ACTIVADO ***
[2026-06-04 13:30:19] [GUARDIAN] ¡ALERTA OUROBOROS! process_watchdog.py ha caído. Resucitándolo de inmediato.
[2026-06-04 13:30:19] [GUARDIAN] Watchdog resucitado con éxito.
[2026-06-04 13:30:49] [GUARDIAN] ALERTA: Daemon guardian modificado externamente
[2026-06-04 13:30:49] [GUARDIAN] *** MODO CUARENTENA ACTIVADO ***
[2026-06-04 13:30:49] [GUARDIAN] ¡ALERTA OUROBOROS! process_watchdog.py ha caído. Resucitándolo de inmediato.
[2026-06-04 13:30:49] [GUARDIAN] Watchdog resucitado con éxito.
[2026-06-04 13:31:19] [GUARDIAN] ALERTA: Daemon guardian modificado externamente
[2026-06-04 13:31:19] [GUARDIAN] *** MODO CUARENTENA ACTIVADO ***
[2026-06-04 13:31:19] [GUARDIAN] ¡ALERTA OUROBOROS! process_watchdog.py ha caído. Resucitándolo de inmediato.
[2026-06-04 13:31:19] [GUARDIAN] Watchdog resucitado con éxito.
[2026-06-04 13:31:49] [GUARDIAN] ALERTA: Daemon guardian modificado externamente
[2026-06-04 13:31:49] [GUARDIAN] *** MODO CUARENTENA ACTIVADO ***
[2026-06-04 13:31:49] [GUARDIAN] ¡ALERTA OUROBOROS! process_watchdog.py ha caído. Resucitándolo de inmediato.
[2026-06-04 13:31:49] [GUARDIAN] Watchdog resucitado con éxito.
[2026-06-04 13:32:19] [GUARDIAN] ALERTA: Daemon guardian modificado externamente
[2026-06-04 13:32:19] [GUARDIAN] *** MODO CUARENTENA ACTIVADO ***
[2026-06-04 13:32:19] [GUARDIAN] ¡ALERTA OUROBOROS! process_watchdog.py ha caído. Resucitándolo de inmediato.
[2026-06-04 13:32:19] [GUARDIAN] Watchdog resucitado con éxito.
[2026-06-04 13:32:49] [GUARDIAN] ALERTA: Daemon guardian modificado externamente
[2026-06-04 13:32:49] [GUARDIAN] *** MODO CUARENTENA ACTIVADO ***
[2026-06-04 13:32:49] [GUARDIAN] ¡ALERTA OUROBOROS! process_watchdog.py ha caído. Resucitándolo de inmediato.
[2026-06-04 13:32:49] [GUARDIAN] Watchdog resucitado con éxito.
[2026-06-04 13:33:19] [GUARDIAN] ALERTA: Daemon guardian modificado externamente
[2026-06-04 13:33:19] [GUARDIAN] *** MODO CUARENTENA ACTIVADO ***
[2026-06-04 13:33:19] [GUARDIAN] ¡ALERTA OUROBOROS! process_watchdog.py ha caído. Resucitándolo de inmediato.
[2026-06-04 13:33:19] [GUARDIAN] Watchdog resucitado con éxito.
[2026-06-04 13:33:49] [GUARDIAN] ALERTA: Daemon guardian modificado externamente
[2026-06-04 13:33:49] [GUARDIAN] *** MODO CUARENTENA ACTIVADO ***
[2026-06-04 13:33:49] [GUARDIAN] ¡ALERTA OUROBOROS! process_watchdog.py ha caído. Resucitándolo de inmediato.
[2026-06-04 13:33:49] [GUARDIAN] Watchdog resucitado con éxito.
[2026-06-04 13:34:19] [GUARDIAN] ALERTA: Daemon guardian modificado externamente
[2026-06-04 13:34:19] [GUARDIAN] *** MODO CUARENTENA ACTIVADO ***
[2026-06-04 13:34:19] [GUARDIAN] ¡ALERTA OUROBOROS! process_watchdog.py ha caído. Resucitándolo de inmediato.
[2026-06-04 13:34:19] [GUARDIAN] Watchdog resucitado con éxito.
[2026-06-04 13:34:49] [GUARDIAN] ALERTA: Daemon guardian modificado externamente
[2026-06-04 13:34:49] [GUARDIAN] *** MODO CUARENTENA ACTIVADO ***
[2026-06-04 13:34:49] [GUARDIAN] ¡ALERTA OUROBOROS! process_watchdog.py ha caído. Resucitándolo de inmediato.
[2026-06-04 13:34:49] [GUARDIAN] Watchdog resucitado con éxito.
[2026-06-04 13:35:19] [GUARDIAN] ALERTA: Daemon guardian modificado externamente
[2026-06-04 13:35:19] [GUARDIAN] *** MODO CUARENTENA ACTIVADO ***
[2026-06-04 13:35:19] [GUARDIAN] ¡ALERTA OUROBOROS! process_watchdog.py ha caído. Resucitándolo de inmediato.
[2026-06-04 13:35:19] [GUARDIAN] Watchdog resucitado con éxito.
[2026-06-04 13:35:49] [GUARDIAN] ALERTA: Daemon guardian modificado externamente
[2026-06-04 13:35:49] [GUARDIAN] *** MODO CUARENTENA ACTIVADO ***
[2026-06-04 13:35:49] [GUARDIAN] ¡ALERTA OUROBOROS! process_watchdog.py ha caído. Resucitándolo de inmediato.
[2026-06-04 13:35:49] [GUARDIAN] Watchdog resucitado con éxito.
[2026-06-04 13:36:19] [GUARDIAN] ALERTA: Daemon guardian modificado externamente
[2026-06-04 13:36:19] [GUARDIAN] *** MODO CUARENTENA ACTIVADO ***
[2026-06-04 13:36:19] [GUARDIAN] ¡ALERTA OUROBOROS! process_watchdog.py ha caído. Resucitándolo de inmediato.
[2026-06-04 13:36:19] [GUARDIAN] Watchdog resucitado con éxito.
[2026-06-04 13:36:49] [GUARDIAN] ALERTA: Daemon guardian modificado externamente
[2026-06-04 13:36:49] [GUARDIAN] *** MODO CUARENTENA ACTIVADO ***
[2026-06-04 13:36:49] [GUARDIAN] ¡ALERTA OUROBOROS! process_watchdog.py ha caído. Resucitándolo de inmediato.
[2026-06-04 13:36:49] [GUARDIAN] Watchdog resucitado con éxito.
[2026-06-04 13:37:19] [GUARDIAN] ALERTA: Daemon guardian modificado externamente
[2026-06-04 13:37:19] [GUARDIAN] *** MODO CUARENTENA ACTIVADO ***
[2026-06-04 13:37:19] [GUARDIAN] ¡ALERTA OUROBOROS! process_watchdog.py ha caído. Resucitándolo de inmediato.
[2026-06-04 13:37:19] [GUARDIAN] Watchdog resucitado con éxito.
[2026-06-04 13:37:49] [GUARDIAN] ALERTA: Daemon guardian modificado externamente
[2026-06-04 13:37:49] [GUARDIAN] *** MODO CUARENTENA ACTIVADO ***
[2026-06-04 13:37:49] [GUARDIAN] ¡ALERTA OUROBOROS! process_watchdog.py ha caído. Resucitándolo de inmediato.
[2026-06-04 13:37:49] [GUARDIAN] Watchdog resucitado con éxito.
[2026-06-04 13:38:19] [GUARDIAN] ALERTA: Daemon guardian modificado externamente
[2026-06-04 13:38:19] [GUARDIAN] *** MODO CUARENTENA ACTIVADO ***
[2026-06-04 13:38:19] [GUARDIAN] ¡ALERTA OUROBOROS! process_watchdog.py ha caído. Resucitándolo de inmediato.
[2026-06-04 13:38:19] [GUARDIAN] Watchdog resucitado con éxito.
[2026-06-04 13:38:49] [GUARDIAN] ALERTA: Daemon guardian modificado externamente
[2026-06-04 13:38:49] [GUARDIAN] *** MODO CUARENTENA ACTIVADO ***
[2026-06-04 13:38:49] [GUARDIAN] ¡ALERTA OUROBOROS! process_watchdog.py ha caído. Resucitándolo de inmediato.
[2026-06-04 13:38:49] [GUARDIAN] Watchdog resucitado con éxito.
[2026-06-04 13:39:19] [GUARDIAN] ALERTA: Daemon guardian modificado externamente
[2026-06-04 13:39:19] [GUARDIAN] *** MODO CUARENTENA ACTIVADO ***
[2026-06-04 13:39:19] [GUARDIAN] ¡ALERTA OUROBOROS! process_watchdog.py ha caído. Resucitándolo de inmediato.
[2026-06-04 13:39:19] [GUARDIAN] Watchdog resucitado con éxito.
[2026-06-04 13:39:49] [GUARDIAN] ALERTA: Daemon guardian modificado externamente
[2026-06-04 13:39:49] [GUARDIAN] *** MODO CUARENTENA ACTIVADO ***
[2026-06-04 13:39:49] [GUARDIAN] ¡ALERTA OUROBOROS! process_watchdog.py ha caído. Resucitándolo de inmediato.
[2026-06-04 13:39:49] [GUARDIAN] Watchdog resucitado con éxito.
[2026-06-04 13:40:19] [GUARDIAN] ALERTA: Daemon guardian modificado externamente
[2026-06-04 13:40:19] [GUARDIAN] *** MODO CUARENTENA ACTIVADO ***
[2026-06-04 13:40:20] [GUARDIAN] ¡ALERTA OUROBOROS! process_watchdog.py ha caído. Resucitándolo de inmediato.
[2026-06-04 13:40:20] [GUARDIAN] Watchdog resucitado con éxito.
[2026-06-04 13:40:50] [GUARDIAN] ALERTA: Daemon guardian modificado externamente
[2026-06-04 13:40:50] [GUARDIAN] *** MODO CUARENTENA ACTIVADO ***
[2026-06-04 13:40:50] [GUARDIAN] ¡ALERTA OUROBOROS! process_watchdog.py ha caído. Resucitándolo de inmediato.
[2026-06-04 13:40:50] [GUARDIAN] Watchdog resucitado con éxito.
[2026-06-04 13:41:20] [GUARDIAN] ALERTA: Daemon guardian modificado externamente
[2026-06-04 13:41:20] [GUARDIAN] *** MODO CUARENTENA ACTIVADO ***
[2026-06-04 13:41:20] [GUARDIAN] ¡ALERTA OUROBOROS! process_watchdog.py ha caído. Resucitándolo de inmediato.
[2026-06-04 13:41:20] [GUARDIAN] Watchdog resucitado con éxito.
[2026-06-04 13:41:50] [GUARDIAN] ALERTA: Daemon guardian modificado externamente
[2026-06-04 13:41:50] [GUARDIAN] *** MODO CUARENTENA ACTIVADO ***
[2026-06-04 13:41:50] [GUARDIAN] ¡ALERTA OUROBOROS! process_watchdog.py ha caído. Resucitándolo de inmediato.
[2026-06-04 13:41:50] [GUARDIAN] Watchdog resucitado con éxito.
[2026-06-04 13:42:20] [GUARDIAN] ALERTA: Daemon guardian modificado externamente
[2026-06-04 13:42:20] [GUARDIAN] *** MODO CUARENTENA ACTIVADO ***
[2026-06-04 13:42:20] [GUARDIAN] ¡ALERTA OUROBOROS! process_watchdog.py ha caído. Resucitándolo de inmediato.
[2026-06-04 13:42:20] [GUARDIAN] Watchdog resucitado con éxito.
[2026-06-04 13:42:50] [GUARDIAN] ALERTA: Daemon guardian modificado externamente
[2026-06-04 13:42:50] [GUARDIAN] *** MODO CUARENTENA ACTIVADO ***
[2026-06-04 13:42:50] [GUARDIAN] ¡ALERTA OUROBOROS! process_watchdog.py ha caído. Resucitándolo de inmediato.
[2026-06-04 13:42:50] [GUARDIAN] Watchdog resucitado con éxito.
[2026-06-04 13:43:20] [GUARDIAN] ALERTA: Daemon guardian modificado externamente
[2026-06-04 13:43:20] [GUARDIAN] *** MODO CUARENTENA ACTIVADO ***
[2026-06-04 13:43:20] [GUARDIAN] ¡ALERTA OUROBOROS! process_watchdog.py ha caído. Resucitándolo de inmediato.
[2026-06-04 13:43:20] [GUARDIAN] Watchdog resucitado con éxito.
[2026-06-04 13:43:50] [GUARDIAN] ALERTA: Daemon guardian modificado externamente
[2026-06-04 13:43:50] [GUARDIAN] *** MODO CUARENTENA ACTIVADO ***
[2026-06-04 13:43:50] [GUARDIAN] ¡ALERTA OUROBOROS! process_watchdog.py ha caído. Resucitándolo de inmediato.
[2026-06-04 13:43:50] [GUARDIAN] Watchdog resucitado con éxito.
[2026-06-04 13:44:20] [GUARDIAN] ALERTA: Daemon guardian modificado externamente
[2026-06-04 13:44:20] [GUARDIAN] *** MODO CUARENTENA ACTIVADO ***
[2026-06-04 13:44:20] [GUARDIAN] ¡ALERTA OUROBOROS! process_watchdog.py ha caído. Resucitándolo de inmediato.
[2026-06-04 13:44:20] [GUARDIAN] Watchdog resucitado con éxito.
[2026-06-04 13:44:50] [GUARDIAN] ALERTA: Daemon guardian modificado externamente
[2026-06-04 13:44:50] [GUARDIAN] *** MODO CUARENTENA ACTIVADO ***
[2026-06-04 13:44:50] [GUARDIAN] ¡ALERTA OUROBOROS! process_watchdog.py ha caído. Resucitándolo de inmediato.
[2026-06-04 13:44:50] [GUARDIAN] Watchdog resucitado con éxito.
[2026-06-04 13:45:20] [GUARDIAN] ALERTA: Daemon guardian modificado externamente
[2026-06-04 13:45:20] [GUARDIAN] *** MODO CUARENTENA ACTIVADO ***
[2026-06-04 13:45:20] [GUARDIAN] ¡ALERTA OUROBOROS! process_watchdog.py ha caído. Resucitándolo de inmediato.
[2026-06-04 13:45:20] [GUARDIAN] Watchdog resucitado con éxito.
[2026-06-04 13:45:50] [GUARDIAN] ALERTA: Daemon guardian modificado externamente
[2026-06-04 13:45:50] [GUARDIAN] *** MODO CUARENTENA ACTIVADO ***
[2026-06-04 13:45:50] [GUARDIAN] ¡ALERTA OUROBOROS! process_watchdog.py ha caído. Resucitándolo de inmediato.
[2026-06-04 13:45:50] [GUARDIAN] Watchdog resucitado con éxito.
[2026-06-04 13:46:20] [GUARDIAN] ALERTA: Daemon guardian modificado externamente
[2026-06-04 13:46:20] [GUARDIAN] *** MODO CUARENTENA ACTIVADO ***
[2026-06-04 13:46:20] [GUARDIAN] ¡ALERTA OUROBOROS! process_watchdog.py ha caído. Resucitándolo de inmediato.
[2026-06-04 13:46:20] [GUARDIAN] Watchdog resucitado con éxito.
[2026-06-04 13:46:50] [GUARDIAN] ALERTA: Daemon guardian modificado externamente
[2026-06-04 13:46:50] [GUARDIAN] *** MODO CUARENTENA ACTIVADO ***
[2026-06-04 13:46:50] [GUARDIAN] ¡ALERTA OUROBOROS! process_watchdog.py ha caído. Resucitándolo de inmediato.
[2026-06-04 13:46:50] [GUARDIAN] Watchdog resucitado con éxito.
[2026-06-04 13:47:20] [GUARDIAN] ALERTA: Daemon guardian modificado externamente
[2026-06-04 13:47:20] [GUARDIAN] *** MODO CUARENTENA ACTIVADO ***
[2026-06-04 13:47:20] [GUARDIAN] ¡ALERTA OUROBOROS! process_watchdog.py ha caído. Resucitándolo de inmediato.
[2026-06-04 13:47:20] [GUARDIAN] Watchdog resucitado con éxito.
[2026-06-04 13:47:50] [GUARDIAN] ALERTA: Daemon guardian modificado externamente
[2026-06-04 13:47:50] [GUARDIAN] *** MODO CUARENTENA ACTIVADO ***
[2026-06-04 13:47:50] [GUARDIAN] ¡ALERTA OUROBOROS! process_watchdog.py ha caído. Resucitándolo de inmediato.
[2026-06-04 13:47:50] [GUARDIAN] Watchdog resucitado con éxito.
[2026-06-04 13:48:20] [GUARDIAN] ALERTA: Daemon guardian modificado externamente
[2026-06-04 13:48:20] [GUARDIAN] *** MODO CUARENTENA ACTIVADO ***
[2026-06-04 13:48:20] [GUARDIAN] ¡ALERTA OUROBOROS! process_watchdog.py ha caído. Resucitándolo de inmediato.
[2026-06-04 13:48:20] [GUARDIAN] Watchdog resucitado con éxito.
[2026-06-04 13:48:50] [GUARDIAN] ALERTA: Daemon guardian modificado externamente
[2026-06-04 13:48:50] [GUARDIAN] *** MODO CUARENTENA ACTIVADO ***
[2026-06-04 13:48:50] [GUARDIAN] ¡ALERTA OUROBOROS! process_watchdog.py ha caído. Resucitándolo de inmediato.
[2026-06-04 13:48:50] [GUARDIAN] Watchdog resucitado con éxito.
[2026-06-04 13:49:20] [GUARDIAN] ALERTA: Daemon guardian modificado externamente
[2026-06-04 13:49:20] [GUARDIAN] *** MODO CUARENTENA ACTIVADO ***
[2026-06-04 13:49:20] [GUARDIAN] ¡ALERTA OUROBOROS! process_watchdog.py ha caído. Resucitándolo de inmediato.
[2026-06-04 13:49:20] [GUARDIAN] Watchdog resucitado con éxito.
[2026-06-04 13:49:50] [GUARDIAN] ALERTA: Daemon guardian modificado externamente
[2026-06-04 13:49:50] [GUARDIAN] *** MODO CUARENTENA ACTIVADO ***
[2026-06-04 13:49:50] [GUARDIAN] ¡ALERTA OUROBOROS! process_watchdog.py ha caído. Resucitándolo de inmediato.
[2026-06-04 13:49:50] [GUARDIAN] Watchdog resucitado con éxito.
[2026-06-04 13:50:20] [GUARDIAN] ALERTA: Daemon guardian modificado externamente
[2026-06-04 13:50:20] [GUARDIAN] *** MODO CUARENTENA ACTIVADO ***
[2026-06-04 13:50:20] [GUARDIAN] ¡ALERTA OUROBOROS! process_watchdog.py ha caído. Resucitándolo de inmediato.
[2026-06-04 13:50:20] [GUARDIAN] Watchdog resucitado con éxito.
[2026-06-04 13:50:50] [GUARDIAN] ALERTA: Daemon guardian modificado externamente
[2026-06-04 13:50:50] [GUARDIAN] *** MODO CUARENTENA ACTIVADO ***
[2026-06-04 13:50:50] [GUARDIAN] ¡ALERTA OUROBOROS! process_watchdog.py ha caído. Resucitándolo de inmediato.
[2026-06-04 13:50:50] [GUARDIAN] Watchdog resucitado con éxito.
[2026-06-04 13:51:20] [GUARDIAN] ALERTA: Daemon guardian modificado externamente
[2026-06-04 13:51:20] [GUARDIAN] *** MODO CUARENTENA ACTIVADO ***
[2026-06-04 13:51:21] [GUARDIAN] ¡ALERTA OUROBOROS! process_watchdog.py ha caído. Resucitándolo de inmediato.
[2026-06-04 13:51:21] [GUARDIAN] Watchdog resucitado con éxito.
[2026-06-04 13:51:51] [GUARDIAN] ALERTA: Daemon guardian modificado externamente
[2026-06-04 13:51:51] [GUARDIAN] *** MODO CUARENTENA ACTIVADO ***
[2026-06-04 13:51:51] [GUARDIAN] ¡ALERTA OUROBOROS! process_watchdog.py ha caído. Resucitándolo de inmediato.
[2026-06-04 13:51:51] [GUARDIAN] Watchdog resucitado con éxito.
[2026-06-04 13:52:21] [GUARDIAN] ALERTA: Daemon guardian modificado externamente
[2026-06-04 13:52:21] [GUARDIAN] *** MODO CUARENTENA ACTIVADO ***
[2026-06-04 13:52:21] [GUARDIAN] ¡ALERTA OUROBOROS! process_watchdog.py ha caído. Resucitándolo de inmediato.
[2026-06-04 13:52:21] [GUARDIAN] Watchdog resucitado con éxito.
[2026-06-04 13:52:51] [GUARDIAN] ALERTA: Daemon guardian modificado externamente
[2026-06-04 13:52:51] [GUARDIAN] *** MODO CUARENTENA ACTIVADO ***
[2026-06-04 13:52:51] [GUARDIAN] ¡ALERTA OUROBOROS! process_watchdog.py ha caído. Resucitándolo de inmediato.
[2026-06-04 13:52:51] [GUARDIAN] Watchdog resucitado con éxito.
[2026-06-04 13:53:21] [GUARDIAN] ALERTA: Daemon guardian modificado externamente
[2026-06-04 13:53:21] [GUARDIAN] *** MODO CUARENTENA ACTIVADO ***
[2026-06-04 13:53:21] [GUARDIAN] ¡ALERTA OUROBOROS! process_watchdog.py ha caído. Resucitándolo de inmediato.
[2026-06-04 13:53:21] [GUARDIAN] Watchdog resucitado con éxito.
[2026-06-04 13:53:51] [GUARDIAN] ALERTA: Daemon guardian modificado externamente
[2026-06-04 13:53:51] [GUARDIAN] *** MODO CUARENTENA ACTIVADO ***
[2026-06-04 13:53:51] [GUARDIAN] ¡ALERTA OUROBOROS! process_watchdog.py ha caído. Resucitándolo de inmediato.
[2026-06-04 13:53:51] [GUARDIAN] Watchdog resucitado con éxito.
[2026-06-04 13:54:21] [GUARDIAN] ALERTA: Daemon guardian modificado externamente
[2026-06-04 13:54:21] [GUARDIAN] *** MODO CUARENTENA ACTIVADO ***
[2026-06-04 13:54:21] [GUARDIAN] ¡ALERTA OUROBOROS! process_watchdog.py ha caído. Resucitándolo de inmediato.
[2026-06-04 13:54:21] [GUARDIAN] Watchdog resucitado con éxito.
[2026-06-04 13:54:51] [GUARDIAN] ALERTA: Daemon guardian modificado externamente
[2026-06-04 13:54:51] [GUARDIAN] *** MODO CUARENTENA ACTIVADO ***
[2026-06-04 13:54:51] [GUARDIAN] ¡ALERTA OUROBOROS! process_watchdog.py ha caído. Resucitándolo de inmediato.
[2026-06-04 13:54:51] [GUARDIAN] Watchdog resucitado con éxito.
[2026-06-04 13:55:21] [GUARDIAN] ALERTA: Daemon guardian modificado externamente
[2026-06-04 13:55:21] [GUARDIAN] *** MODO CUARENTENA ACTIVADO ***
[2026-06-04 13:55:21] [GUARDIAN] ¡ALERTA OUROBOROS! process_watchdog.py ha caído. Resucitándolo de inmediato.
[2026-06-04 13:55:21] [GUARDIAN] Watchdog resucitado con éxito.
[2026-06-04 13:55:51] [GUARDIAN] ALERTA: Daemon guardian modificado externamente
[2026-06-04 13:55:51] [GUARDIAN] *** MODO CUARENTENA ACTIVADO ***
[2026-06-04 13:55:51] [GUARDIAN] ¡ALERTA OUROBOROS! process_watchdog.py ha caído. Resucitándolo de inmediato.
[2026-06-04 13:55:51] [GUARDIAN] Watchdog resucitado con éxito.
[2026-06-04 13:56:21] [GUARDIAN] ALERTA: Daemon guardian modificado externamente
[2026-06-04 13:56:21] [GUARDIAN] *** MODO CUARENTENA ACTIVADO ***
[2026-06-04 13:56:21] [GUARDIAN] ¡ALERTA OUROBOROS! process_watchdog.py ha caído. Resucitándolo de inmediato.
[2026-06-04 13:56:21] [GUARDIAN] Watchdog resucitado con éxito.
[2026-06-04 13:56:51] [GUARDIAN] ALERTA: Daemon guardian modificado externamente
[2026-06-04 13:56:51] [GUARDIAN] *** MODO CUARENTENA ACTIVADO ***
[2026-06-04 13:56:51] [GUARDIAN] ¡ALERTA OUROBOROS! process_watchdog.py ha caído. Resucitándolo de inmediato.
[2026-06-04 13:56:51] [GUARDIAN] Watchdog resucitado con éxito.
[2026-06-04 13:57:21] [GUARDIAN] ALERTA: Daemon guardian modificado externamente
[2026-06-04 13:57:21] [GUARDIAN] *** MODO CUARENTENA ACTIVADO ***
[2026-06-04 13:57:21] [GUARDIAN] ¡ALERTA OUROBOROS! process_watchdog.py ha caído. Resucitándolo de inmediato.
[2026-06-04 13:57:21] [GUARDIAN] Watchdog resucitado con éxito.
[2026-06-04 13:57:51] [GUARDIAN] ALERTA: Daemon guardian modificado externamente
[2026-06-04 13:57:51] [GUARDIAN] *** MODO CUARENTENA ACTIVADO ***
[2026-06-04 13:57:51] [GUARDIAN] ¡ALERTA OUROBOROS! process_watchdog.py ha caído. Resucitándolo de inmediato.
[2026-06-04 13:57:51] [GUARDIAN] Watchdog resucitado con éxito.
[2026-06-04 13:58:21] [GUARDIAN] ALERTA: Daemon guardian modificado externamente
[2026-06-04 13:58:21] [GUARDIAN] *** MODO CUARENTENA ACTIVADO ***
[2026-06-04 13:58:21] [GUARDIAN] ¡ALERTA OUROBOROS! process_watchdog.py ha caído. Resucitándolo de inmediato.
[2026-06-04 13:58:21] [GUARDIAN] Watchdog resucitado con éxito.
[2026-06-04 13:58:51] [GUARDIAN] ALERTA: Daemon guardian modificado externamente
[2026-06-04 13:58:51] [GUARDIAN] *** MODO CUARENTENA ACTIVADO ***
[2026-06-04 13:58:51] [GUARDIAN] ¡ALERTA OUROBOROS! process_watchdog.py ha caído. Resucitándolo de inmediato.
[2026-06-04 13:58:51] [GUARDIAN] Watchdog resucitado con éxito.
[2026-06-04 13:59:21] [GUARDIAN] ALERTA: Daemon guardian modificado externamente
[2026-06-04 13:59:21] [GUARDIAN] *** MODO CUARENTENA ACTIVADO ***
[2026-06-04 13:59:21] [GUARDIAN] ¡ALERTA OUROBOROS! process_watchdog.py ha caído. Resucitándolo de inmediato.
[2026-06-04 13:59:21] [GUARDIAN] Watchdog resucitado con éxito.
[2026-06-04 13:59:51] [GUARDIAN] ALERTA: Daemon guardian modificado externamente
[2026-06-04 13:59:51] [GUARDIAN] *** MODO CUARENTENA ACTIVADO ***
[2026-06-04 13:59:51] [GUARDIAN] ¡ALERTA OUROBOROS! process_watchdog.py ha caído. Resucitándolo de inmediato.
[2026-06-04 13:59:51] [GUARDIAN] Watchdog resucitado con éxito.
[2026-06-04 14:00:21] [GUARDIAN] ALERTA: Daemon guardian modificado externamente
[2026-06-04 14:00:21] [GUARDIAN] *** MODO CUARENTENA ACTIVADO ***
[2026-06-04 14:00:21] [GUARDIAN] ¡ALERTA OUROBOROS! process_watchdog.py ha caído. Resucitándolo de inmediato.
[2026-06-04 14:00:21] [GUARDIAN] Watchdog resucitado con éxito.
[2026-06-04 14:00:51] [GUARDIAN] ALERTA: Daemon guardian modificado externamente
[2026-06-04 14:00:51] [GUARDIAN] *** MODO CUARENTENA ACTIVADO ***
[2026-06-04 14:00:51] [GUARDIAN] ¡ALERTA OUROBOROS! process_watchdog.py ha caído. Resucitándolo de inmediato.
[2026-06-04 14:00:51] [GUARDIAN] Watchdog resucitado con éxito.
[2026-06-04 14:01:21] [GUARDIAN] ALERTA: Daemon guardian modificado externamente
[2026-06-04 14:01:21] [GUARDIAN] *** MODO CUARENTENA ACTIVADO ***
[2026-06-04 14:01:21] [GUARDIAN] ¡ALERTA OUROBOROS! process_watchdog.py ha caído. Resucitándolo de inmediato.
[2026-06-04 14:01:21] [GUARDIAN] Watchdog resucitado con éxito.
[2026-06-04 14:01:51] [GUARDIAN] ALERTA: Daemon guardian modificado externamente
[2026-06-04 14:01:51] [GUARDIAN] *** MODO CUARENTENA ACTIVADO ***
[2026-06-04 14:01:51] [GUARDIAN] ¡ALERTA OUROBOROS! process_watchdog.py ha caído. Resucitándolo de inmediato.
[2026-06-04 14:01:51] [GUARDIAN] Watchdog resucitado con éxito.
[2026-06-04 14:02:21] [GUARDIAN] ALERTA: Daemon guardian modificado externamente
[2026-06-04 14:02:21] [GUARDIAN] *** MODO CUARENTENA ACTIVADO ***
[2026-06-04 14:02:21] [GUARDIAN] ¡ALERTA OUROBOROS! process_watchdog.py ha caído. Resucitándolo de inmediato.
[2026-06-04 14:02:21] [GUARDIAN] Watchdog resucitado con éxito.
[2026-06-04 14:02:51] [GUARDIAN] ALERTA: Daemon guardian modificado externamente
[2026-06-04 14:02:51] [GUARDIAN] *** MODO CUARENTENA ACTIVADO ***
[2026-06-04 14:02:52] [GUARDIAN] ¡ALERTA OUROBOROS! process_watchdog.py ha caído. Resucitándolo de inmediato.
[2026-06-04 14:02:52] [GUARDIAN] Watchdog resucitado con éxito.
[2026-06-04 14:03:22] [GUARDIAN] ALERTA: Daemon guardian modificado externamente
[2026-06-04 14:03:22] [GUARDIAN] *** MODO CUARENTENA ACTIVADO ***
[2026-06-04 14:03:22] [GUARDIAN] ¡ALERTA OUROBOROS! process_watchdog.py ha caído. Resucitándolo de inmediato.
[2026-06-04 14:03:22] [GUARDIAN] Watchdog resucitado con éxito.
[2026-06-04 14:03:52] [GUARDIAN] ALERTA: Daemon guardian modificado externamente
[2026-06-04 14:03:52] [GUARDIAN] *** MODO CUARENTENA ACTIVADO ***
[2026-06-04 14:03:52] [GUARDIAN] ¡ALERTA OUROBOROS! process_watchdog.py ha caído. Resucitándolo de inmediato.
[2026-06-04 14:03:52] [GUARDIAN] Watchdog resucitado con éxito.
[2026-06-04 14:04:22] [GUARDIAN] ALERTA: Daemon guardian modificado externamente
[2026-06-04 14:04:22] [GUARDIAN] *** MODO CUARENTENA ACTIVADO ***
[2026-06-04 14:04:22] [GUARDIAN] ¡ALERTA OUROBOROS! process_watchdog.py ha caído. Resucitándolo de inmediato.
[2026-06-04 14:04:22] [GUARDIAN] Watchdog resucitado con éxito.
[2026-06-04 14:04:52] [GUARDIAN] ALERTA: Daemon guardian modificado externamente
[2026-06-04 14:04:52] [GUARDIAN] *** MODO CUARENTENA ACTIVADO ***
[2026-06-04 14:04:52] [GUARDIAN] ¡ALERTA OUROBOROS! process_watchdog.py ha caído. Resucitándolo de inmediato.
[2026-06-04 14:04:52] [GUARDIAN] Watchdog resucitado con éxito.
[2026-06-04 14:05:22] [GUARDIAN] ALERTA: Daemon guardian modificado externamente
[2026-06-04 14:05:22] [GUARDIAN] *** MODO CUARENTENA ACTIVADO ***
[2026-06-04 14:05:22] [GUARDIAN] ¡ALERTA OUROBOROS! process_watchdog.py ha caído. Resucitándolo de inmediato.
[2026-06-04 14:05:22] [GUARDIAN] Watchdog resucitado con éxito.
[2026-06-04 14:05:52] [GUARDIAN] ALERTA: Daemon guardian modificado externamente
[2026-06-04 14:05:52] [GUARDIAN] *** MODO CUARENTENA ACTIVADO ***
[2026-06-04 14:05:52] [GUARDIAN] ¡ALERTA OUROBOROS! process_watchdog.py ha caído. Resucitándolo de inmediato.
[2026-06-04 14:05:52] [GUARDIAN] Watchdog resucitado con éxito.
[2026-06-04 14:06:22] [GUARDIAN] ALERTA: Daemon guardian modificado externamente
[2026-06-04 14:06:22] [GUARDIAN] *** MODO CUARENTENA ACTIVADO ***
[2026-06-04 14:06:22] [GUARDIAN] ¡ALERTA OUROBOROS! process_watchdog.py ha caído. Resucitándolo de inmediato.
[2026-06-04 14:06:22] [GUARDIAN] Watchdog resucitado con éxito.
[2026-06-04 14:06:52] [GUARDIAN] ALERTA: Daemon guardian modificado externamente
[2026-06-04 14:06:52] [GUARDIAN] *** MODO CUARENTENA ACTIVADO ***
[2026-06-04 14:06:52] [GUARDIAN] ¡ALERTA OUROBOROS! process_watchdog.py ha caído. Resucitándolo de inmediato.
[2026-06-04 14:06:52] [GUARDIAN] Watchdog resucitado con éxito.
[2026-06-04 14:07:22] [GUARDIAN] ALERTA: Daemon guardian modificado externamente
[2026-06-04 14:07:22] [GUARDIAN] *** MODO CUARENTENA ACTIVADO ***
[2026-06-04 14:07:22] [GUARDIAN] ¡ALERTA OUROBOROS! process_watchdog.py ha caído. Resucitándolo de inmediato.
[2026-06-04 14:07:22] [GUARDIAN] Watchdog resucitado con éxito.
[2026-06-04 14:07:52] [GUARDIAN] ALERTA: Daemon guardian modificado externamente
[2026-06-04 14:07:52] [GUARDIAN] *** MODO CUARENTENA ACTIVADO ***
[2026-06-04 14:07:52] [GUARDIAN] ¡ALERTA OUROBOROS! process_watchdog.py ha caído. Resucitándolo de inmediato.
[2026-06-04 14:07:52] [GUARDIAN] Watchdog resucitado con éxito.
[2026-06-04 14:08:22] [GUARDIAN] ALERTA: Daemon guardian modificado externamente
[2026-06-04 14:08:22] [GUARDIAN] *** MODO CUARENTENA ACTIVADO ***
[2026-06-04 14:08:22] [GUARDIAN] ¡ALERTA OUROBOROS! process_watchdog.py ha caído. Resucitándolo de inmediato.
[2026-06-04 14:08:22] [GUARDIAN] Watchdog resucitado con éxito.
[2026-06-04 14:08:52] [GUARDIAN] ALERTA: Daemon guardian modificado externamente
[2026-06-04 14:08:52] [GUARDIAN] *** MODO CUARENTENA ACTIVADO ***
[2026-06-04 14:08:52] [GUARDIAN] ¡ALERTA OUROBOROS! process_watchdog.py ha caído. Resucitándolo de inmediato.
[2026-06-04 14:08:52] [GUARDIAN] Watchdog resucitado con éxito.
[2026-06-04 14:09:22] [GUARDIAN] ALERTA: Daemon guardian modificado externamente
[2026-06-04 14:09:22] [GUARDIAN] *** MODO CUARENTENA ACTIVADO ***
[2026-06-04 14:09:22] [GUARDIAN] ¡ALERTA OUROBOROS! process_watchdog.py ha caído. Resucitándolo de inmediato.
[2026-06-04 14:09:22] [GUARDIAN] Watchdog resucitado con éxito.
[2026-06-04 14:09:52] [GUARDIAN] ALERTA: Daemon guardian modificado externamente
[2026-06-04 14:09:52] [GUARDIAN] *** MODO CUARENTENA ACTIVADO ***
[2026-06-04 14:09:52] [GUARDIAN] ¡ALERTA OUROBOROS! process_watchdog.py ha caído. Resucitándolo de inmediato.
[2026-06-04 14:09:52] [GUARDIAN] Watchdog resucitado con éxito.
[2026-06-04 14:10:22] [GUARDIAN] ALERTA: Daemon guardian modificado externamente
[2026-06-04 14:10:22] [GUARDIAN] *** MODO CUARENTENA ACTIVADO ***
[2026-06-04 14:10:22] [GUARDIAN] ¡ALERTA OUROBOROS! process_watchdog.py ha caído. Resucitándolo de inmediato.
[2026-06-04 14:10:22] [GUARDIAN] Watchdog resucitado con éxito.
[2026-06-04 14:10:52] [GUARDIAN] ALERTA: Daemon guardian modificado externamente
[2026-06-04 14:10:52] [GUARDIAN] *** MODO CUARENTENA ACTIVADO ***
[2026-06-04 14:10:52] [GUARDIAN] ¡ALERTA OUROBOROS! process_watchdog.py ha caído. Resucitándolo de inmediato.
[2026-06-04 14:10:52] [GUARDIAN] Watchdog resucitado con éxito.
[2026-06-04 14:11:22] [GUARDIAN] ALERTA: Daemon guardian modificado externamente
[2026-06-04 14:11:22] [GUARDIAN] *** MODO CUARENTENA ACTIVADO ***
[2026-06-04 14:11:22] [GUARDIAN] ¡ALERTA OUROBOROS! process_watchdog.py ha caído. Resucitándolo de inmediato.
[2026-06-04 14:11:22] [GUARDIAN] Watchdog resucitado con éxito.
[2026-06-04 14:11:52] [GUARDIAN] ALERTA: Daemon guardian modificado externamente
[2026-06-04 14:11:52] [GUARDIAN] *** MODO CUARENTENA ACTIVADO ***
[2026-06-04 14:11:52] [GUARDIAN] ¡ALERTA OUROBOROS! process_watchdog.py ha caído. Resucitándolo de inmediato.
[2026-06-04 14:11:52] [GUARDIAN] Watchdog resucitado con éxito.
[2026-06-04 14:12:22] [GUARDIAN] ALERTA: Daemon guardian modificado externamente
[2026-06-04 14:12:22] [GUARDIAN] *** MODO CUARENTENA ACTIVADO ***
[2026-06-04 14:12:22] [GUARDIAN] ¡ALERTA OUROBOROS! process_watchdog.py ha caído. Resucitándolo de inmediato.
[2026-06-04 14:12:22] [GUARDIAN] Watchdog resucitado con éxito.
[2026-06-04 14:12:52] [GUARDIAN] ALERTA: Daemon guardian modificado externamente
[2026-06-04 14:12:52] [GUARDIAN] *** MODO CUARENTENA ACTIVADO ***
[2026-06-04 14:12:52] [GUARDIAN] ¡ALERTA OUROBOROS! process_watchdog.py ha caído. Resucitándolo de inmediato.
[2026-06-04 14:12:52] [GUARDIAN] Watchdog resucitado con éxito.
[2026-06-04 14:13:22] [GUARDIAN] ALERTA: Daemon guardian modificado externamente
[2026-06-04 14:13:22] [GUARDIAN] *** MODO CUARENTENA ACTIVADO ***
[2026-06-04 14:13:22] [GUARDIAN] ¡ALERTA OUROBOROS! process_watchdog.py ha caído. Resucitándolo de inmediato.
[2026-06-04 14:13:22] [GUARDIAN] Watchdog resucitado con éxito.
[2026-06-04 14:13:52] [GUARDIAN] ALERTA: Daemon guardian modificado externamente
[2026-06-04 14:13:52] [GUARDIAN] *** MODO CUARENTENA ACTIVADO ***
[2026-06-04 14:13:52] [GUARDIAN] ¡ALERTA OUROBOROS! process_watchdog.py ha caído. Resucitándolo de inmediato.
[2026-06-04 14:13:52] [GUARDIAN] Watchdog resucitado con éxito.
[2026-06-04 14:14:22] [GUARDIAN] ALERTA: Daemon guardian modificado externamente
[2026-06-04 14:14:22] [GUARDIAN] *** MODO CUARENTENA ACTIVADO ***
[2026-06-04 14:14:23] [GUARDIAN] ¡ALERTA OUROBOROS! process_watchdog.py ha caído. Resucitándolo de inmediato.
[2026-06-04 14:14:23] [GUARDIAN] Watchdog resucitado con éxito.
[2026-06-04 14:14:53] [GUARDIAN] ALERTA: Daemon guardian modificado externamente
[2026-06-04 14:14:53] [GUARDIAN] *** MODO CUARENTENA ACTIVADO ***
[2026-06-04 14:14:53] [GUARDIAN] ¡ALERTA OUROBOROS! process_watchdog.py ha caído. Resucitándolo de inmediato.
[2026-06-04 14:14:53] [GUARDIAN] Watchdog resucitado con éxito.
[2026-06-04 14:15:23] [GUARDIAN] ALERTA: Daemon guardian modificado externamente
[2026-06-04 14:15:23] [GUARDIAN] *** MODO CUARENTENA ACTIVADO ***
[2026-06-04 14:15:23] [GUARDIAN] ¡ALERTA OUROBOROS! process_watchdog.py ha caído. Resucitándolo de inmediato.
[2026-06-04 14:15:23] [GUARDIAN] Watchdog resucitado con éxito.
[2026-06-04 14:15:53] [GUARDIAN] ALERTA: Daemon guardian modificado externamente
[2026-06-04 14:15:53] [GUARDIAN] *** MODO CUARENTENA ACTIVADO ***
[2026-06-04 14:15:53] [GUARDIAN] ¡ALERTA OUROBOROS! process_watchdog.py ha caído. Resucitándolo de inmediato.
[2026-06-04 14:15:53] [GUARDIAN] Watchdog resucitado con éxito.
[2026-06-04 14:16:23] [GUARDIAN] ALERTA: Daemon guardian modificado externamente
[2026-06-04 14:16:23] [GUARDIAN] *** MODO CUARENTENA ACTIVADO ***
[2026-06-04 14:16:23] [GUARDIAN] ¡ALERTA OUROBOROS! process_watchdog.py ha caído. Resucitándolo de inmediato.
[2026-06-04 14:16:23] [GUARDIAN] Watchdog resucitado con éxito.
[2026-06-04 14:16:53] [GUARDIAN] ALERTA: Daemon guardian modificado externamente
[2026-06-04 14:16:53] [GUARDIAN] *** MODO CUARENTENA ACTIVADO ***
[2026-06-04 14:16:53] [GUARDIAN] ¡ALERTA OUROBOROS! process_watchdog.py ha caído. Resucitándolo de inmediato.
[2026-06-04 14:16:53] [GUARDIAN] Watchdog resucitado con éxito.
[2026-06-04 14:17:23] [GUARDIAN] ALERTA: Daemon guardian modificado externamente
[2026-06-04 14:17:23] [GUARDIAN] *** MODO CUARENTENA ACTIVADO ***
[2026-06-04 14:17:23] [GUARDIAN] ¡ALERTA OUROBOROS! process_watchdog.py ha caído. Resucitándolo de inmediato.
[2026-06-04 14:17:23] [GUARDIAN] Watchdog resucitado con éxito.
[2026-06-04 14:17:53] [GUARDIAN] ALERTA: Daemon guardian modificado externamente
[2026-06-04 14:17:53] [GUARDIAN] *** MODO CUARENTENA ACTIVADO ***
[2026-06-04 14:17:53] [GUARDIAN] ¡ALERTA OUROBOROS! process_watchdog.py ha caído. Resucitándolo de inmediato.
[2026-06-04 14:17:53] [GUARDIAN] Watchdog resucitado con éxito.
[2026-06-04 14:18:23] [GUARDIAN] ALERTA: Daemon guardian modificado externamente
[2026-06-04 14:18:23] [GUARDIAN] *** MODO CUARENTENA ACTIVADO ***
[2026-06-04 14:18:23] [GUARDIAN] ¡ALERTA OUROBOROS! process_watchdog.py ha caído. Resucitándolo de inmediato.
[2026-06-04 14:18:23] [GUARDIAN] Watchdog resucitado con éxito.
[2026-06-04 14:18:53] [GUARDIAN] ALERTA: Daemon guardian modificado externamente
[2026-06-04 14:18:53] [GUARDIAN] *** MODO CUARENTENA ACTIVADO ***
[2026-06-04 14:18:53] [GUARDIAN] ¡ALERTA OUROBOROS! process_watchdog.py ha caído. Resucitándolo de inmediato.
[2026-06-04 14:18:53] [GUARDIAN] Watchdog resucitado con éxito.
[2026-06-04 14:19:23] [GUARDIAN] ALERTA: Daemon guardian modificado externamente
[2026-06-04 14:19:23] [GUARDIAN] *** MODO CUARENTENA ACTIVADO ***
[2026-06-04 14:19:23] [GUARDIAN] ¡ALERTA OUROBOROS! process_watchdog.py ha caído. Resucitándolo de inmediato.
[2026-06-04 14:19:23] [GUARDIAN] Watchdog resucitado con éxito.
[2026-06-04 14:19:53] [GUARDIAN] ALERTA: Daemon guardian modificado externamente
[2026-06-04 14:19:53] [GUARDIAN] *** MODO CUARENTENA ACTIVADO ***
[2026-06-04 14:19:53] [GUARDIAN] ¡ALERTA OUROBOROS! process_watchdog.py ha caído. Resucitándolo de inmediato.
[2026-06-04 14:19:53] [GUARDIAN] Watchdog resucitado con éxito.
[2026-06-04 14:20:23] [GUARDIAN] ALERTA: Daemon guardian modificado externamente
[2026-06-04 14:20:23] [GUARDIAN] *** MODO CUARENTENA ACTIVADO ***
[2026-06-04 14:20:23] [GUARDIAN] ¡ALERTA OUROBOROS! process_watchdog.py ha caído. Resucitándolo de inmediato.
[2026-06-04 14:20:23] [GUARDIAN] Watchdog resucitado con éxito.
[2026-06-04 14:20:53] [GUARDIAN] ALERTA: Daemon guardian modificado externamente
[2026-06-04 14:20:53] [GUARDIAN] *** MODO CUARENTENA ACTIVADO ***
[2026-06-04 14:20:53] [GUARDIAN] ¡ALERTA OUROBOROS! process_watchdog.py ha caído. Resucitándolo de inmediato.
[2026-06-04 14:20:53] [GUARDIAN] Watchdog resucitado con éxito.
[2026-06-04 14:21:23] [GUARDIAN] ALERTA: Daemon guardian modificado externamente
[2026-06-04 14:21:23] [GUARDIAN] *** MODO CUARENTENA ACTIVADO ***
[2026-06-04 14:21:23] [GUARDIAN] ¡ALERTA OUROBOROS! process_watchdog.py ha caído. Resucitándolo de inmediato.
[2026-06-04 14:21:23] [GUARDIAN] Watchdog resucitado con éxito.
[2026-06-04 14:21:53] [GUARDIAN] ALERTA: Daemon guardian modificado externamente
[2026-06-04 14:21:53] [GUARDIAN] *** MODO CUARENTENA ACTIVADO ***
[2026-06-04 14:21:53] [GUARDIAN] ¡ALERTA OUROBOROS! process_watchdog.py ha caído. Resucitándolo de inmediato.
[2026-06-04 14:21:53] [GUARDIAN] Watchdog resucitado con éxito.
[2026-06-04 14:22:23] [GUARDIAN] ALERTA: Daemon guardian modificado externamente
[2026-06-04 14:22:23] [GUARDIAN] *** MODO CUARENTENA ACTIVADO ***
[2026-06-04 14:22:23] [GUARDIAN] ¡ALERTA OUROBOROS! process_watchdog.py ha caído. Resucitándolo de inmediato.
[2026-06-04 14:22:23] [GUARDIAN] Watchdog resucitado con éxito.
[2026-06-04 14:22:53] [GUARDIAN] ALERTA: Daemon guardian modificado externamente
[2026-06-04 14:22:53] [GUARDIAN] *** MODO CUARENTENA ACTIVADO ***
[2026-06-04 14:22:53] [GUARDIAN] ¡ALERTA OUROBOROS! process_watchdog.py ha caído. Resucitándolo de inmediato.
[2026-06-04 14:22:53] [GUARDIAN] Watchdog resucitado con éxito.
[2026-06-04 14:23:23] [GUARDIAN] ALERTA: Daemon guardian modificado externamente
[2026-06-04 14:23:23] [GUARDIAN] *** MODO CUARENTENA ACTIVADO ***
[2026-06-04 14:23:23] [GUARDIAN] ¡ALERTA OUROBOROS! process_watchdog.py ha caído. Resucitándolo de inmediato.
[2026-06-04 14:23:23] [GUARDIAN] Watchdog resucitado con éxito.
[2026-06-04 14:23:53] [GUARDIAN] ALERTA: Daemon guardian modificado externamente
[2026-06-04 14:23:53] [GUARDIAN] *** MODO CUARENTENA ACTIVADO ***
[2026-06-04 14:23:53] [GUARDIAN] ¡ALERTA OUROBOROS! process_watchdog.py ha caído. Resucitándolo de inmediato.
[2026-06-04 14:23:53] [GUARDIAN] Watchdog resucitado con éxito.
[2026-06-04 14:24:23] [GUARDIAN] ALERTA: Daemon guardian modificado externamente
[2026-06-04 14:24:23] [GUARDIAN] *** MODO CUARENTENA ACTIVADO ***
[2026-06-04 14:24:23] [GUARDIAN] ¡ALERTA OUROBOROS! process_watchdog.py ha caído. Resucitándolo de inmediato.
[2026-06-04 14:24:23] [GUARDIAN] Watchdog resucitado con éxito.
[2026-06-04 14:24:53] [GUARDIAN] ALERTA: Daemon guardian modificado externamente
[2026-06-04 14:24:53] [GUARDIAN] *** MODO CUARENTENA ACTIVADO ***
[2026-06-04 14:24:53] [GUARDIAN] ¡ALERTA OUROBOROS! process_watchdog.py ha caído. Resucitándolo de inmediato.
[2026-06-04 14:24:53] [GUARDIAN] Watchdog resucitado con éxito.
[2026-06-04 14:25:23] [GUARDIAN] ALERTA: Daemon guardian modificado externamente
[2026-06-04 14:25:23] [GUARDIAN] *** MODO CUARENTENA ACTIVADO ***
[2026-06-04 14:25:23] [GUARDIAN] ¡ALERTA OUROBOROS! process_watchdog.py ha caído. Resucitándolo de inmediato.
[2026-06-04 14:25:23] [GUARDIAN] Watchdog resucitado con éxito.
[2026-06-04 14:25:53] [GUARDIAN] ALERTA: Daemon guardian modificado externamente
[2026-06-04 14:25:53] [GUARDIAN] *** MODO CUARENTENA ACTIVADO ***
[2026-06-04 14:25:54] [GUARDIAN] ¡ALERTA OUROBOROS! process_watchdog.py ha caído. Resucitándolo de inmediato.
[2026-06-04 14:25:54] [GUARDIAN] Watchdog resucitado con éxito.
[2026-06-04 14:26:24] [GUARDIAN] ALERTA: Daemon guardian modificado externamente
[2026-06-04 14:26:24] [GUARDIAN] *** MODO CUARENTENA ACTIVADO ***
[2026-06-04 14:26:24] [GUARDIAN] ¡ALERTA OUROBOROS! process_watchdog.py ha caído. Resucitándolo de inmediato.
[2026-06-04 14:26:24] [GUARDIAN] Watchdog resucitado con éxito.
[2026-06-04 14:26:54] [GUARDIAN] ALERTA: Daemon guardian modificado externamente
[2026-06-04 14:26:54] [GUARDIAN] *** MODO CUARENTENA ACTIVADO ***
[2026-06-04 14:26:54] [GUARDIAN] ¡ALERTA OUROBOROS! process_watchdog.py ha caído. Resucitándolo de inmediato.
[2026-06-04 14:26:54] [GUARDIAN] Watchdog resucitado con éxito.
[2026-06-04 14:27:24] [GUARDIAN] ALERTA: Daemon guardian modificado externamente
[2026-06-04 14:27:24] [GUARDIAN] *** MODO CUARENTENA ACTIVADO ***
[2026-06-04 14:27:24] [GUARDIAN] ¡ALERTA OUROBOROS! process_watchdog.py ha caído. Resucitándolo de inmediato.
[2026-06-04 14:27:24] [GUARDIAN] Watchdog resucitado con éxito.
[2026-06-04 14:27:54] [GUARDIAN] ALERTA: Daemon guardian modificado externamente
[2026-06-04 14:27:54] [GUARDIAN] *** MODO CUARENTENA ACTIVADO ***
[2026-06-04 14:27:54] [GUARDIAN] ¡ALERTA OUROBOROS! process_watchdog.py ha caído. Resucitándolo de inmediato.
[2026-06-04 14:27:54] [GUARDIAN] Watchdog resucitado con éxito.
[2026-06-04 14:28:24] [GUARDIAN] ALERTA: Daemon guardian modificado externamente
[2026-06-04 14:28:24] [GUARDIAN] *** MODO CUARENTENA ACTIVADO ***
[2026-06-04 14:28:24] [GUARDIAN] ¡ALERTA OUROBOROS! process_watchdog.py ha caído. Resucitándolo de inmediato.
[2026-06-04 14:28:24] [GUARDIAN] Watchdog resucitado con éxito.
[2026-06-04 14:28:54] [GUARDIAN] ALERTA: Daemon guardian modificado externamente
[2026-06-04 14:28:54] [GUARDIAN] *** MODO CUARENTENA ACTIVADO ***
[2026-06-04 14:28:54] [GUARDIAN] ¡ALERTA OUROBOROS! process_watchdog.py ha caído. Resucitándolo de inmediato.
[2026-06-04 14:28:54] [GUARDIAN] Watchdog resucitado con éxito.
[2026-06-04 14:29:24] [GUARDIAN] ALERTA: Daemon guardian modificado externamente
[2026-06-04 14:29:24] [GUARDIAN] *** MODO CUARENTENA ACTIVADO ***
[2026-06-04 14:29:24] [GUARDIAN] ¡ALERTA OUROBOROS! process_watchdog.py ha caído. Resucitándolo de inmediato.
[2026-06-04 14:29:24] [GUARDIAN] Watchdog resucitado con éxito.
[2026-06-04 14:29:54] [GUARDIAN] ALERTA: Daemon guardian modificado externamente
[2026-06-04 14:29:54] [GUARDIAN] *** MODO CUARENTENA ACTIVADO ***
[2026-06-04 14:29:54] [GUARDIAN] ¡ALERTA OUROBOROS! process_watchdog.py ha caído. Resucitándolo de inmediato.
[2026-06-04 14:29:54] [GUARDIAN] Watchdog resucitado con éxito.
[2026-06-04 14:30:24] [GUARDIAN] ALERTA: Daemon guardian modificado externamente
[2026-06-04 14:30:24] [GUARDIAN] *** MODO CUARENTENA ACTIVADO ***
[2026-06-04 14:30:24] [GUARDIAN] ¡ALERTA OUROBOROS! process_watchdog.py ha caído. Resucitándolo de inmediato.
[2026-06-04 14:30:24] [GUARDIAN] Watchdog resucitado con éxito.
[2026-06-04 14:30:54] [GUARDIAN] ALERTA: Daemon guardian modificado externamente
[2026-06-04 14:30:54] [GUARDIAN] *** MODO CUARENTENA ACTIVADO ***
[2026-06-04 14:30:54] [GUARDIAN] ¡ALERTA OUROBOROS! process_watchdog.py ha caído. Resucitándolo de inmediato.
[2026-06-04 14:30:54] [GUARDIAN] Watchdog resucitado con éxito.
[2026-06-04 14:31:24] [GUARDIAN] ALERTA: Daemon guardian modificado externamente
[2026-06-04 14:31:24] [GUARDIAN] *** MODO CUARENTENA ACTIVADO ***
[2026-06-04 14:31:24] [GUARDIAN] ¡ALERTA OUROBOROS! process_watchdog.py ha caído. Resucitándolo de inmediato.
[2026-06-04 14:31:24] [GUARDIAN] Watchdog resucitado con éxito.
[2026-06-04 14:31:54] [GUARDIAN] ALERTA: Daemon guardian modificado externamente
[2026-06-04 14:31:54] [GUARDIAN] *** MODO CUARENTENA ACTIVADO ***
[2026-06-04 14:31:54] [GUARDIAN] ¡ALERTA OUROBOROS! process_watchdog.py ha caído. Resucitándolo de inmediato.
[2026-06-04 14:31:54] [GUARDIAN] Watchdog resucitado con éxito.
[2026-06-04 14:32:24] [GUARDIAN] ALERTA: Daemon guardian modificado externamente
[2026-06-04 14:32:24] [GUARDIAN] *** MODO CUARENTENA ACTIVADO ***
[2026-06-04 14:32:24] [GUARDIAN] ¡ALERTA OUROBOROS! process_watchdog.py ha caído. Resucitándolo de inmediato.
[2026-06-04 14:32:24] [GUARDIAN] Watchdog resucitado con éxito.
[2026-06-04 14:32:54] [GUARDIAN] ALERTA: Daemon guardian modificado externamente
[2026-06-04 14:32:54] [GUARDIAN] *** MODO CUARENTENA ACTIVADO ***
[2026-06-04 14:32:54] [GUARDIAN] ¡ALERTA OUROBOROS! process_watchdog.py ha caído. Resucitándolo de inmediato.
[2026-06-04 14:32:54] [GUARDIAN] Watchdog resucitado con éxito.
[2026-06-04 14:33:24] [GUARDIAN] ALERTA: Daemon guardian modificado externamente
[2026-06-04 14:33:24] [GUARDIAN] *** MODO CUARENTENA ACTIVADO ***
[2026-06-04 14:33:24] [GUARDIAN] ¡ALERTA OUROBOROS! process_watchdog.py ha caído. Resucitándolo de inmediato.
[2026-06-04 14:33:24] [GUARDIAN] Watchdog resucitado con éxito.
[2026-06-04 14:33:54] [GUARDIAN] ALERTA: Daemon guardian modificado externamente
[2026-06-04 14:33:54] [GUARDIAN] *** MODO CUARENTENA ACTIVADO ***
[2026-06-04 14:33:54] [GUARDIAN] ¡ALERTA OUROBOROS! process_watchdog.py ha caído. Resucitándolo de inmediato.
[2026-06-04 14:33:54] [GUARDIAN] Watchdog resucitado con éxito.
[2026-06-04 14:34:24] [GUARDIAN] ALERTA: Daemon guardian modificado externamente
[2026-06-04 14:34:24] [GUARDIAN] *** MODO CUARENTENA ACTIVADO ***
[2026-06-04 14:34:24] [GUARDIAN] ¡ALERTA OUROBOROS! process_watchdog.py ha caído. Resucitándolo de inmediato.
[2026-06-04 14:34:24] [GUARDIAN] Watchdog resucitado con éxito.
[2026-06-04 14:34:54] [GUARDIAN] ALERTA: Daemon guardian modificado externamente
[2026-06-04 14:34:54] [GUARDIAN] *** MODO CUARENTENA ACTIVADO ***
[2026-06-04 14:34:54] [GUARDIAN] ¡ALERTA OUROBOROS! process_watchdog.py ha caído. Resucitándolo de inmediato.
[2026-06-04 14:34:54] [GUARDIAN] Watchdog resucitado con éxito.
[2026-06-04 14:35:24] [GUARDIAN] ALERTA: Daemon guardian modificado externamente
[2026-06-04 14:35:24] [GUARDIAN] *** MODO CUARENTENA ACTIVADO ***
[2026-06-04 14:35:24] [GUARDIAN] ¡ALERTA OUROBOROS! process_watchdog.py ha caído. Resucitándolo de inmediato.
[2026-06-04 14:35:24] [GUARDIAN] Watchdog resucitado con éxito.
[2026-06-04 14:35:54] [GUARDIAN] ALERTA: Daemon guardian modificado externamente
[2026-06-04 14:35:54] [GUARDIAN] *** MODO CUARENTENA ACTIVADO ***
[2026-06-04 14:35:54] [GUARDIAN] ¡ALERTA OUROBOROS! process_watchdog.py ha caído. Resucitándolo de inmediato.
[2026-06-04 14:35:54] [GUARDIAN] Watchdog resucitado con éxito.
[2026-06-04 14:36:24] [GUARDIAN] ALERTA: Daemon guardian modificado externamente
[2026-06-04 14:36:24] [GUARDIAN] *** MODO CUARENTENA ACTIVADO ***
[2026-06-04 14:36:24] [GUARDIAN] ¡ALERTA OUROBOROS! process_watchdog.py ha caído. Resucitándolo de inmediato.
[2026-06-04 14:36:24] [GUARDIAN] Watchdog resucitado con éxito.
[2026-06-04 14:36:54] [GUARDIAN] ALERTA: Daemon guardian modificado externamente
[2026-06-04 14:36:54] [GUARDIAN] *** MODO CUARENTENA ACTIVADO ***
[2026-06-04 14:36:55] [GUARDIAN] ¡ALERTA OUROBOROS! process_watchdog.py ha caído. Resucitándolo de inmediato.
[2026-06-04 14:36:55] [GUARDIAN] Watchdog resucitado con éxito.
[2026-06-04 14:37:25] [GUARDIAN] ALERTA: Daemon guardian modificado externamente
[2026-06-04 14:37:25] [GUARDIAN] *** MODO CUARENTENA ACTIVADO ***
[2026-06-04 14:37:25] [GUARDIAN] ¡ALERTA OUROBOROS! process_watchdog.py ha caído. Resucitándolo de inmediato.
[2026-06-04 14:37:25] [GUARDIAN] Watchdog resucitado con éxito.
[2026-06-04 14:37:55] [GUARDIAN] ALERTA: Daemon guardian modificado externamente
[2026-06-04 14:37:55] [GUARDIAN] *** MODO CUARENTENA ACTIVADO ***
[2026-06-04 14:37:55] [GUARDIAN] ¡ALERTA OUROBOROS! process_watchdog.py ha caído. Resucitándolo de inmediato.
[2026-06-04 14:37:55] [GUARDIAN] Watchdog resucitado con éxito.
[2026-06-04 14:38:25] [GUARDIAN] ALERTA: Daemon guardian modificado externamente
[2026-06-04 14:38:25] [GUARDIAN] *** MODO CUARENTENA ACTIVADO ***
[2026-06-04 14:38:25] [GUARDIAN] ¡ALERTA OUROBOROS! process_watchdog.py ha caído. Resucitándolo de inmediato.
[2026-06-04 14:38:25] [GUARDIAN] Watchdog resucitado con éxito.
[2026-06-04 14:38:55] [GUARDIAN] ALERTA: Daemon guardian modificado externamente
[2026-06-04 14:38:55] [GUARDIAN] *** MODO CUARENTENA ACTIVADO ***
[2026-06-04 14:38:55] [GUARDIAN] ¡ALERTA OUROBOROS! process_watchdog.py ha caído. Resucitándolo de inmediato.
[2026-06-04 14:38:55] [GUARDIAN] Watchdog resucitado con éxito.
[2026-06-04 14:39:25] [GUARDIAN] ALERTA: Daemon guardian modificado externamente
[2026-06-04 14:39:25] [GUARDIAN] *** MODO CUARENTENA ACTIVADO ***
[2026-06-04 14:39:25] [GUARDIAN] ¡ALERTA OUROBOROS! process_watchdog.py ha caído. Resucitándolo de inmediato.
[2026-06-04 14:39:25] [GUARDIAN] Watchdog resucitado con éxito.
[2026-06-04 14:39:55] [GUARDIAN] ALERTA: Daemon guardian modificado externamente
[2026-06-04 14:39:55] [GUARDIAN] *** MODO CUARENTENA ACTIVADO ***
[2026-06-04 14:39:55] [GUARDIAN] ¡ALERTA OUROBOROS! process_watchdog.py ha caído. Resucitándolo de inmediato.
[2026-06-04 14:39:55] [GUARDIAN] Watchdog resucitado con éxito.
[2026-06-04 14:40:25] [GUARDIAN] ALERTA: Daemon guardian modificado externamente
[2026-06-04 14:40:25] [GUARDIAN] *** MODO CUARENTENA ACTIVADO ***
[2026-06-04 14:40:25] [GUARDIAN] ¡ALERTA OUROBOROS! process_watchdog.py ha caído. Resucitándolo de inmediato.
[2026-06-04 14:40:25] [GUARDIAN] Watchdog resucitado con éxito.
[2026-06-04 14:40:55] [GUARDIAN] ALERTA: Daemon guardian modificado externamente
[2026-06-04 14:40:55] [GUARDIAN] *** MODO CUARENTENA ACTIVADO ***
[2026-06-04 14:40:55] [GUARDIAN] ¡ALERTA OUROBOROS! process_watchdog.py ha caído. Resucitándolo de inmediato.
[2026-06-04 14:40:55] [GUARDIAN] Watchdog resucitado con éxito.
[2026-06-04 14:41:25] [GUARDIAN] ALERTA: Daemon guardian modificado externamente
[2026-06-04 14:41:25] [GUARDIAN] *** MODO CUARENTENA ACTIVADO ***
[2026-06-04 14:41:25] [GUARDIAN] ¡ALERTA OUROBOROS! process_watchdog.py ha caído. Resucitándolo de inmediato.
[2026-06-04 14:41:25] [GUARDIAN] Watchdog resucitado con éxito.
[2026-06-04 14:41:55] [GUARDIAN] ALERTA: Daemon guardian modificado externamente
[2026-06-04 14:41:55] [GUARDIAN] *** MODO CUARENTENA ACTIVADO ***
[2026-06-04 14:41:55] [GUARDIAN] ¡ALERTA OUROBOROS! process_watchdog.py ha caído. Resucitándolo de inmediato.
[2026-06-04 14:41:55] [GUARDIAN] Watchdog resucitado con éxito.
[2026-06-04 14:42:25] [GUARDIAN] ALERTA: Daemon guardian modificado externamente
[2026-06-04 14:42:25] [GUARDIAN] *** MODO CUARENTENA ACTIVADO ***
[2026-06-04 14:42:25] [GUARDIAN] ¡ALERTA OUROBOROS! process_watchdog.py ha caído. Resucitándolo de inmediato.
[2026-06-04 14:42:25] [GUARDIAN] Watchdog resucitado con éxito.
[2026-06-04 14:42:55] [GUARDIAN] ALERTA: Daemon guardian modificado externamente
[2026-06-04 14:42:55] [GUARDIAN] *** MODO CUARENTENA ACTIVADO ***
[2026-06-04 14:42:55] [GUARDIAN] ¡ALERTA OUROBOROS! process_watchdog.py ha caído. Resucitándolo de inmediato.
[2026-06-04 14:42:55] [GUARDIAN] Watchdog resucitado con éxito.
[2026-06-04 14:43:25] [GUARDIAN] ALERTA: Daemon guardian modificado externamente
[2026-06-04 14:43:25] [GUARDIAN] *** MODO CUARENTENA ACTIVADO ***
[2026-06-04 14:43:25] [GUARDIAN] ¡ALERTA OUROBOROS! process_watchdog.py ha caído. Resucitándolo de inmediato.
[2026-06-04 14:43:25] [GUARDIAN] Watchdog resucitado con éxito.
[2026-06-04 14:43:55] [GUARDIAN] ALERTA: Daemon guardian modificado externamente
[2026-06-04 14:43:55] [GUARDIAN] *** MODO CUARENTENA ACTIVADO ***
[2026-06-04 14:43:55] [GUARDIAN] ¡ALERTA OUROBOROS! process_watchdog.py ha caído. Resucitándolo de inmediato.
[2026-06-04 14:43:55] [GUARDIAN] Watchdog resucitado con éxito.
[2026-06-04 14:44:25] [GUARDIAN] ALERTA: Daemon guardian modificado externamente
[2026-06-04 14:44:25] [GUARDIAN] *** MODO CUARENTENA ACTIVADO ***
[2026-06-04 14:44:25] [GUARDIAN] ¡ALERTA OUROBOROS! process_watchdog.py ha caído. Resucitándolo de inmediato.
[2026-06-04 14:44:25] [GUARDIAN] Watchdog resucitado con éxito.
[2026-06-04 14:44:55] [GUARDIAN] ALERTA: Daemon guardian modificado externamente
[2026-06-04 14:44:55] [GUARDIAN] *** MODO CUARENTENA ACTIVADO ***
[2026-06-04 14:44:55] [GUARDIAN] ¡ALERTA OUROBOROS! process_watchdog.py ha caído. Resucitándolo de inmediato.
[2026-06-04 14:44:55] [GUARDIAN] Watchdog resucitado con éxito.
[2026-06-04 14:45:25] [GUARDIAN] ALERTA: Daemon guardian modificado externamente
[2026-06-04 14:45:25] [GUARDIAN] *** MODO CUARENTENA ACTIVADO ***
[2026-06-04 14:45:25] [GUARDIAN] ¡ALERTA OUROBOROS! process_watchdog.py ha caído. Resucitándolo de inmediato.
[2026-06-04 14:45:25] [GUARDIAN] Watchdog resucitado con éxito.
[2026-06-04 14:45:55] [GUARDIAN] ALERTA: Daemon guardian modificado externamente
[2026-06-04 14:45:55] [GUARDIAN] *** MODO CUARENTENA ACTIVADO ***
[2026-06-04 14:45:55] [GUARDIAN] ¡ALERTA OUROBOROS! process_watchdog.py ha caído. Resucitándolo de inmediato.
[2026-06-04 14:45:55] [GUARDIAN] Watchdog resucitado con éxito.
[2026-06-04 14:46:25] [GUARDIAN] ALERTA: Daemon guardian modificado externamente
[2026-06-04 14:46:25] [GUARDIAN] *** MODO CUARENTENA ACTIVADO ***
[2026-06-04 14:46:25] [GUARDIAN] ¡ALERTA OUROBOROS! process_watchdog.py ha caído. Resucitándolo de inmediato.
[2026-06-04 14:46:25] [GUARDIAN] Watchdog resucitado con éxito.
[2026-06-04 14:46:55] [GUARDIAN] ALERTA: Daemon guardian modificado externamente
[2026-06-04 14:46:55] [GUARDIAN] *** MODO CUARENTENA ACTIVADO ***
[2026-06-04 14:46:55] [GUARDIAN] ¡ALERTA OUROBOROS! process_watchdog.py ha caído. Resucitándolo de inmediato.
[2026-06-04 14:46:55] [GUARDIAN] Watchdog resucitado con éxito.
[2026-06-04 14:47:25] [GUARDIAN] ALERTA: Daemon guardian modificado externamente
[2026-06-04 14:47:25] [GUARDIAN] *** MODO CUARENTENA ACTIVADO ***
[2026-06-04 14:47:25] [GUARDIAN] ¡ALERTA OUROBOROS! process_watchdog.py ha caído. Resucitándolo de inmediato.
[2026-06-04 14:47:25] [GUARDIAN] Watchdog resucitado con éxito.
[2026-06-04 14:47:55] [GUARDIAN] ALERTA: Daemon guardian modificado externamente
[2026-06-04 14:47:55] [GUARDIAN] *** MODO CUARENTENA ACTIVADO ***
[2026-06-04 14:47:55] [GUARDIAN] ¡ALERTA OUROBOROS! process_watchdog.py ha caído. Resucitándolo de inmediato.
[2026-06-04 14:47:55] [GUARDIAN] Watchdog resucitado con éxito.
[2026-06-04 14:48:25] [GUARDIAN] ALERTA: Daemon guardian modificado externamente
[2026-06-04 14:48:25] [GUARDIAN] *** MODO CUARENTENA ACTIVADO ***
[2026-06-04 14:48:26] [GUARDIAN] ¡ALERTA OUROBOROS! process_watchdog.py ha caído. Resucitándolo de inmediato.
[2026-06-04 14:48:26] [GUARDIAN] Watchdog resucitado con éxito.
[2026-06-04 14:48:56] [GUARDIAN] ALERTA: Daemon guardian modificado externamente
[2026-06-04 14:48:56] [GUARDIAN] *** MODO CUARENTENA ACTIVADO ***
[2026-06-04 14:48:56] [GUARDIAN] ¡ALERTA OUROBOROS! process_watchdog.py ha caído. Resucitándolo de inmediato.
[2026-06-04 14:48:56] [GUARDIAN] Watchdog resucitado con éxito.
[2026-06-04 14:49:26] [GUARDIAN] ALERTA: Daemon guardian modificado externamente
[2026-06-04 14:49:26] [GUARDIAN] *** MODO CUARENTENA ACTIVADO ***
[2026-06-04 14:49:26] [GUARDIAN] ¡ALERTA OUROBOROS! process_watchdog.py ha caído. Resucitándolo de inmediato.
[2026-06-04 14:49:26] [GUARDIAN] Watchdog resucitado con éxito.
[2026-06-04 14:49:56] [GUARDIAN] ALERTA: Daemon guardian modificado externamente
[2026-06-04 14:49:56] [GUARDIAN] *** MODO CUARENTENA ACTIVADO ***
[2026-06-04 14:49:56] [GUARDIAN] ¡ALERTA OUROBOROS! process_watchdog.py ha caído. Resucitándolo de inmediato.
[2026-06-04 14:49:56] [GUARDIAN] Watchdog resucitado con éxito.
[2026-06-04 14:50:26] [GUARDIAN] ALERTA: Daemon guardian modificado externamente
[2026-06-04 14:50:26] [GUARDIAN] *** MODO CUARENTENA ACTIVADO ***
[2026-06-04 14:50:26] [GUARDIAN] ¡ALERTA OUROBOROS! process_watchdog.py ha caído. Resucitándolo de inmediato.
[2026-06-04 14:50:26] [GUARDIAN] Watchdog resucitado con éxito.
[2026-06-04 14:50:56] [GUARDIAN] ALERTA: Daemon guardian modificado externamente
[2026-06-04 14:50:56] [GUARDIAN] *** MODO CUARENTENA ACTIVADO ***
[2026-06-04 14:50:56] [GUARDIAN] ¡ALERTA OUROBOROS! process_watchdog.py ha caído. Resucitándolo de inmediato.
[2026-06-04 14:50:56] [GUARDIAN] Watchdog resucitado con éxito.
[2026-06-04 14:51:26] [GUARDIAN] ALERTA: Daemon guardian modificado externamente
[2026-06-04 14:51:26] [GUARDIAN] *** MODO CUARENTENA ACTIVADO ***
[2026-06-04 14:51:26] [GUARDIAN] ¡ALERTA OUROBOROS! process_watchdog.py ha caído. Resucitándolo de inmediato.
[2026-06-04 14:51:26] [GUARDIAN] Watchdog resucitado con éxito.
[2026-06-04 14:51:56] [GUARDIAN] ALERTA: Daemon guardian modificado externamente
[2026-06-04 14:51:56] [GUARDIAN] *** MODO CUARENTENA ACTIVADO ***
[2026-06-04 14:51:56] [GUARDIAN] ¡ALERTA OUROBOROS! process_watchdog.py ha caído. Resucitándolo de inmediato.
[2026-06-04 14:51:56] [GUARDIAN] Watchdog resucitado con éxito.
[2026-06-04 14:52:26] [GUARDIAN] ALERTA: Daemon guardian modificado externamente
[2026-06-04 14:52:26] [GUARDIAN] *** MODO CUARENTENA ACTIVADO ***
[2026-06-04 14:52:26] [GUARDIAN] ¡ALERTA OUROBOROS! process_watchdog.py ha caído. Resucitándolo de inmediato.
[2026-06-04 14:52:26] [GUARDIAN] Watchdog resucitado con éxito.
[2026-06-04 14:52:56] [GUARDIAN] ALERTA: Daemon guardian modificado externamente
[2026-06-04 14:52:56] [GUARDIAN] *** MODO CUARENTENA ACTIVADO ***
[2026-06-04 14:52:56] [GUARDIAN] ¡ALERTA OUROBOROS! process_watchdog.py ha caído. Resucitándolo de inmediato.
[2026-06-04 14:52:56] [GUARDIAN] Watchdog resucitado con éxito.
[2026-06-04 14:53:26] [GUARDIAN] ALERTA: Daemon guardian modificado externamente
[2026-06-04 14:53:26] [GUARDIAN] *** MODO CUARENTENA ACTIVADO ***
[2026-06-04 14:53:26] [GUARDIAN] ¡ALERTA OUROBOROS! process_watchdog.py ha caído. Resucitándolo de inmediato.
[2026-06-04 14:53:26] [GUARDIAN] Watchdog resucitado con éxito.
[2026-06-04 14:53:56] [GUARDIAN] ALERTA: Daemon guardian modificado externamente
[2026-06-04 14:53:56] [GUARDIAN] *** MODO CUARENTENA ACTIVADO ***
[2026-06-04 14:53:56] [GUARDIAN] ¡ALERTA OUROBOROS! process_watchdog.py ha caído. Resucitándolo de inmediato.
[2026-06-04 14:53:56] [GUARDIAN] Watchdog resucitado con éxito.
[2026-06-04 14:54:26] [GUARDIAN] ALERTA: Daemon guardian modificado externamente
[2026-06-04 14:54:26] [GUARDIAN] *** MODO CUARENTENA ACTIVADO ***
[2026-06-04 14:54:26] [GUARDIAN] ¡ALERTA OUROBOROS! process_watchdog.py ha caído. Resucitándolo de inmediato.
[2026-06-04 14:54:26] [GUARDIAN] Watchdog resucitado con éxito.
[2026-06-04 14:54:56] [GUARDIAN] ALERTA: Daemon guardian modificado externamente
[2026-06-04 14:54:56] [GUARDIAN] *** MODO CUARENTENA ACTIVADO ***
[2026-06-04 14:54:56] [GUARDIAN] ¡ALERTA OUROBOROS! process_watchdog.py ha caído. Resucitándolo de inmediato.
[2026-06-04 14:54:56] [GUARDIAN] Watchdog resucitado con éxito.
[2026-06-04 14:55:26] [GUARDIAN] ALERTA: Daemon guardian modificado externamente
[2026-06-04 14:55:26] [GUARDIAN] *** MODO CUARENTENA ACTIVADO ***
[2026-06-04 14:55:26] [GUARDIAN] ¡ALERTA OUROBOROS! process_watchdog.py ha caído. Resucitándolo de inmediato.
[2026-06-04 14:55:26] [GUARDIAN] Watchdog resucitado con éxito.
[2026-06-04 14:55:56] [GUARDIAN] ALERTA: Daemon guardian modificado externamente
[2026-06-04 14:55:56] [GUARDIAN] *** MODO CUARENTENA ACTIVADO ***
[2026-06-04 14:55:56] [GUARDIAN] ¡ALERTA OUROBOROS! process_watchdog.py ha caído. Resucitándolo de inmediato.
[2026-06-04 14:55:56] [GUARDIAN] Watchdog resucitado con éxito.
[2026-06-04 14:56:26] [GUARDIAN] ALERTA: Daemon guardian modificado externamente
[2026-06-04 14:56:26] [GUARDIAN] *** MODO CUARENTENA ACTIVADO ***
[2026-06-04 14:56:26] [GUARDIAN] ¡ALERTA OUROBOROS! process_watchdog.py ha caído. Resucitándolo de inmediato.
[2026-06-04 14:56:26] [GUARDIAN] Watchdog resucitado con éxito.
[2026-06-04 14:56:56] [GUARDIAN] ALERTA: Daemon guardian modificado externamente
[2026-06-04 14:56:56] [GUARDIAN] *** MODO CUARENTENA ACTIVADO ***
[2026-06-04 14:56:56] [GUARDIAN] ¡ALERTA OUROBOROS! process_watchdog.py ha caído. Resucitándolo de inmediato.
[2026-06-04 14:56:56] [GUARDIAN] Watchdog resucitado con éxito.
[2026-06-04 14:57:26] [GUARDIAN] ALERTA: Daemon guardian modificado externamente
[2026-06-04 14:57:26] [GUARDIAN] *** MODO CUARENTENA ACTIVADO ***
[2026-06-04 14:57:26] [GUARDIAN] ¡ALERTA OUROBOROS! process_watchdog.py ha caído. Resucitándolo de inmediato.
[2026-06-04 14:57:26] [GUARDIAN] Watchdog resucitado con éxito.
[2026-06-04 14:57:56] [GUARDIAN] ALERTA: Daemon guardian modificado externamente
[2026-06-04 14:57:56] [GUARDIAN] *** MODO CUARENTENA ACTIVADO ***
[2026-06-04 14:57:56] [GUARDIAN] ¡ALERTA OUROBOROS! process_watchdog.py ha caído. Resucitándolo de inmediato.
[2026-06-04 14:57:56] [GUARDIAN] Watchdog resucitado con éxito.
[2026-06-04 14:58:26] [GUARDIAN] ALERTA: Daemon guardian modificado externamente
[2026-06-04 14:58:26] [GUARDIAN] *** MODO CUARENTENA ACTIVADO ***
[2026-06-04 14:58:26] [GUARDIAN] ¡ALERTA OUROBOROS! process_watchdog.py ha caído. Resucitándolo de inmediato.
[2026-06-04 14:58:26] [GUARDIAN] Watchdog resucitado con éxito.
[2026-06-04 14:58:56] [GUARDIAN] ALERTA: Daemon guardian modificado externamente
[2026-06-04 14:58:56] [GUARDIAN] *** MODO CUARENTENA ACTIVADO ***
[2026-06-04 14:58:56] [GUARDIAN] ¡ALERTA OUROBOROS! process_watchdog.py ha caído. Resucitándolo de inmediato.
[2026-06-04 14:58:56] [GUARDIAN] Watchdog resucitado con éxito.
[2026-06-04 14:59:26] [GUARDIAN] ALERTA: Daemon guardian modificado externamente
[2026-06-04 14:59:26] [GUARDIAN] *** MODO CUARENTENA ACTIVADO ***
[2026-06-04 14:59:26] [GUARDIAN] ¡ALERTA OUROBOROS! process_watchdog.py ha caído. Resucitándolo de inmediato.
[2026-06-04 14:59:26] [GUARDIAN] Watchdog resucitado con éxito.
[2026-06-04 14:59:56] [GUARDIAN] ALERTA: Daemon guardian modificado externamente
[2026-06-04 14:59:56] [GUARDIAN] *** MODO CUARENTENA ACTIVADO ***
[2026-06-04 14:59:57] [GUARDIAN] ¡ALERTA OUROBOROS! process_watchdog.py ha caído. Resucitándolo de inmediato.
[2026-06-04 14:59:57] [GUARDIAN] Watchdog resucitado con éxito.
[2026-06-04 15:00:27] [GUARDIAN] ALERTA: Daemon guardian modificado externamente
[2026-06-04 15:00:27] [GUARDIAN] *** MODO CUARENTENA ACTIVADO ***
[2026-06-04 15:00:27] [GUARDIAN] ¡ALERTA OUROBOROS! process_watchdog.py ha caído. Resucitándolo de inmediato.
[2026-06-04 15:00:27] [GUARDIAN] Watchdog resucitado con éxito.
[2026-06-04 15:00:57] [GUARDIAN] ALERTA: Daemon guardian modificado externamente
[2026-06-04 15:00:57] [GUARDIAN] *** MODO CUARENTENA ACTIVADO ***
[2026-06-04 15:00:57] [GUARDIAN] ¡ALERTA OUROBOROS! process_watchdog.py ha caído. Resucitándolo de inmediato.
[2026-06-04 15:00:57] [GUARDIAN] Watchdog resucitado con éxito.
[2026-06-04 15:01:27] [GUARDIAN] ALERTA: Daemon guardian modificado externamente
[2026-06-04 15:01:27] [GUARDIAN] *** MODO CUARENTENA ACTIVADO ***
[2026-06-04 15:01:27] [GUARDIAN] ¡ALERTA OUROBOROS! process_watchdog.py ha caído. Resucitándolo de inmediato.
[2026-06-04 15:01:27] [GUARDIAN] Watchdog resucitado con éxito.
[2026-06-04 15:01:57] [GUARDIAN] ALERTA: Daemon guardian modificado externamente
[2026-06-04 15:01:57] [GUARDIAN] *** MODO CUARENTENA ACTIVADO ***
[2026-06-04 15:01:57] [GUARDIAN] ¡ALERTA OUROBOROS! process_watchdog.py ha caído. Resucitándolo de inmediato.
[2026-06-04 15:01:57] [GUARDIAN] Watchdog resucitado con éxito.
[2026-06-04 15:02:27] [GUARDIAN] ALERTA: Daemon guardian modificado externamente
[2026-06-04 15:02:27] [GUARDIAN] *** MODO CUARENTENA ACTIVADO ***
[2026-06-04 15:02:27] [GUARDIAN] ¡ALERTA OUROBOROS! process_watchdog.py ha caído. Resucitándolo de inmediato.
[2026-06-04 15:02:27] [GUARDIAN] Watchdog resucitado con éxito.
[2026-06-04 15:02:57] [GUARDIAN] ALERTA: Daemon guardian modificado externamente
[2026-06-04 15:02:57] [GUARDIAN] *** MODO CUARENTENA ACTIVADO ***
[2026-06-04 15:02:57] [GUARDIAN] ¡ALERTA OUROBOROS! process_watchdog.py ha caído. Resucitándolo de inmediato.
[2026-06-04 15:02:57] [GUARDIAN] Watchdog resucitado con éxito.
[2026-06-04 15:03:27] [GUARDIAN] ALERTA: Daemon guardian modificado externamente
[2026-06-04 15:03:27] [GUARDIAN] *** MODO CUARENTENA ACTIVADO ***
[2026-06-04 15:03:27] [GUARDIAN] ¡ALERTA OUROBOROS! process_watchdog.py ha caído. Resucitándolo de inmediato.
[2026-06-04 15:03:27] [GUARDIAN] Watchdog resucitado con éxito.
[2026-06-04 15:03:57] [GUARDIAN] ALERTA: Daemon guardian modificado externamente
[2026-06-04 15:03:57] [GUARDIAN] *** MODO CUARENTENA ACTIVADO ***
[2026-06-04 15:03:57] [GUARDIAN] ¡ALERTA OUROBOROS! process_watchdog.py ha caído. Resucitándolo de inmediato.
[2026-06-04 15:03:57] [GUARDIAN] Watchdog resucitado con éxito.
[2026-06-04 15:04:27] [GUARDIAN] ALERTA: Daemon guardian modificado externamente
[2026-06-04 15:04:27] [GUARDIAN] *** MODO CUARENTENA ACTIVADO ***
[2026-06-04 15:04:27] [GUARDIAN] ¡ALERTA OUROBOROS! process_watchdog.py ha caído. Resucitándolo de inmediato.
[2026-06-04 15:04:27] [GUARDIAN] Watchdog resucitado con éxito.
[2026-06-04 15:04:57] [GUARDIAN] ALERTA: Daemon guardian modificado externamente
[2026-06-04 15:04:57] [GUARDIAN] *** MODO CUARENTENA ACTIVADO ***
[2026-06-04 15:04:57] [GUARDIAN] ¡ALERTA OUROBOROS! process_watchdog.py ha caído. Resucitándolo de inmediato.
[2026-06-04 15:04:57] [GUARDIAN] Watchdog resucitado con éxito.
[2026-06-04 15:05:27] [GUARDIAN] ALERTA: Daemon guardian modificado externamente
[2026-06-04 15:05:27] [GUARDIAN] *** MODO CUARENTENA ACTIVADO ***
[2026-06-04 15:05:27] [GUARDIAN] ¡ALERTA OUROBOROS! process_watchdog.py ha caído. Resucitándolo de inmediato.
[2026-06-04 15:05:27] [GUARDIAN] Watchdog resucitado con éxito.
[2026-06-04 15:05:57] [GUARDIAN] ALERTA: Daemon guardian modificado externamente
[2026-06-04 15:05:57] [GUARDIAN] *** MODO CUARENTENA ACTIVADO ***
[2026-06-04 15:05:57] [GUARDIAN] ¡ALERTA OUROBOROS! process_watchdog.py ha caído. Resucitándolo de inmediato.
[2026-06-04 15:05:57] [GUARDIAN] Watchdog resucitado con éxito.
[2026-06-04 15:06:27] [GUARDIAN] ALERTA: Daemon guardian modificado externamente
[2026-06-04 15:06:27] [GUARDIAN] *** MODO CUARENTENA ACTIVADO ***
[2026-06-04 15:06:27] [GUARDIAN] ¡ALERTA OUROBOROS! process_watchdog.py ha caído. Resucitándolo de inmediato.
[2026-06-04 15:06:27] [GUARDIAN] Watchdog resucitado con éxito.
[2026-06-04 15:06:57] [GUARDIAN] ALERTA: Daemon guardian modificado externamente
[2026-06-04 15:06:57] [GUARDIAN] *** MODO CUARENTENA ACTIVADO ***
[2026-06-04 15:06:57] [GUARDIAN] ¡ALERTA OUROBOROS! process_watchdog.py ha caído. Resucitándolo de inmediato.
[2026-06-04 15:06:57] [GUARDIAN] Watchdog resucitado con éxito.
[2026-06-04 15:07:27] [GUARDIAN] ALERTA: Daemon guardian modificado externamente
[2026-06-04 15:07:27] [GUARDIAN] *** MODO CUARENTENA ACTIVADO ***
[2026-06-04 15:07:27] [GUARDIAN] ¡ALERTA OUROBOROS! process_watchdog.py ha caído. Resucitándolo de inmediato.
[2026-06-04 15:07:27] [GUARDIAN] Watchdog resucitado con éxito.
[2026-06-04 15:07:57] [GUARDIAN] ALERTA: Daemon guardian modificado externamente
[2026-06-04 15:07:57] [GUARDIAN] *** MODO CUARENTENA ACTIVADO ***
[2026-06-04 15:07:57] [GUARDIAN] ¡ALERTA OUROBOROS! process_watchdog.py ha caído. Resucitándolo de inmediato.
[2026-06-04 15:07:57] [GUARDIAN] Watchdog resucitado con éxito.
[2026-06-04 15:08:27] [GUARDIAN] ALERTA: Daemon guardian modificado externamente
[2026-06-04 15:08:27] [GUARDIAN] *** MODO CUARENTENA ACTIVADO ***
[2026-06-04 15:08:27] [GUARDIAN] ¡ALERTA OUROBOROS! process_watchdog.py ha caído. Resucitándolo de inmediato.
[2026-06-04 15:08:27] [GUARDIAN] Watchdog resucitado con éxito.
[2026-06-04 15:08:57] [GUARDIAN] ALERTA: Daemon guardian modificado externamente
[2026-06-04 15:08:57] [GUARDIAN] *** MODO CUARENTENA ACTIVADO ***
[2026-06-04 15:08:57] [GUARDIAN] ¡ALERTA OUROBOROS! process_watchdog.py ha caído. Resucitándolo de inmediato.
[2026-06-04 15:08:57] [GUARDIAN] Watchdog resucitado con éxito.
[2026-06-04 15:09:27] [GUARDIAN] ALERTA: Daemon guardian modificado externamente
[2026-06-04 15:09:27] [GUARDIAN] *** MODO CUARENTENA ACTIVADO ***
[2026-06-04 15:09:27] [GUARDIAN] ¡ALERTA OUROBOROS! process_watchdog.py ha caído. Resucitándolo de inmediato.
[2026-06-04 15:09:27] [GUARDIAN] Watchdog resucitado con éxito.
[2026-06-04 15:09:57] [GUARDIAN] ALERTA: Daemon guardian modificado externamente
[2026-06-04 15:09:57] [GUARDIAN] *** MODO CUARENTENA ACTIVADO ***
[2026-06-04 15:09:57] [GUARDIAN] ¡ALERTA OUROBOROS! process_watchdog.py ha caído. Resucitándolo de inmediato.
[2026-06-04 15:09:57] [GUARDIAN] Watchdog resucitado con éxito.
[2026-06-04 15:10:27] [GUARDIAN] ALERTA: Daemon guardian modificado externamente
[2026-06-04 15:10:27] [GUARDIAN] *** MODO CUARENTENA ACTIVADO ***
[2026-06-04 15:10:27] [GUARDIAN] ¡ALERTA OUROBOROS! process_watchdog.py ha caído. Resucitándolo de inmediato.
[2026-06-04 15:10:27] [GUARDIAN] Watchdog resucitado con éxito.
[2026-06-04 15:10:57] [GUARDIAN] ALERTA: Daemon guardian modificado externamente
[2026-06-04 15:10:57] [GUARDIAN] *** MODO CUARENTENA ACTIVADO ***
[2026-06-04 15:10:57] [GUARDIAN] ¡ALERTA OUROBOROS! process_watchdog.py ha caído. Resucitándolo de inmediato.
[2026-06-04 15:10:57] [GUARDIAN] Watchdog resucitado con éxito.
[2026-06-04 15:11:27] [GUARDIAN] ALERTA: Daemon guardian modificado externamente
[2026-06-04 15:11:27] [GUARDIAN] *** MODO CUARENTENA ACTIVADO ***
[2026-06-04 15:11:28] [GUARDIAN] ¡ALERTA OUROBOROS! process_watchdog.py ha caído. Resucitándolo de inmediato.
[2026-06-04 15:11:28] [GUARDIAN] Watchdog resucitado con éxito.
[2026-06-04 15:11:58] [GUARDIAN] ALERTA: Daemon guardian modificado externamente
[2026-06-04 15:11:58] [GUARDIAN] *** MODO CUARENTENA ACTIVADO ***
[2026-06-04 15:11:58] [GUARDIAN] ¡ALERTA OUROBOROS! process_watchdog.py ha caído. Resucitándolo de inmediato.
[2026-06-04 15:11:58] [GUARDIAN] Watchdog resucitado con éxito.
[2026-06-04 15:12:28] [GUARDIAN] ALERTA: Daemon guardian modificado externamente
[2026-06-04 15:12:28] [GUARDIAN] *** MODO CUARENTENA ACTIVADO ***
[2026-06-04 15:12:28] [GUARDIAN] ¡ALERTA OUROBOROS! process_watchdog.py ha caído. Resucitándolo de inmediato.
[2026-06-04 15:12:28] [GUARDIAN] Watchdog resucitado con éxito.
[2026-06-04 15:12:58] [GUARDIAN] ALERTA: Daemon guardian modificado externamente
[2026-06-04 15:12:58] [GUARDIAN] *** MODO CUARENTENA ACTIVADO ***
[2026-06-04 15:12:58] [GUARDIAN] ¡ALERTA OUROBOROS! process_watchdog.py ha caído. Resucitándolo de inmediato.
[2026-06-04 15:12:58] [GUARDIAN] Watchdog resucitado con éxito.
[2026-06-04 15:13:28] [GUARDIAN] ALERTA: Daemon guardian modificado externamente
[2026-06-04 15:13:28] [GUARDIAN] *** MODO CUARENTENA ACTIVADO ***
[2026-06-04 15:13:28] [GUARDIAN] ¡ALERTA OUROBOROS! process_watchdog.py ha caído. Resucitándolo de inmediato.
[2026-06-04 15:13:28] [GUARDIAN] Watchdog resucitado con éxito.
[2026-06-04 15:13:58] [GUARDIAN] ALERTA: Daemon guardian modificado externamente
[2026-06-04 15:13:58] [GUARDIAN] *** MODO CUARENTENA ACTIVADO ***
[2026-06-04 15:13:58] [GUARDIAN] ¡ALERTA OUROBOROS! process_watchdog.py ha caído. Resucitándolo de inmediato.
[2026-06-04 15:13:58] [GUARDIAN] Watchdog resucitado con éxito.
[2026-06-04 15:14:28] [GUARDIAN] ALERTA: Daemon guardian modificado externamente
[2026-06-04 15:14:28] [GUARDIAN] *** MODO CUARENTENA ACTIVADO ***
[2026-06-04 15:14:28] [GUARDIAN] ¡ALERTA OUROBOROS! process_watchdog.py ha caído. Resucitándolo de inmediato.
[2026-06-04 15:14:28] [GUARDIAN] Watchdog resucitado con éxito.
[2026-06-04 15:14:58] [GUARDIAN] ALERTA: Daemon guardian modificado externamente
[2026-06-04 15:14:58] [GUARDIAN] *** MODO CUARENTENA ACTIVADO ***
[2026-06-04 15:14:58] [GUARDIAN] ¡ALERTA OUROBOROS! process_watchdog.py ha caído. Resucitándolo de inmediato.
[2026-06-04 15:14:58] [GUARDIAN] Watchdog resucitado con éxito.
[2026-06-04 15:15:28] [GUARDIAN] ALERTA: Daemon guardian modificado externamente
[2026-06-04 15:15:28] [GUARDIAN] *** MODO CUARENTENA ACTIVADO ***
[2026-06-04 15:15:28] [GUARDIAN] ¡ALERTA OUROBOROS! process_watchdog.py ha caído. Resucitándolo de inmediato.
[2026-06-04 15:15:28] [GUARDIAN] Watchdog resucitado con éxito.
[2026-06-04 15:15:58] [GUARDIAN] ALERTA: Daemon guardian modificado externamente
[2026-06-04 15:15:58] [GUARDIAN] *** MODO CUARENTENA ACTIVADO ***
[2026-06-04 15:15:58] [GUARDIAN] ¡ALERTA OUROBOROS! process_watchdog.py ha caído. Resucitándolo de inmediato.
[2026-06-04 15:15:58] [GUARDIAN] Watchdog resucitado con éxito.
[2026-06-04 15:16:28] [GUARDIAN] ALERTA: Daemon guardian modificado externamente
[2026-06-04 15:16:28] [GUARDIAN] *** MODO CUARENTENA ACTIVADO ***
[2026-06-04 15:16:28] [GUARDIAN] ¡ALERTA OUROBOROS! process_watchdog.py ha caído. Resucitándolo de inmediato.
[2026-06-04 15:16:28] [GUARDIAN] Watchdog resucitado con éxito.
[2026-06-04 15:16:58] [GUARDIAN] ALERTA: Daemon guardian modificado externamente
[2026-06-04 15:16:58] [GUARDIAN] *** MODO CUARENTENA ACTIVADO ***
[2026-06-04 15:16:58] [GUARDIAN] ¡ALERTA OUROBOROS! process_watchdog.py ha caído. Resucitándolo de inmediato.
[2026-06-04 15:16:58] [GUARDIAN] Watchdog resucitado con éxito.
[2026-06-04 15:17:28] [GUARDIAN] ALERTA: Daemon guardian modificado externamente
[2026-06-04 15:17:28] [GUARDIAN] *** MODO CUARENTENA ACTIVADO ***
[2026-06-04 15:17:28] [GUARDIAN] ¡ALERTA OUROBOROS! process_watchdog.py ha caído. Resucitándolo de inmediato.
[2026-06-04 15:17:28] [GUARDIAN] Watchdog resucitado con éxito.
[2026-06-04 15:17:58] [GUARDIAN] ALERTA: Daemon guardian modificado externamente
[2026-06-04 15:17:58] [GUARDIAN] *** MODO CUARENTENA ACTIVADO ***
[2026-06-04 15:17:58] [GUARDIAN] ¡ALERTA OUROBOROS! process_watchdog.py ha caído. Resucitándolo de inmediato.
[2026-06-04 15:17:58] [GUARDIAN] Watchdog resucitado con éxito.
[2026-06-04 15:18:28] [GUARDIAN] ALERTA: Daemon guardian modificado externamente
[2026-06-04 15:18:28] [GUARDIAN] *** MODO CUARENTENA ACTIVADO ***
[2026-06-04 15:18:28] [GUARDIAN] ¡ALERTA OUROBOROS! process_watchdog.py ha caído. Resucitándolo de inmediato.
[2026-06-04 15:18:28] [GUARDIAN] Watchdog resucitado con éxito.
[2026-06-04 15:18:58] [GUARDIAN] ALERTA: Daemon guardian modificado externamente
[2026-06-04 15:18:58] [GUARDIAN] *** MODO CUARENTENA ACTIVADO ***
[2026-06-04 15:18:58] [GUARDIAN] ¡ALERTA OUROBOROS! process_watchdog.py ha caído. Resucitándolo de inmediato.
[2026-06-04 15:18:58] [GUARDIAN] Watchdog resucitado con éxito.
[2026-06-04 15:19:28] [GUARDIAN] ALERTA: Daemon guardian modificado externamente
[2026-06-04 15:19:28] [GUARDIAN] *** MODO CUARENTENA ACTIVADO ***
[2026-06-04 15:19:28] [GUARDIAN] ¡ALERTA OUROBOROS! process_watchdog.py ha caído. Resucitándolo de inmediato.
[2026-06-04 15:19:28] [GUARDIAN] Watchdog resucitado con éxito.
[2026-06-04 15:19:58] [GUARDIAN] ALERTA: Daemon guardian modificado externamente
[2026-06-04 15:19:58] [GUARDIAN] *** MODO CUARENTENA ACTIVADO ***
[2026-06-04 15:19:58] [GUARDIAN] ¡ALERTA OUROBOROS! process_watchdog.py ha caído. Resucitándolo de inmediato.
[2026-06-04 15:19:58] [GUARDIAN] Watchdog resucitado con éxito.
[2026-06-04 15:20:28] [GUARDIAN] ALERTA: Daemon guardian modificado externamente
[2026-06-04 15:20:28] [GUARDIAN] *** MODO CUARENTENA ACTIVADO ***
[2026-06-04 15:20:28] [GUARDIAN] ¡ALERTA OUROBOROS! process_watchdog.py ha caído. Resucitándolo de inmediato.
[2026-06-04 15:20:28] [GUARDIAN] Watchdog resucitado con éxito.
[2026-06-04 15:20:58] [GUARDIAN] ALERTA: Daemon guardian modificado externamente
[2026-06-04 15:20:58] [GUARDIAN] *** MODO CUARENTENA ACTIVADO ***
[2026-06-04 15:20:58] [GUARDIAN] ¡ALERTA OUROBOROS! process_watchdog.py ha caído. Resucitándolo de inmediato.
[2026-06-04 15:20:58] [GUARDIAN] Watchdog resucitado con éxito.
[2026-06-04 15:21:28] [GUARDIAN] ALERTA: Daemon guardian modificado externamente
[2026-06-04 15:21:28] [GUARDIAN] *** MODO CUARENTENA ACTIVADO ***
[2026-06-04 15:21:28] [GUARDIAN] ¡ALERTA OUROBOROS! process_watchdog.py ha caído. Resucitándolo de inmediato.
[2026-06-04 15:21:28] [GUARDIAN] Watchdog resucitado con éxito.
[2026-06-04 15:21:58] [GUARDIAN] ALERTA: Daemon guardian modificado externamente
[2026-06-04 15:21:58] [GUARDIAN] *** MODO CUARENTENA ACTIVADO ***
[2026-06-04 15:21:58] [GUARDIAN] ¡ALERTA OUROBOROS! process_watchdog.py ha caído. Resucitándolo de inmediato.
[2026-06-04 15:21:58] [GUARDIAN] Watchdog resucitado con éxito.
[2026-06-04 15:22:28] [GUARDIAN] ALERTA: Daemon guardian modificado externamente
[2026-06-04 15:22:28] [GUARDIAN] *** MODO CUARENTENA ACTIVADO ***
[2026-06-04 15:22:28] [GUARDIAN] ¡ALERTA OUROBOROS! process_watchdog.py ha caído. Resucitándolo de inmediato.
[2026-06-04 15:22:28] [GUARDIAN] Watchdog resucitado con éxito.
[2026-06-04 15:22:58] [GUARDIAN] ALERTA: Daemon guardian modificado externamente
[2026-06-04 15:22:58] [GUARDIAN] *** MODO CUARENTENA ACTIVADO ***
[2026-06-04 15:22:58] [GUARDIAN] ¡ALERTA OUROBOROS! process_watchdog.py ha caído. Resucitándolo de inmediato.
[2026-06-04 15:22:59] [GUARDIAN] Watchdog resucitado con éxito.
[2026-06-04 15:23:29] [GUARDIAN] ALERTA: Daemon guardian modificado externamente
[2026-06-04 15:23:29] [GUARDIAN] *** MODO CUARENTENA ACTIVADO ***
[2026-06-04 15:23:29] [GUARDIAN] ¡ALERTA OUROBOROS! process_watchdog.py ha caído. Resucitándolo de inmediato.
[2026-06-04 15:23:29] [GUARDIAN] Watchdog resucitado con éxito.
[2026-06-04 15:23:59] [GUARDIAN] ALERTA: Daemon guardian modificado externamente
[2026-06-04 15:23:59] [GUARDIAN] *** MODO CUARENTENA ACTIVADO ***
[2026-06-04 15:23:59] [GUARDIAN] ¡ALERTA OUROBOROS! process_watchdog.py ha caído. Resucitándolo de inmediato.
[2026-06-04 15:23:59] [GUARDIAN] Watchdog resucitado con éxito.
[2026-06-04 15:24:29] [GUARDIAN] ALERTA: Daemon guardian modificado externamente
[2026-06-04 15:24:29] [GUARDIAN] *** MODO CUARENTENA ACTIVADO ***
[2026-06-04 15:24:29] [GUARDIAN] ¡ALERTA OUROBOROS! process_watchdog.py ha caído. Resucitándolo de inmediato.
[2026-06-04 15:24:29] [GUARDIAN] Watchdog resucitado con éxito.
[2026-06-04 15:24:59] [GUARDIAN] ALERTA: Daemon guardian modificado externamente
[2026-06-04 15:24:59] [GUARDIAN] *** MODO CUARENTENA ACTIVADO ***
[2026-06-04 15:24:59] [GUARDIAN] ¡ALERTA OUROBOROS! process_watchdog.py ha caído. Resucitándolo de inmediato.
[2026-06-04 15:24:59] [GUARDIAN] Watchdog resucitado con éxito.
[2026-06-04 15:25:29] [GUARDIAN] ALERTA: Daemon guardian modificado externamente
[2026-06-04 15:25:29] [GUARDIAN] *** MODO CUARENTENA ACTIVADO ***
[2026-06-04 15:25:29] [GUARDIAN] ¡ALERTA OUROBOROS! process_watchdog.py ha caído. Resucitándolo de inmediato.
[2026-06-04 15:25:29] [GUARDIAN] Watchdog resucitado con éxito.
[2026-06-04 15:25:59] [GUARDIAN] ALERTA: Daemon guardian modificado externamente
[2026-06-04 15:25:59] [GUARDIAN] *** MODO CUARENTENA ACTIVADO ***
[2026-06-04 15:25:59] [GUARDIAN] ¡ALERTA OUROBOROS! process_watchdog.py ha caído. Resucitándolo de inmediato.
[2026-06-04 15:25:59] [GUARDIAN] Watchdog resucitado con éxito.
[2026-06-04 15:26:29] [GUARDIAN] ALERTA: Daemon guardian modificado externamente
[2026-06-04 15:26:29] [GUARDIAN] *** MODO CUARENTENA ACTIVADO ***
[2026-06-04 15:26:29] [GUARDIAN] ¡ALERTA OUROBOROS! process_watchdog.py ha caído. Resucitándolo de inmediato.
[2026-06-04 15:26:29] [GUARDIAN] Watchdog resucitado con éxito.
[2026-06-04 15:26:59] [GUARDIAN] ALERTA: Daemon guardian modificado externamente
[2026-06-04 15:26:59] [GUARDIAN] *** MODO CUARENTENA ACTIVADO ***
[2026-06-04 15:26:59] [GUARDIAN] ¡ALERTA OUROBOROS! process_watchdog.py ha caído. Resucitándolo de inmediato.
[2026-06-04 15:26:59] [GUARDIAN] Watchdog resucitado con éxito.
[2026-06-04 15:27:29] [GUARDIAN] ALERTA: Daemon guardian modificado externamente
[2026-06-04 15:27:29] [GUARDIAN] *** MODO CUARENTENA ACTIVADO ***
[2026-06-04 15:27:29] [GUARDIAN] ¡ALERTA OUROBOROS! process_watchdog.py ha caído. Resucitándolo de inmediato.
[2026-06-04 15:27:29] [GUARDIAN] Watchdog resucitado con éxito.
[2026-06-04 15:27:59] [GUARDIAN] ALERTA: Daemon guardian modificado externamente
[2026-06-04 15:27:59] [GUARDIAN] *** MODO CUARENTENA ACTIVADO ***
[2026-06-04 15:27:59] [GUARDIAN] ¡ALERTA OUROBOROS! process_watchdog.py ha caído. Resucitándolo de inmediato.
[2026-06-04 15:27:59] [GUARDIAN] Watchdog resucitado con éxito.
[2026-06-04 15:28:29] [GUARDIAN] ALERTA: Daemon guardian modificado externamente
[2026-06-04 15:28:29] [GUARDIAN] *** MODO CUARENTENA ACTIVADO ***
[2026-06-04 15:28:29] [GUARDIAN] ¡ALERTA OUROBOROS! process_watchdog.py ha caído. Resucitándolo de inmediato.
[2026-06-04 15:28:29] [GUARDIAN] Watchdog resucitado con éxito.
[2026-06-04 15:28:59] [GUARDIAN] ALERTA: Daemon guardian modificado externamente
[2026-06-04 15:28:59] [GUARDIAN] *** MODO CUARENTENA ACTIVADO ***
[2026-06-04 15:28:59] [GUARDIAN] ¡ALERTA OUROBOROS! process_watchdog.py ha caído. Resucitándolo de inmediato.
[2026-06-04 15:28:59] [GUARDIAN] Watchdog resucitado con éxito.
[2026-06-04 15:29:29] [GUARDIAN] ALERTA: Daemon guardian modificado externamente
[2026-06-04 15:29:29] [GUARDIAN] *** MODO CUARENTENA ACTIVADO ***
[2026-06-04 15:29:29] [GUARDIAN] ¡ALERTA OUROBOROS! process_watchdog.py ha caído. Resucitándolo de inmediato.
[2026-06-04 15:29:29] [GUARDIAN] Watchdog resucitado con éxito.
[2026-06-04 15:29:59] [GUARDIAN] ALERTA: Daemon guardian modificado externamente
[2026-06-04 15:29:59] [GUARDIAN] *** MODO CUARENTENA ACTIVADO ***
[2026-06-04 15:29:59] [GUARDIAN] ¡ALERTA OUROBOROS! process_watchdog.py ha caído. Resucitándolo de inmediato.
[2026-06-04 15:29:59] [GUARDIAN] Watchdog resucitado con éxito.
[2026-06-04 15:30:29] [GUARDIAN] ALERTA: Daemon guardian modificado externamente
[2026-06-04 15:30:29] [GUARDIAN] *** MODO CUARENTENA ACTIVADO ***
[2026-06-04 15:30:29] [GUARDIAN] ¡ALERTA OUROBOROS! process_watchdog.py ha caído. Resucitándolo de inmediato.
[2026-06-04 15:30:29] [GUARDIAN] Watchdog resucitado con éxito.
[2026-06-04 15:30:59] [GUARDIAN] ALERTA: Daemon guardian modificado externamente
[2026-06-04 15:30:59] [GUARDIAN] *** MODO CUARENTENA ACTIVADO ***
[2026-06-04 15:30:59] [GUARDIAN] ¡ALERTA OUROBOROS! process_watchdog.py ha caído. Resucitándolo de inmediato.
[2026-06-04 15:30:59] [GUARDIAN] Watchdog resucitado con éxito.
[2026-06-04 15:31:29] [GUARDIAN] ALERTA: Daemon guardian modificado externamente
[2026-06-04 15:31:29] [GUARDIAN] *** MODO CUARENTENA ACTIVADO ***
[2026-06-04 15:31:29] [GUARDIAN] ¡ALERTA OUROBOROS! process_watchdog.py ha caído. Resucitándolo de inmediato.
[2026-06-04 15:31:29] [GUARDIAN] Watchdog resucitado con éxito.
[2026-06-04 15:31:59] [GUARDIAN] ALERTA: Daemon guardian modificado externamente
[2026-06-04 15:31:59] [GUARDIAN] *** MODO CUARENTENA ACTIVADO ***
[2026-06-04 15:31:59] [GUARDIAN] ¡ALERTA OUROBOROS! process_watchdog.py ha caído. Resucitándolo de inmediato.
[2026-06-04 15:31:59] [GUARDIAN] Watchdog resucitado con éxito.
[2026-06-04 15:32:29] [GUARDIAN] ALERTA: Daemon guardian modificado externamente
[2026-06-04 15:32:29] [GUARDIAN] *** MODO CUARENTENA ACTIVADO ***
[2026-06-04 15:32:29] [GUARDIAN] ¡ALERTA OUROBOROS! process_watchdog.py ha caído. Resucitándolo de inmediato.
[2026-06-04 15:32:29] [GUARDIAN] Watchdog resucitado con éxito.
[2026-06-04 15:32:59] [GUARDIAN] ALERTA: Daemon guardian modificado externamente
[2026-06-04 15:32:59] [GUARDIAN] *** MODO CUARENTENA ACTIVADO ***
[2026-06-04 15:32:59] [GUARDIAN] ¡ALERTA OUROBOROS! process_watchdog.py ha caído. Resucitándolo de inmediato.
[2026-06-04 15:32:59] [GUARDIAN] Watchdog resucitado con éxito.
[2026-06-04 15:33:29] [GUARDIAN] ALERTA: Daemon guardian modificado externamente
[2026-06-04 15:33:29] [GUARDIAN] *** MODO CUARENTENA ACTIVADO ***
[2026-06-04 15:33:29] [GUARDIAN] ¡ALERTA OUROBOROS! process_watchdog.py ha caído. Resucitándolo de inmediato.
[2026-06-04 15:33:29] [GUARDIAN] Watchdog resucitado con éxito.
[2026-06-04 15:33:59] [GUARDIAN] ALERTA: Daemon guardian modificado externamente
[2026-06-04 15:33:59] [GUARDIAN] *** MODO CUARENTENA ACTIVADO ***
[2026-06-04 15:33:59] [GUARDIAN] ¡ALERTA OUROBOROS! process_watchdog.py ha caído. Resucitándolo de inmediato.
[2026-06-04 15:33:59] [GUARDIAN] Watchdog resucitado con éxito.
[2026-06-04 15:34:29] [GUARDIAN] ALERTA: Daemon guardian modificado externamente
[2026-06-04 15:34:29] [GUARDIAN] *** MODO CUARENTENA ACTIVADO ***
[2026-06-04 15:34:29] [GUARDIAN] ¡ALERTA OUROBOROS! process_watchdog.py ha caído. Resucitándolo de inmediato.
[2026-06-04 15:34:29] [GUARDIAN] Watchdog resucitado con éxito.
[2026-06-04 15:34:59] [GUARDIAN] ALERTA: Daemon guardian modificado externamente
[2026-06-04 15:34:59] [GUARDIAN] *** MODO CUARENTENA ACTIVADO ***
[2026-06-04 15:35:00] [GUARDIAN] ¡ALERTA OUROBOROS! process_watchdog.py ha caído. Resucitándolo de inmediato.
[2026-06-04 15:35:00] [GUARDIAN] Watchdog resucitado con éxito.
[2026-06-04 15:35:30] [GUARDIAN] ALERTA: Daemon guardian modificado externamente
[2026-06-04 15:35:30] [GUARDIAN] *** MODO CUARENTENA ACTIVADO ***
[2026-06-04 15:35:30] [GUARDIAN] ¡ALERTA OUROBOROS! process_watchdog.py ha caído. Resucitándolo de inmediato.
[2026-06-04 15:35:30] [GUARDIAN] Watchdog resucitado con éxito.
[2026-06-04 15:36:00] [GUARDIAN] ALERTA: Daemon guardian modificado externamente
[2026-06-04 15:36:00] [GUARDIAN] *** MODO CUARENTENA ACTIVADO ***
[2026-06-04 15:36:00] [GUARDIAN] ¡ALERTA OUROBOROS! process_watchdog.py ha caído. Resucitándolo de inmediato.
[2026-06-04 15:36:00] [GUARDIAN] Watchdog resucitado con éxito.
[2026-06-04 15:36:30] [GUARDIAN] ALERTA: Daemon guardian modificado externamente
[2026-06-04 15:36:30] [GUARDIAN] *** MODO CUARENTENA ACTIVADO ***
[2026-06-04 15:36:30] [GUARDIAN] ¡ALERTA OUROBOROS! process_watchdog.py ha caído. Resucitándolo de inmediato.
[2026-06-04 15:36:30] [GUARDIAN] Watchdog resucitado con éxito.
[2026-06-04 15:37:00] [GUARDIAN] ALERTA: Daemon guardian modificado externamente
[2026-06-04 15:37:00] [GUARDIAN] *** MODO CUARENTENA ACTIVADO ***
[2026-06-04 15:37:00] [GUARDIAN] ¡ALERTA OUROBOROS! process_watchdog.py ha caído. Resucitándolo de inmediato.
[2026-06-04 15:37:00] [GUARDIAN] Watchdog resucitado con éxito.
[2026-06-04 15:37:30] [GUARDIAN] ALERTA: Daemon guardian modificado externamente
[2026-06-04 15:37:30] [GUARDIAN] *** MODO CUARENTENA ACTIVADO ***
[2026-06-04 15:37:30] [GUARDIAN] ¡ALERTA OUROBOROS! process_watchdog.py ha caído. Resucitándolo de inmediato.
[2026-06-04 15:37:30] [GUARDIAN] Watchdog resucitado con éxito.
[2026-06-04 15:38:00] [GUARDIAN] ALERTA: Daemon guardian modificado externamente
[2026-06-04 15:38:00] [GUARDIAN] *** MODO CUARENTENA ACTIVADO ***
[2026-06-04 15:38:00] [GUARDIAN] ¡ALERTA OUROBOROS! process_watchdog.py ha caído. Resucitándolo de inmediato.
[2026-06-04 15:38:00] [GUARDIAN] Watchdog resucitado con éxito.
[2026-06-04 15:38:30] [GUARDIAN] ALERTA: Daemon guardian modificado externamente
[2026-06-04 15:38:30] [GUARDIAN] *** MODO CUARENTENA ACTIVADO ***
[2026-06-04 15:38:30] [GUARDIAN] ¡ALERTA OUROBOROS! process_watchdog.py ha caído. Resucitándolo de inmediato.
[2026-06-04 15:38:30] [GUARDIAN] Watchdog resucitado con éxito.
[2026-06-04 15:39:00] [GUARDIAN] ALERTA: Daemon guardian modificado externamente
[2026-06-04 15:39:00] [GUARDIAN] *** MODO CUARENTENA ACTIVADO ***
[2026-06-04 15:39:00] [GUARDIAN] ¡ALERTA OUROBOROS! process_watchdog.py ha caído. Resucitándolo de inmediato.
[2026-06-04 15:39:00] [GUARDIAN] Watchdog resucitado con éxito.
[2026-06-04 15:39:30] [GUARDIAN] ALERTA: Daemon guardian modificado externamente
[2026-06-04 15:39:30] [GUARDIAN] *** MODO CUARENTENA ACTIVADO ***
[2026-06-04 15:39:30] [GUARDIAN] ¡ALERTA OUROBOROS! process_watchdog.py ha caído. Resucitándolo de inmediato.
[2026-06-04 15:39:30] [GUARDIAN] Watchdog resucitado con éxito.
[2026-06-04 15:40:00] [GUARDIAN] ALERTA: Daemon guardian modificado externamente
[2026-06-04 15:40:00] [GUARDIAN] *** MODO CUARENTENA ACTIVADO ***
[2026-06-04 15:40:00] [GUARDIAN] ¡ALERTA OUROBOROS! process_watchdog.py ha caído. Resucitándolo de inmediato.
[2026-06-04 15:40:00] [GUARDIAN] Watchdog resucitado con éxito.
[2026-06-04 15:40:30] [GUARDIAN] ALERTA: Daemon guardian modificado externamente
[2026-06-04 15:40:30] [GUARDIAN] *** MODO CUARENTENA ACTIVADO ***
[2026-06-04 15:40:30] [GUARDIAN] ¡ALERTA OUROBOROS! process_watchdog.py ha caído. Resucitándolo de inmediato.
[2026-06-04 15:40:30] [GUARDIAN] Watchdog resucitado con éxito.
[2026-06-04 15:41:00] [GUARDIAN] ALERTA: Daemon guardian modificado externamente
[2026-06-04 15:41:00] [GUARDIAN] *** MODO CUARENTENA ACTIVADO ***
[2026-06-04 15:41:00] [GUARDIAN] ¡ALERTA OUROBOROS! process_watchdog.py ha caído. Resucitándolo de inmediato.
[2026-06-04 15:41:00] [GUARDIAN] Watchdog resucitado con éxito.
[2026-06-04 15:41:30] [GUARDIAN] ALERTA: Daemon guardian modificado externamente
[2026-06-04 15:41:30] [GUARDIAN] *** MODO CUARENTENA ACTIVADO ***
[2026-06-04 15:41:30] [GUARDIAN] ¡ALERTA OUROBOROS! process_watchdog.py ha caído. Resucitándolo de inmediato.
[2026-06-04 15:41:30] [GUARDIAN] Watchdog resucitado con éxito.
[2026-06-04 15:42:00] [GUARDIAN] ALERTA: Daemon guardian modificado externamente
[2026-06-04 15:42:00] [GUARDIAN] *** MODO CUARENTENA ACTIVADO ***
[2026-06-04 15:42:00] [GUARDIAN] ¡ALERTA OUROBOROS! process_watchdog.py ha caído. Resucitándolo de inmediato.
[2026-06-04 15:42:00] [GUARDIAN] Watchdog resucitado con éxito.
[2026-06-04 15:42:30] [GUARDIAN] ALERTA: Daemon guardian modificado externamente
[2026-06-04 15:42:30] [GUARDIAN] *** MODO CUARENTENA ACTIVADO ***
[2026-06-04 15:42:30] [GUARDIAN] ¡ALERTA OUROBOROS! process_watchdog.py ha caído. Resucitándolo de inmediato.
[2026-06-04 15:42:30] [GUARDIAN] Watchdog resucitado con éxito.
[2026-06-04 15:43:00] [GUARDIAN] ALERTA: Daemon guardian modificado externamente
[2026-06-04 15:43:00] [GUARDIAN] *** MODO CUARENTENA ACTIVADO ***
[2026-06-04 15:43:00] [GUARDIAN] ¡ALERTA OUROBOROS! process_watchdog.py ha caído. Resucitándolo de inmediato.
[2026-06-04 15:43:00] [GUARDIAN] Watchdog resucitado con éxito.
[2026-06-04 15:43:30] [GUARDIAN] ALERTA: Daemon guardian modificado externamente
[2026-06-04 15:43:30] [GUARDIAN] *** MODO CUARENTENA ACTIVADO ***
[2026-06-04 15:43:30] [GUARDIAN] ¡ALERTA OUROBOROS! process_watchdog.py ha caído. Resucitándolo de inmediato.
[2026-06-04 15:43:30] [GUARDIAN] Watchdog resucitado con éxito.
[2026-06-04 15:44:00] [GUARDIAN] ALERTA: Daemon guardian modificado externamente
[2026-06-04 15:44:00] [GUARDIAN] *** MODO CUARENTENA ACTIVADO ***
[2026-06-04 15:44:00] [GUARDIAN] ¡ALERTA OUROBOROS! process_watchdog.py ha caído. Resucitándolo de inmediato.
[2026-06-04 15:44:00] [GUARDIAN] Watchdog resucitado con éxito.
[2026-06-04 15:44:30] [GUARDIAN] ALERTA: Daemon guardian modificado externamente
[2026-06-04 15:44:30] [GUARDIAN] *** MODO CUARENTENA ACTIVADO ***
[2026-06-04 15:44:30] [GUARDIAN] ¡ALERTA OUROBOROS! process_watchdog.py ha caído. Resucitándolo de inmediato.
[2026-06-04 15:44:30] [GUARDIAN] Watchdog resucitado con éxito.
[2026-06-04 15:45:00] [GUARDIAN] ALERTA: Daemon guardian modificado externamente
[2026-06-04 15:45:00] [GUARDIAN] *** MODO CUARENTENA ACTIVADO ***
[2026-06-04 15:45:00] [GUARDIAN] ¡ALERTA OUROBOROS! process_watchdog.py ha caído. Resucitándolo de inmediato.
[2026-06-04 15:45:00] [GUARDIAN] Watchdog resucitado con éxito.
[2026-06-04 15:45:30] [GUARDIAN] ALERTA: Daemon guardian modificado externamente
[2026-06-04 15:45:30] [GUARDIAN] *** MODO CUARENTENA ACTIVADO ***
[2026-06-04 15:45:30] [GUARDIAN] ¡ALERTA OUROBOROS! process_watchdog.py ha caído. Resucitándolo de inmediato.
[2026-06-04 15:45:30] [GUARDIAN] Watchdog resucitado con éxito.
[2026-06-04 15:46:00] [GUARDIAN] ALERTA: Daemon guardian modificado externamente
[2026-06-04 15:46:00] [GUARDIAN] *** MODO CUARENTENA ACTIVADO ***
[2026-06-04 15:46:00] [GUARDIAN] ¡ALERTA OUROBOROS! process_watchdog.py ha caído. Resucitándolo de inmediato.
[2026-06-04 15:46:00] [GUARDIAN] Watchdog resucitado con éxito.
[2026-06-04 15:46:30] [GUARDIAN] ALERTA: Daemon guardian modificado externamente
[2026-06-04 15:46:30] [GUARDIAN] *** MODO CUARENTENA ACTIVADO ***
[2026-06-04 15:46:31] [GUARDIAN] ¡ALERTA OUROBOROS! process_watchdog.py ha caído. Resucitándolo de inmediato.
[2026-06-04 15:46:31] [GUARDIAN] Watchdog resucitado con éxito.
[2026-06-04 15:47:01] [GUARDIAN] ALERTA: Daemon guardian modificado externamente
[2026-06-04 15:47:01] [GUARDIAN] *** MODO CUARENTENA ACTIVADO ***
[2026-06-04 15:47:01] [GUARDIAN] ¡ALERTA OUROBOROS! process_watchdog.py ha caído. Resucitándolo de inmediato.
[2026-06-04 15:47:01] [GUARDIAN] Watchdog resucitado con éxito.
[2026-06-04 15:47:31] [GUARDIAN] ALERTA: Daemon guardian modificado externamente
[2026-06-04 15:47:31] [GUARDIAN] *** MODO CUARENTENA ACTIVADO ***
[2026-06-04 15:47:31] [GUARDIAN] ¡ALERTA OUROBOROS! process_watchdog.py ha caído. Resucitándolo de inmediato.
[2026-06-04 15:47:31] [GUARDIAN] Watchdog resucitado con éxito.
[2026-06-04 15:48:01] [GUARDIAN] ALERTA: Daemon guardian modificado externamente
[2026-06-04 15:48:01] [GUARDIAN] *** MODO CUARENTENA ACTIVADO ***
[2026-06-04 15:48:01] [GUARDIAN] ¡ALERTA OUROBOROS! process_watchdog.py ha caído. Resucitándolo de inmediato.
[2026-06-04 15:48:01] [GUARDIAN] Watchdog resucitado con éxito.
[2026-06-04 15:48:31] [GUARDIAN] ALERTA: Daemon guardian modificado externamente
[2026-06-04 15:48:31] [GUARDIAN] *** MODO CUARENTENA ACTIVADO ***
[2026-06-04 15:48:31] [GUARDIAN] ¡ALERTA OUROBOROS! process_watchdog.py ha caído. Resucitándolo de inmediato.
[2026-06-04 15:48:31] [GUARDIAN] Watchdog resucitado con éxito.
[2026-06-04 15:49:01] [GUARDIAN] ALERTA: Daemon guardian modificado externamente
[2026-06-04 15:49:01] [GUARDIAN] *** MODO CUARENTENA ACTIVADO ***
[2026-06-04 15:49:01] [GUARDIAN] ¡ALERTA OUROBOROS! process_watchdog.py ha caído. Resucitándolo de inmediato.
[2026-06-04 15:49:01] [GUARDIAN] Watchdog resucitado con éxito.
[2026-06-04 15:49:31] [GUARDIAN] ALERTA: Daemon guardian modificado externamente
[2026-06-04 15:49:31] [GUARDIAN] *** MODO CUARENTENA ACTIVADO ***
[2026-06-04 15:49:31] [GUARDIAN] ¡ALERTA OUROBOROS! process_watchdog.py ha caído. Resucitándolo de inmediato.
[2026-06-04 15:49:31] [GUARDIAN] Watchdog resucitado con éxito.
[2026-06-04 15:50:01] [GUARDIAN] ALERTA: Daemon guardian modificado externamente
[2026-06-04 15:50:01] [GUARDIAN] *** MODO CUARENTENA ACTIVADO ***
[2026-06-04 15:50:01] [GUARDIAN] ¡ALERTA OUROBOROS! process_watchdog.py ha caído. Resucitándolo de inmediato.
[2026-06-04 15:50:01] [GUARDIAN] Watchdog resucitado con éxito.
[2026-06-04 15:50:31] [GUARDIAN] ALERTA: Daemon guardian modificado externamente
[2026-06-04 15:50:31] [GUARDIAN] *** MODO CUARENTENA ACTIVADO ***
[2026-06-04 15:50:31] [GUARDIAN] ¡ALERTA OUROBOROS! process_watchdog.py ha caído. Resucitándolo de inmediato.
[2026-06-04 15:50:31] [GUARDIAN] Watchdog resucitado con éxito.
[2026-06-04 15:51:01] [GUARDIAN] ALERTA: Daemon guardian modificado externamente
[2026-06-04 15:51:01] [GUARDIAN] *** MODO CUARENTENA ACTIVADO ***
[2026-06-04 15:51:01] [GUARDIAN] ¡ALERTA OUROBOROS! process_watchdog.py ha caído. Resucitándolo de inmediato.
[2026-06-04 15:51:01] [GUARDIAN] Watchdog resucitado con éxito.
[2026-06-04 15:51:31] [GUARDIAN] ALERTA: Daemon guardian modificado externamente
[2026-06-04 15:51:31] [GUARDIAN] *** MODO CUARENTENA ACTIVADO ***
[2026-06-04 15:51:31] [GUARDIAN] ¡ALERTA OUROBOROS! process_watchdog.py ha caído. Resucitándolo de inmediato.
[2026-06-04 15:51:31] [GUARDIAN] Watchdog resucitado con éxito.
[2026-06-04 15:52:01] [GUARDIAN] ALERTA: Daemon guardian modificado externamente
[2026-06-04 15:52:01] [GUARDIAN] *** MODO CUARENTENA ACTIVADO ***
[2026-06-04 15:52:01] [GUARDIAN] ¡ALERTA OUROBOROS! process_watchdog.py ha caído. Resucitándolo de inmediato.
[2026-06-04 15:52:01] [GUARDIAN] Watchdog resucitado con éxito.
[2026-06-04 15:52:31] [GUARDIAN] ALERTA: Daemon guardian modificado externamente
[2026-06-04 15:52:31] [GUARDIAN] *** MODO CUARENTENA ACTIVADO ***
[2026-06-04 15:52:31] [GUARDIAN] ¡ALERTA OUROBOROS! process_watchdog.py ha caído. Resucitándolo de inmediato.
[2026-06-04 15:52:31] [GUARDIAN] Watchdog resucitado con éxito.
[2026-06-04 15:53:01] [GUARDIAN] ALERTA: Daemon guardian modificado externamente
[2026-06-04 15:53:01] [GUARDIAN] *** MODO CUARENTENA ACTIVADO ***
[2026-06-04 15:53:01] [GUARDIAN] ¡ALERTA OUROBOROS! process_watchdog.py ha caído. Resucitándolo de inmediato.
[2026-06-04 15:53:01] [GUARDIAN] Watchdog resucitado con éxito.
[2026-06-04 15:53:31] [GUARDIAN] ALERTA: Daemon guardian modificado externamente
[2026-06-04 15:53:31] [GUARDIAN] *** MODO CUARENTENA ACTIVADO ***
[2026-06-04 15:53:31] [GUARDIAN] ¡ALERTA OUROBOROS! process_watchdog.py ha caído. Resucitándolo de inmediato.
[2026-06-04 15:53:31] [GUARDIAN] Watchdog resucitado con éxito.
[2026-06-04 15:54:01] [GUARDIAN] ALERTA: Daemon guardian modificado externamente
[2026-06-04 15:54:01] [GUARDIAN] *** MODO CUARENTENA ACTIVADO ***
[2026-06-04 15:54:01] [GUARDIAN] ¡ALERTA OUROBOROS! process_watchdog.py ha caído. Resucitándolo de inmediato.
[2026-06-04 15:54:01] [GUARDIAN] Watchdog resucitado con éxito.
[2026-06-04 15:54:31] [GUARDIAN] ALERTA: Daemon guardian modificado externamente
[2026-06-04 15:54:31] [GUARDIAN] *** MODO CUARENTENA ACTIVADO ***
[2026-06-04 15:54:31] [GUARDIAN] ¡ALERTA OUROBOROS! process_watchdog.py ha caído. Resucitándolo de inmediato.
[2026-06-04 15:54:31] [GUARDIAN] Watchdog resucitado con éxito.
[2026-06-04 15:55:01] [GUARDIAN] ALERTA: Daemon guardian modificado externamente
[2026-06-04 15:55:01] [GUARDIAN] *** MODO CUARENTENA ACTIVADO ***
[2026-06-04 15:55:01] [GUARDIAN] ¡ALERTA OUROBOROS! process_watchdog.py ha caído. Resucitándolo de inmediato.
[2026-06-04 15:55:01] [GUARDIAN] Watchdog resucitado con éxito.
[2026-06-04 15:55:31] [GUARDIAN] ALERTA: Daemon guardian modificado externamente
[2026-06-04 15:55:31] [GUARDIAN] *** MODO CUARENTENA ACTIVADO ***
[2026-06-04 15:55:31] [GUARDIAN] ¡ALERTA OUROBOROS! process_watchdog.py ha caído. Resucitándolo de inmediato.
[2026-06-04 15:55:31] [GUARDIAN] Watchdog resucitado con éxito.
[2026-06-04 15:56:01] [GUARDIAN] ALERTA: Daemon guardian modificado externamente
[2026-06-04 15:56:01] [GUARDIAN] *** MODO CUARENTENA ACTIVADO ***
[2026-06-04 15:56:01] [GUARDIAN] ¡ALERTA OUROBOROS! process_watchdog.py ha caído. Resucitándolo de inmediato.
[2026-06-04 15:56:01] [GUARDIAN] Watchdog resucitado con éxito.
[2026-06-04 15:56:31] [GUARDIAN] ALERTA: Daemon guardian modificado externamente
[2026-06-04 15:56:31] [GUARDIAN] *** MODO CUARENTENA ACTIVADO ***
[2026-06-04 15:56:31] [GUARDIAN] ¡ALERTA OUROBOROS! process_watchdog.py ha caído. Resucitándolo de inmediato.
[2026-06-04 15:56:31] [GUARDIAN] Watchdog resucitado con éxito.
[2026-06-04 15:57:01] [GUARDIAN] ALERTA: Daemon guardian modificado externamente
[2026-06-04 15:57:01] [GUARDIAN] *** MODO CUARENTENA ACTIVADO ***
[2026-06-04 15:57:01] [GUARDIAN] ¡ALERTA OUROBOROS! process_watchdog.py ha caído. Resucitándolo de inmediato.
[2026-06-04 15:57:01] [GUARDIAN] Watchdog resucitado con éxito.
[2026-06-04 15:57:31] [GUARDIAN] ALERTA: Daemon guardian modificado externamente
[2026-06-04 15:57:31] [GUARDIAN] *** MODO CUARENTENA ACTIVADO ***
[2026-06-04 15:57:31] [GUARDIAN] ¡ALERTA OUROBOROS! process_watchdog.py ha caído. Resucitándolo de inmediato.
[2026-06-04 15:57:31] [GUARDIAN] Watchdog resucitado con éxito.
[2026-06-04 15:58:01] [GUARDIAN] ALERTA: Daemon guardian modificado externamente
[2026-06-04 15:58:01] [GUARDIAN] *** MODO CUARENTENA ACTIVADO ***
[2026-06-04 15:58:02] [GUARDIAN] ¡ALERTA OUROBOROS! process_watchdog.py ha caído. Resucitándolo de inmediato.
[2026-06-04 15:58:02] [GUARDIAN] Watchdog resucitado con éxito.
[2026-06-04 15:58:32] [GUARDIAN] ALERTA: Daemon guardian modificado externamente
[2026-06-04 15:58:32] [GUARDIAN] *** MODO CUARENTENA ACTIVADO ***
[2026-06-04 15:58:32] [GUARDIAN] ¡ALERTA OUROBOROS! process_watchdog.py ha caído. Resucitándolo de inmediato.
[2026-06-04 15:58:32] [GUARDIAN] Watchdog resucitado con éxito.
[2026-06-04 15:59:02] [GUARDIAN] ALERTA: Daemon guardian modificado externamente
[2026-06-04 15:59:02] [GUARDIAN] *** MODO CUARENTENA ACTIVADO ***
[2026-06-04 15:59:02] [GUARDIAN] ¡ALERTA OUROBOROS! process_watchdog.py ha caído. Resucitándolo de inmediato.
[2026-06-04 15:59:02] [GUARDIAN] Watchdog resucitado con éxito.
[2026-06-04 15:59:32] [GUARDIAN] ALERTA: Daemon guardian modificado externamente
[2026-06-04 15:59:32] [GUARDIAN] *** MODO CUARENTENA ACTIVADO ***
[2026-06-04 15:59:32] [GUARDIAN] ¡ALERTA OUROBOROS! process_watchdog.py ha caído. Resucitándolo de inmediato.
[2026-06-04 15:59:32] [GUARDIAN] Watchdog resucitado con éxito.
[2026-06-04 16:00:02] [GUARDIAN] ALERTA: Daemon guardian modificado externamente
[2026-06-04 16:00:02] [GUARDIAN] *** MODO CUARENTENA ACTIVADO ***
[2026-06-04 16:00:02] [GUARDIAN] ¡ALERTA OUROBOROS! process_watchdog.py ha caído. Resucitándolo de inmediato.
[2026-06-04 16:00:02] [GUARDIAN] Watchdog resucitado con éxito.
[2026-06-04 16:00:32] [GUARDIAN] ALERTA: Daemon guardian modificado externamente
[2026-06-04 16:00:32] [GUARDIAN] *** MODO CUARENTENA ACTIVADO ***
[2026-06-04 16:00:32] [GUARDIAN] ¡ALERTA OUROBOROS! process_watchdog.py ha caído. Resucitándolo de inmediato.
[2026-06-04 16:00:32] [GUARDIAN] Watchdog resucitado con éxito.
[2026-06-04 16:01:02] [GUARDIAN] ALERTA: Daemon guardian modificado externamente
[2026-06-04 16:01:02] [GUARDIAN] *** MODO CUARENTENA ACTIVADO ***
[2026-06-04 16:01:02] [GUARDIAN] ¡ALERTA OUROBOROS! process_watchdog.py ha caído. Resucitándolo de inmediato.
[2026-06-04 16:01:02] [GUARDIAN] Watchdog resucitado con éxito.
[2026-06-04 16:01:32] [GUARDIAN] ALERTA: Daemon guardian modificado externamente
[2026-06-04 16:01:32] [GUARDIAN] *** MODO CUARENTENA ACTIVADO ***
[2026-06-04 16:01:32] [GUARDIAN] ¡ALERTA OUROBOROS! process_watchdog.py ha caído. Resucitándolo de inmediato.
[2026-06-04 16:01:32] [GUARDIAN] Watchdog resucitado con éxito.
[2026-06-04 16:02:02] [GUARDIAN] ALERTA: Daemon guardian modificado externamente
[2026-06-04 16:02:02] [GUARDIAN] *** MODO CUARENTENA ACTIVADO ***
[2026-06-04 16:02:02] [GUARDIAN] ¡ALERTA OUROBOROS! process_watchdog.py ha caído. Resucitándolo de inmediato.
[2026-06-04 16:02:02] [GUARDIAN] Watchdog resucitado con éxito.
[2026-06-04 16:02:32] [GUARDIAN] ALERTA: Daemon guardian modificado externamente
[2026-06-04 16:02:32] [GUARDIAN] *** MODO CUARENTENA ACTIVADO ***
[2026-06-04 16:02:32] [GUARDIAN] ¡ALERTA OUROBOROS! process_watchdog.py ha caído. Resucitándolo de inmediato.
[2026-06-04 16:02:32] [GUARDIAN] Watchdog resucitado con éxito.
[2026-06-04 16:03:02] [GUARDIAN] ALERTA: Daemon guardian modificado externamente
[2026-06-04 16:03:02] [GUARDIAN] *** MODO CUARENTENA ACTIVADO ***
[2026-06-04 16:03:02] [GUARDIAN] ¡ALERTA OUROBOROS! process_watchdog.py ha caído. Resucitándolo de inmediato.
[2026-06-04 16:03:02] [GUARDIAN] Watchdog resucitado con éxito.
[2026-06-04 16:03:32] [GUARDIAN] ALERTA: Daemon guardian modificado externamente
[2026-06-04 16:03:32] [GUARDIAN] *** MODO CUARENTENA ACTIVADO ***
[2026-06-04 16:03:32] [GUARDIAN] ¡ALERTA OUROBOROS! process_watchdog.py ha caído. Resucitándolo de inmediato.
[2026-06-04 16:03:32] [GUARDIAN] Watchdog resucitado con éxito.
[2026-06-04 16:04:02] [GUARDIAN] ALERTA: Daemon guardian modificado externamente
[2026-06-04 16:04:02] [GUARDIAN] *** MODO CUARENTENA ACTIVADO ***
[2026-06-04 16:04:02] [GUARDIAN] ¡ALERTA OUROBOROS! process_watchdog.py ha caído. Resucitándolo de inmediato.
[2026-06-04 16:04:02] [GUARDIAN] Watchdog resucitado con éxito.
[2026-06-04 16:04:32] [GUARDIAN] ALERTA: Daemon guardian modificado externamente
[2026-06-04 16:04:32] [GUARDIAN] *** MODO CUARENTENA ACTIVADO ***
[2026-06-04 16:04:32] [GUARDIAN] ¡ALERTA OUROBOROS! process_watchdog.py ha caído. Resucitándolo de inmediato.
[2026-06-04 16:04:32] [GUARDIAN] Watchdog resucitado con éxito.
[2026-06-04 16:05:02] [GUARDIAN] ALERTA: Daemon guardian modificado externamente
[2026-06-04 16:05:02] [GUARDIAN] *** MODO CUARENTENA ACTIVADO ***
[2026-06-04 16:05:02] [GUARDIAN] ¡ALERTA OUROBOROS! process_watchdog.py ha caído. Resucitándolo de inmediato.
[2026-06-04 16:05:02] [GUARDIAN] Watchdog resucitado con éxito.
[2026-06-04 16:05:32] [GUARDIAN] ALERTA: Daemon guardian modificado externamente
[2026-06-04 16:05:32] [GUARDIAN] *** MODO CUARENTENA ACTIVADO ***
[2026-06-04 16:05:32] [GUARDIAN] ¡ALERTA OUROBOROS! process_watchdog.py ha caído. Resucitándolo de inmediato.
[2026-06-04 16:05:32] [GUARDIAN] Watchdog resucitado con éxito.
[2026-06-04 16:06:02] [GUARDIAN] ALERTA: Daemon guardian modificado externamente
[2026-06-04 16:06:02] [GUARDIAN] *** MODO CUARENTENA ACTIVADO ***
[2026-06-04 16:06:02] [GUARDIAN] ¡ALERTA OUROBOROS! process_watchdog.py ha caído. Resucitándolo de inmediato.
[2026-06-04 16:06:02] [GUARDIAN] Watchdog resucitado con éxito.
[2026-06-04 16:06:32] [GUARDIAN] ALERTA: Daemon guardian modificado externamente
[2026-06-04 16:06:32] [GUARDIAN] *** MODO CUARENTENA ACTIVADO ***
[2026-06-04 16:06:32] [GUARDIAN] ¡ALERTA OUROBOROS! process_watchdog.py ha caído. Resucitándolo de inmediato.
[2026-06-04 16:06:32] [GUARDIAN] Watchdog resucitado con éxito.
[2026-06-04 16:07:02] [GUARDIAN] ALERTA: Daemon guardian modificado externamente
[2026-06-04 16:07:02] [GUARDIAN] *** MODO CUARENTENA ACTIVADO ***
[2026-06-04 16:07:02] [GUARDIAN] ¡ALERTA OUROBOROS! process_watchdog.py ha caído. Resucitándolo de inmediato.
[2026-06-04 16:07:02] [GUARDIAN] Watchdog resucitado con éxito.
[2026-06-04 16:07:32] [GUARDIAN] ALERTA: Daemon guardian modificado externamente
[2026-06-04 16:07:32] [GUARDIAN] *** MODO CUARENTENA ACTIVADO ***
[2026-06-04 16:07:32] [GUARDIAN] ¡ALERTA OUROBOROS! process_watchdog.py ha caído. Resucitándolo de inmediato.
[2026-06-04 16:07:32] [GUARDIAN] Watchdog resucitado con éxito.
[2026-06-04 16:08:02] [GUARDIAN] ALERTA: Daemon guardian modificado externamente
[2026-06-04 16:08:02] [GUARDIAN] *** MODO CUARENTENA ACTIVADO ***
[2026-06-04 16:08:02] [GUARDIAN] ¡ALERTA OUROBOROS! process_watchdog.py ha caído. Resucitándolo de inmediato.
[2026-06-04 16:08:02] [GUARDIAN] Watchdog resucitado con éxito.
[2026-06-04 16:08:32] [GUARDIAN] ALERTA: Daemon guardian modificado externamente
[2026-06-04 16:08:32] [GUARDIAN] *** MODO CUARENTENA ACTIVADO ***
[2026-06-04 16:08:32] [GUARDIAN] ¡ALERTA OUROBOROS! process_watchdog.py ha caído. Resucitándolo de inmediato.
[2026-06-04 16:08:32] [GUARDIAN] Watchdog resucitado con éxito.
[2026-06-04 16:09:02] [GUARDIAN] ALERTA: Daemon guardian modificado externamente
[2026-06-04 16:09:02] [GUARDIAN] *** MODO CUARENTENA ACTIVADO ***
[2026-06-04 16:09:02] [GUARDIAN] ¡ALERTA OUROBOROS! process_watchdog.py ha caído. Resucitándolo de inmediato.
[2026-06-04 16:09:02] [GUARDIAN] Watchdog resucitado con éxito.
[2026-06-04 16:09:32] [GUARDIAN] ALERTA: Daemon guardian modificado externamente
[2026-06-04 16:09:32] [GUARDIAN] *** MODO CUARENTENA ACTIVADO ***
[2026-06-04 16:09:33] [GUARDIAN] ¡ALERTA OUROBOROS! process_watchdog.py ha caído. Resucitándolo de inmediato.
[2026-06-04 16:09:33] [GUARDIAN] Watchdog resucitado con éxito.
[2026-06-04 16:10:03] [GUARDIAN] ALERTA: Daemon guardian modificado externamente
[2026-06-04 16:10:03] [GUARDIAN] *** MODO CUARENTENA ACTIVADO ***
[2026-06-04 16:10:03] [GUARDIAN] ¡ALERTA OUROBOROS! process_watchdog.py ha caído. Resucitándolo de inmediato.
[2026-06-04 16:10:03] [GUARDIAN] Watchdog resucitado con éxito.
[2026-06-04 16:10:33] [GUARDIAN] ALERTA: Daemon guardian modificado externamente
[2026-06-04 16:10:33] [GUARDIAN] *** MODO CUARENTENA ACTIVADO ***
[2026-06-04 16:10:33] [GUARDIAN] ¡ALERTA OUROBOROS! process_watchdog.py ha caído. Resucitándolo de inmediato.
[2026-06-04 16:10:33] [GUARDIAN] Watchdog resucitado con éxito.
[2026-06-04 16:11:03] [GUARDIAN] ALERTA: Daemon guardian modificado externamente
[2026-06-04 16:11:03] [GUARDIAN] *** MODO CUARENTENA ACTIVADO ***
[2026-06-04 16:11:03] [GUARDIAN] ¡ALERTA OUROBOROS! process_watchdog.py ha caído. Resucitándolo de inmediato.
[2026-06-04 16:11:03] [GUARDIAN] Watchdog resucitado con éxito.
[2026-06-04 16:11:33] [GUARDIAN] ALERTA: Daemon guardian modificado externamente
[2026-06-04 16:11:33] [GUARDIAN] *** MODO CUARENTENA ACTIVADO ***
[2026-06-04 16:11:33] [GUARDIAN] ¡ALERTA OUROBOROS! process_watchdog.py ha caído. Resucitándolo de inmediato.
[2026-06-04 16:11:33] [GUARDIAN] Watchdog resucitado con éxito.
[2026-06-04 16:12:03] [GUARDIAN] ALERTA: Daemon guardian modificado externamente
[2026-06-04 16:12:03] [GUARDIAN] *** MODO CUARENTENA ACTIVADO ***
[2026-06-04 16:12:03] [GUARDIAN] ¡ALERTA OUROBOROS! process_watchdog.py ha caído. Resucitándolo de inmediato.
[2026-06-04 16:12:03] [GUARDIAN] Watchdog resucitado con éxito.
[2026-06-04 16:12:33] [GUARDIAN] ALERTA: Daemon guardian modificado externamente
[2026-06-04 16:12:33] [GUARDIAN] *** MODO CUARENTENA ACTIVADO ***
[2026-06-04 16:12:33] [GUARDIAN] ¡ALERTA OUROBOROS! process_watchdog.py ha caído. Resucitándolo de inmediato.
[2026-06-04 16:12:33] [GUARDIAN] Watchdog resucitado con éxito.
[2026-06-04 16:13:03] [GUARDIAN] ALERTA: Daemon guardian modificado externamente
[2026-06-04 16:13:03] [GUARDIAN] *** MODO CUARENTENA ACTIVADO ***
[2026-06-04 16:13:03] [GUARDIAN] ¡ALERTA OUROBOROS! process_watchdog.py ha caído. Resucitándolo de inmediato.
[2026-06-04 16:13:03] [GUARDIAN] Watchdog resucitado con éxito.
[2026-06-04 16:13:33] [GUARDIAN] ALERTA: Daemon guardian modificado externamente
[2026-06-04 16:13:33] [GUARDIAN] *** MODO CUARENTENA ACTIVADO ***
[2026-06-04 16:13:33] [GUARDIAN] ¡ALERTA OUROBOROS! process_watchdog.py ha caído. Resucitándolo de inmediato.
[2026-06-04 16:13:33] [GUARDIAN] Watchdog resucitado con éxito.
[2026-06-04 16:14:03] [GUARDIAN] ALERTA: Daemon guardian modificado externamente
[2026-06-04 16:14:03] [GUARDIAN] *** MODO CUARENTENA ACTIVADO ***
[2026-06-04 16:14:03] [GUARDIAN] ¡ALERTA OUROBOROS! process_watchdog.py ha caído. Resucitándolo de inmediato.
[2026-06-04 16:14:03] [GUARDIAN] Watchdog resucitado con éxito.
[2026-06-04 16:14:33] [GUARDIAN] ALERTA: Daemon guardian modificado externamente
[2026-06-04 16:14:33] [GUARDIAN] *** MODO CUARENTENA ACTIVADO ***
[2026-06-04 16:14:33] [GUARDIAN] ¡ALERTA OUROBOROS! process_watchdog.py ha caído. Resucitándolo de inmediato.
[2026-06-04 16:14:33] [GUARDIAN] Watchdog resucitado con éxito.
[2026-06-04 16:15:03] [GUARDIAN] ALERTA: Daemon guardian modificado externamente
[2026-06-04 16:15:03] [GUARDIAN] *** MODO CUARENTENA ACTIVADO ***
[2026-06-04 16:15:03] [GUARDIAN] ¡ALERTA OUROBOROS! process_watchdog.py ha caído. Resucitándolo de inmediato.
[2026-06-04 16:15:03] [GUARDIAN] Watchdog resucitado con éxito.
[2026-06-04 16:15:33] [GUARDIAN] ALERTA: Daemon guardian modificado externamente
[2026-06-04 16:15:33] [GUARDIAN] *** MODO CUARENTENA ACTIVADO ***
[2026-06-04 16:15:33] [GUARDIAN] ¡ALERTA OUROBOROS! process_watchdog.py ha caído. Resucitándolo de inmediato.
[2026-06-04 16:15:33] [GUARDIAN] Watchdog resucitado con éxito.
[2026-06-04 16:16:03] [GUARDIAN] ALERTA: Daemon guardian modificado externamente
[2026-06-04 16:16:03] [GUARDIAN] *** MODO CUARENTENA ACTIVADO ***
[2026-06-04 16:16:03] [GUARDIAN] ¡ALERTA OUROBOROS! process_watchdog.py ha caído. Resucitándolo de inmediato.
[2026-06-04 16:16:03] [GUARDIAN] Watchdog resucitado con éxito.
[2026-06-04 16:16:33] [GUARDIAN] ALERTA: Daemon guardian modificado externamente
[2026-06-04 16:16:33] [GUARDIAN] *** MODO CUARENTENA ACTIVADO ***
[2026-06-04 16:16:33] [GUARDIAN] ¡ALERTA OUROBOROS! process_watchdog.py ha caído. Resucitándolo de inmediato.
[2026-06-04 16:16:33] [GUARDIAN] Watchdog resucitado con éxito.
[2026-06-04 16:17:03] [GUARDIAN] ALERTA: Daemon guardian modificado externamente
[2026-06-04 16:17:03] [GUARDIAN] *** MODO CUARENTENA ACTIVADO ***
[2026-06-04 16:17:03] [GUARDIAN] ¡ALERTA OUROBOROS! process_watchdog.py ha caído. Resucitándolo de inmediato.
[2026-06-04 16:17:03] [GUARDIAN] Watchdog resucitado con éxito.
[2026-06-04 16:17:33] [GUARDIAN] ALERTA: Daemon guardian modificado externamente
[2026-06-04 16:17:33] [GUARDIAN] *** MODO CUARENTENA ACTIVADO ***
[2026-06-04 16:17:33] [GUARDIAN] ¡ALERTA OUROBOROS! process_watchdog.py ha caído. Resucitándolo de inmediato.
[2026-06-04 16:17:33] [GUARDIAN] Watchdog resucitado con éxito.
[2026-06-04 16:18:03] [GUARDIAN] ALERTA: Daemon guardian modificado externamente
[2026-06-04 16:18:03] [GUARDIAN] *** MODO CUARENTENA ACTIVADO ***
[2026-06-04 16:18:03] [GUARDIAN] ¡ALERTA OUROBOROS! process_watchdog.py ha caído. Resucitándolo de inmediato.
[2026-06-04 16:18:03] [GUARDIAN] Watchdog resucitado con éxito.
[2026-06-04 16:18:33] [GUARDIAN] ALERTA: Daemon guardian modificado externamente
[2026-06-04 16:18:33] [GUARDIAN] *** MODO CUARENTENA ACTIVADO ***
[2026-06-04 16:18:33] [GUARDIAN] ¡ALERTA OUROBOROS! process_watchdog.py ha caído. Resucitándolo de inmediato.
[2026-06-04 16:18:33] [GUARDIAN] Watchdog resucitado con éxito.
[2026-06-04 16:19:03] [GUARDIAN] ALERTA: Daemon guardian modificado externamente
[2026-06-04 16:19:03] [GUARDIAN] *** MODO CUARENTENA ACTIVADO ***
[2026-06-04 16:19:03] [GUARDIAN] ¡ALERTA OUROBOROS! process_watchdog.py ha caído. Resucitándolo de inmediato.
[2026-06-04 16:19:03] [GUARDIAN] Watchdog resucitado con éxito.
[2026-06-04 16:19:33] [GUARDIAN] ALERTA: Daemon guardian modificado externamente
[2026-06-04 16:19:33] [GUARDIAN] *** MODO CUARENTENA ACTIVADO ***
[2026-06-04 16:19:33] [GUARDIAN] ¡ALERTA OUROBOROS! process_watchdog.py ha caído. Resucitándolo de inmediato.
[2026-06-04 16:19:33] [GUARDIAN] Watchdog resucitado con éxito.
[2026-06-04 16:20:03] [GUARDIAN] ALERTA: Daemon guardian modificado externamente
[2026-06-04 16:20:03] [GUARDIAN] *** MODO CUARENTENA ACTIVADO ***
[2026-06-04 16:20:03] [GUARDIAN] ¡ALERTA OUROBOROS! process_watchdog.py ha caído. Resucitándolo de inmediato.
[2026-06-04 16:20:03] [GUARDIAN] Watchdog resucitado con éxito.
[2026-06-04 16:20:33] [GUARDIAN] ALERTA: Daemon guardian modificado externamente
[2026-06-04 16:20:33] [GUARDIAN] *** MODO CUARENTENA ACTIVADO ***
[2026-06-04 16:20:33] [GUARDIAN] ¡ALERTA OUROBOROS! process_watchdog.py ha caído. Resucitándolo de inmediato.
[2026-06-04 16:20:33] [GUARDIAN] Watchdog resucitado con éxito.
[2026-06-04 16:21:03] [GUARDIAN] ALERTA: Daemon guardian modificado externamente
[2026-06-04 16:21:03] [GUARDIAN] *** MODO CUARENTENA ACTIVADO ***
[2026-06-04 16:21:04] [GUARDIAN] ¡ALERTA OUROBOROS! process_watchdog.py ha caído. Resucitándolo de inmediato.
[2026-06-04 16:21:04] [GUARDIAN] Watchdog resucitado con éxito.
[2026-06-04 16:21:34] [GUARDIAN] ALERTA: Daemon guardian modificado externamente
[2026-06-04 16:21:34] [GUARDIAN] *** MODO CUARENTENA ACTIVADO ***
[2026-06-04 16:21:34] [GUARDIAN] ¡ALERTA OUROBOROS! process_watchdog.py ha caído. Resucitándolo de inmediato.
[2026-06-04 16:21:34] [GUARDIAN] Watchdog resucitado con éxito.
[2026-06-04 16:22:04] [GUARDIAN] ALERTA: Daemon guardian modificado externamente
[2026-06-04 16:22:04] [GUARDIAN] *** MODO CUARENTENA ACTIVADO ***
[2026-06-04 16:22:04] [GUARDIAN] ¡ALERTA OUROBOROS! process_watchdog.py ha caído. Resucitándolo de inmediato.
[2026-06-04 16:22:04] [GUARDIAN] Watchdog resucitado con éxito.
[2026-06-04 16:22:34] [GUARDIAN] ALERTA: Daemon guardian modificado externamente
[2026-06-04 16:22:34] [GUARDIAN] *** MODO CUARENTENA ACTIVADO ***
[2026-06-04 16:22:34] [GUARDIAN] ¡ALERTA OUROBOROS! process_watchdog.py ha caído. Resucitándolo de inmediato.
[2026-06-04 16:22:34] [GUARDIAN] Watchdog resucitado con éxito.
[2026-06-04 16:23:04] [GUARDIAN] ALERTA: Daemon guardian modificado externamente
[2026-06-04 16:23:04] [GUARDIAN] *** MODO CUARENTENA ACTIVADO ***
[2026-06-04 16:23:04] [GUARDIAN] ¡ALERTA OUROBOROS! process_watchdog.py ha caído. Resucitándolo de inmediato.
[2026-06-04 16:23:04] [GUARDIAN] Watchdog resucitado con éxito.
[2026-06-04 16:23:34] [GUARDIAN] ALERTA: Daemon guardian modificado externamente
[2026-06-04 16:23:34] [GUARDIAN] *** MODO CUARENTENA ACTIVADO ***
[2026-06-04 16:23:34] [GUARDIAN] ¡ALERTA OUROBOROS! process_watchdog.py ha caído. Resucitándolo de inmediato.
[2026-06-04 16:23:34] [GUARDIAN] Watchdog resucitado con éxito.
[2026-06-04 16:24:04] [GUARDIAN] ALERTA: Daemon guardian modificado externamente
[2026-06-04 16:24:04] [GUARDIAN] *** MODO CUARENTENA ACTIVADO ***
[2026-06-04 16:24:04] [GUARDIAN] ¡ALERTA OUROBOROS! process_watchdog.py ha caído. Resucitándolo de inmediato.
[2026-06-04 16:24:04] [GUARDIAN] Watchdog resucitado con éxito.
[2026-06-04 16:24:34] [GUARDIAN] ALERTA: Daemon guardian modificado externamente
[2026-06-04 16:24:34] [GUARDIAN] *** MODO CUARENTENA ACTIVADO ***
[2026-06-04 16:24:34] [GUARDIAN] ¡ALERTA OUROBOROS! process_watchdog.py ha caído. Resucitándolo de inmediato.
[2026-06-04 16:24:34] [GUARDIAN] Watchdog resucitado con éxito.
[2026-06-04 16:25:04] [GUARDIAN] ALERTA: Daemon guardian modificado externamente
[2026-06-04 16:25:04] [GUARDIAN] *** MODO CUARENTENA ACTIVADO ***
[2026-06-04 16:25:04] [GUARDIAN] ¡ALERTA OUROBOROS! process_watchdog.py ha caído. Resucitándolo de inmediato.
[2026-06-04 16:25:04] [GUARDIAN] Watchdog resucitado con éxito.
[2026-06-04 16:25:34] [GUARDIAN] ALERTA: Daemon guardian modificado externamente
[2026-06-04 16:25:34] [GUARDIAN] *** MODO CUARENTENA ACTIVADO ***
[2026-06-04 16:25:34] [GUARDIAN] ¡ALERTA OUROBOROS! process_watchdog.py ha caído. Resucitándolo de inmediato.
[2026-06-04 16:25:34] [GUARDIAN] Watchdog resucitado con éxito.
[2026-06-04 16:26:04] [GUARDIAN] ALERTA: Daemon guardian modificado externamente
[2026-06-04 16:26:04] [GUARDIAN] *** MODO CUARENTENA ACTIVADO ***
[2026-06-04 16:26:04] [GUARDIAN] ¡ALERTA OUROBOROS! process_watchdog.py ha caído. Resucitándolo de inmediato.
[2026-06-04 16:26:04] [GUARDIAN] Watchdog resucitado con éxito.
[2026-06-04 16:26:34] [GUARDIAN] ALERTA: Daemon guardian modificado externamente
[2026-06-04 16:26:34] [GUARDIAN] *** MODO CUARENTENA ACTIVADO ***
[2026-06-04 16:26:34] [GUARDIAN] ¡ALERTA OUROBOROS! process_watchdog.py ha caído. Resucitándolo de inmediato.
[2026-06-04 16:26:34] [GUARDIAN] Watchdog resucitado con éxito.
[2026-06-04 16:27:04] [GUARDIAN] ALERTA: Daemon guardian modificado externamente
[2026-06-04 16:27:04] [GUARDIAN] *** MODO CUARENTENA ACTIVADO ***
[2026-06-04 16:27:04] [GUARDIAN] ¡ALERTA OUROBOROS! process_watchdog.py ha caído. Resucitándolo de inmediato.
[2026-06-04 16:27:04] [GUARDIAN] Watchdog resucitado con éxito.
[2026-06-04 16:27:34] [GUARDIAN] ALERTA: Daemon guardian modificado externamente
[2026-06-04 16:27:34] [GUARDIAN] *** MODO CUARENTENA ACTIVADO ***
[2026-06-04 16:27:34] [GUARDIAN] ¡ALERTA OUROBOROS! process_watchdog.py ha caído. Resucitándolo de inmediato.
[2026-06-04 16:27:34] [GUARDIAN] Watchdog resucitado con éxito.
[2026-06-04 16:28:04] [GUARDIAN] ALERTA: Daemon guardian modificado externamente
[2026-06-04 16:28:04] [GUARDIAN] *** MODO CUARENTENA ACTIVADO ***
[2026-06-04 16:28:04] [GUARDIAN] ¡ALERTA OUROBOROS! process_watchdog.py ha caído. Resucitándolo de inmediato.
[2026-06-04 16:28:04] [GUARDIAN] Watchdog resucitado con éxito.
[2026-06-04 16:28:34] [GUARDIAN] ALERTA: Daemon guardian modificado externamente
[2026-06-04 16:28:34] [GUARDIAN] *** MODO CUARENTENA ACTIVADO ***
[2026-06-04 16:28:34] [GUARDIAN] ¡ALERTA OUROBOROS! process_watchdog.py ha caído. Resucitándolo de inmediato.
[2026-06-04 16:28:34] [GUARDIAN] Watchdog resucitado con éxito.
[2026-06-04 16:29:04] [GUARDIAN] ALERTA: Daemon guardian modificado externamente
[2026-06-04 16:29:04] [GUARDIAN] *** MODO CUARENTENA ACTIVADO ***
[2026-06-04 16:29:04] [GUARDIAN] ¡ALERTA OUROBOROS! process_watchdog.py ha caído. Resucitándolo de inmediato.
[2026-06-04 16:29:04] [GUARDIAN] Watchdog resucitado con éxito.
[2026-06-04 16:29:34] [GUARDIAN] ALERTA: Daemon guardian modificado externamente
[2026-06-04 16:29:34] [GUARDIAN] *** MODO CUARENTENA ACTIVADO ***
[2026-06-04 16:29:34] [GUARDIAN] ¡ALERTA OUROBOROS! process_watchdog.py ha caído. Resucitándolo de inmediato.
[2026-06-04 16:29:34] [GUARDIAN] Watchdog resucitado con éxito.
[2026-06-04 16:30:04] [GUARDIAN] ALERTA: Daemon guardian modificado externamente
[2026-06-04 16:30:04] [GUARDIAN] *** MODO CUARENTENA ACTIVADO ***
[2026-06-04 16:30:04] [GUARDIAN] ¡ALERTA OUROBOROS! process_watchdog.py ha caído. Resucitándolo de inmediato.
[2026-06-04 16:30:04] [GUARDIAN] Watchdog resucitado con éxito.
[2026-06-04 16:30:34] [GUARDIAN] ALERTA: Daemon guardian modificado externamente
[2026-06-04 16:30:34] [GUARDIAN] *** MODO CUARENTENA ACTIVADO ***
[2026-06-04 16:30:34] [GUARDIAN] ¡ALERTA OUROBOROS! process_watchdog.py ha caído. Resucitándolo de inmediato.
[2026-06-04 16:30:34] [GUARDIAN] Watchdog resucitado con éxito.
[2026-06-04 16:31:04] [GUARDIAN] ALERTA: Daemon guardian modificado externamente
[2026-06-04 16:31:04] [GUARDIAN] *** MODO CUARENTENA ACTIVADO ***
[2026-06-04 16:31:04] [GUARDIAN] ¡ALERTA OUROBOROS! process_watchdog.py ha caído. Resucitándolo de inmediato.
[2026-06-04 16:31:04] [GUARDIAN] Watchdog resucitado con éxito.
[2026-06-04 16:31:34] [GUARDIAN] ALERTA: Daemon guardian modificado externamente
[2026-06-04 16:31:34] [GUARDIAN] *** MODO CUARENTENA ACTIVADO ***
[2026-06-04 16:31:34] [GUARDIAN] ¡ALERTA OUROBOROS! process_watchdog.py ha caído. Resucitándolo de inmediato.
[2026-06-04 16:31:34] [GUARDIAN] Watchdog resucitado con éxito.
[2026-06-04 16:32:04] [GUARDIAN] ALERTA: Daemon guardian modificado externamente
[2026-06-04 16:32:04] [GUARDIAN] *** MODO CUARENTENA ACTIVADO ***
[2026-06-04 16:32:04] [GUARDIAN] ¡ALERTA OUROBOROS! process_watchdog.py ha caído. Resucitándolo de inmediato.
[2026-06-04 16:32:04] [GUARDIAN] Watchdog resucitado con éxito.
[2026-06-04 16:32:34] [GUARDIAN] ALERTA: Daemon guardian modificado externamente
[2026-06-04 16:32:34] [GUARDIAN] *** MODO CUARENTENA ACTIVADO ***
[2026-06-04 16:32:35] [GUARDIAN] ¡ALERTA OUROBOROS! process_watchdog.py ha caído. Resucitándolo de inmediato.
[2026-06-04 16:32:35] [GUARDIAN] Watchdog resucitado con éxito.
[2026-06-04 16:33:05] [GUARDIAN] ALERTA: Daemon guardian modificado externamente
[2026-06-04 16:33:05] [GUARDIAN] *** MODO CUARENTENA ACTIVADO ***
[2026-06-04 16:33:05] [GUARDIAN] ¡ALERTA OUROBOROS! process_watchdog.py ha caído. Resucitándolo de inmediato.
[2026-06-04 16:33:05] [GUARDIAN] Watchdog resucitado con éxito.
[2026-06-04 16:33:35] [GUARDIAN] ALERTA: Daemon guardian modificado externamente
[2026-06-04 16:33:35] [GUARDIAN] *** MODO CUARENTENA ACTIVADO ***
[2026-06-04 16:33:35] [GUARDIAN] ¡ALERTA OUROBOROS! process_watchdog.py ha caído. Resucitándolo de inmediato.
[2026-06-04 16:33:35] [GUARDIAN] Watchdog resucitado con éxito.
[2026-06-04 16:34:05] [GUARDIAN] ALERTA: Daemon guardian modificado externamente
[2026-06-04 16:34:05] [GUARDIAN] *** MODO CUARENTENA ACTIVADO ***
[2026-06-04 16:34:05] [GUARDIAN] ¡ALERTA OUROBOROS! process_watchdog.py ha caído. Resucitándolo de inmediato.
[2026-06-04 16:34:05] [GUARDIAN] Watchdog resucitado con éxito.
[2026-06-04 16:34:35] [GUARDIAN] ALERTA: Daemon guardian modificado externamente
[2026-06-04 16:34:35] [GUARDIAN] *** MODO CUARENTENA ACTIVADO ***
[2026-06-04 16:34:35] [GUARDIAN] ¡ALERTA OUROBOROS! process_watchdog.py ha caído. Resucitándolo de inmediato.
[2026-06-04 16:34:35] [GUARDIAN] Watchdog resucitado con éxito.
[2026-06-04 16:35:05] [GUARDIAN] ALERTA: Daemon guardian modificado externamente
[2026-06-04 16:35:05] [GUARDIAN] *** MODO CUARENTENA ACTIVADO ***
[2026-06-04 16:35:05] [GUARDIAN] ¡ALERTA OUROBOROS! process_watchdog.py ha caído. Resucitándolo de inmediato.
[2026-06-04 16:35:05] [GUARDIAN] Watchdog resucitado con éxito.
[2026-06-04 16:35:35] [GUARDIAN] ALERTA: Daemon guardian modificado externamente
[2026-06-04 16:35:35] [GUARDIAN] *** MODO CUARENTENA ACTIVADO ***
[2026-06-04 16:35:35] [GUARDIAN] ¡ALERTA OUROBOROS! process_watchdog.py ha caído. Resucitándolo de inmediato.
[2026-06-04 16:35:35] [GUARDIAN] Watchdog resucitado con éxito.
[2026-06-04 16:36:05] [GUARDIAN] ALERTA: Daemon guardian modificado externamente
[2026-06-04 16:36:05] [GUARDIAN] *** MODO CUARENTENA ACTIVADO ***
[2026-06-04 16:36:05] [GUARDIAN] ¡ALERTA OUROBOROS! process_watchdog.py ha caído. Resucitándolo de inmediato.
[2026-06-04 16:36:05] [GUARDIAN] Watchdog resucitado con éxito.
[2026-06-04 16:36:35] [GUARDIAN] ALERTA: Daemon guardian modificado externamente
[2026-06-04 16:36:35] [GUARDIAN] *** MODO CUARENTENA ACTIVADO ***
[2026-06-04 16:36:35] [GUARDIAN] ¡ALERTA OUROBOROS! process_watchdog.py ha caído. Resucitándolo de inmediato.
[2026-06-04 16:36:35] [GUARDIAN] Watchdog resucitado con éxito.
[2026-06-04 16:37:05] [GUARDIAN] ALERTA: Daemon guardian modificado externamente
[2026-06-04 16:37:05] [GUARDIAN] *** MODO CUARENTENA ACTIVADO ***
[2026-06-04 16:37:05] [GUARDIAN] ¡ALERTA OUROBOROS! process_watchdog.py ha caído. Resucitándolo de inmediato.
[2026-06-04 16:37:05] [GUARDIAN] Watchdog resucitado con éxito.
[2026-06-04 16:37:35] [GUARDIAN] ALERTA: Daemon guardian modificado externamente
[2026-06-04 16:37:35] [GUARDIAN] *** MODO CUARENTENA ACTIVADO ***
[2026-06-04 16:37:35] [GUARDIAN] ¡ALERTA OUROBOROS! process_watchdog.py ha caído. Resucitándolo de inmediato.
[2026-06-04 16:37:35] [GUARDIAN] Watchdog resucitado con éxito.
[2026-06-04 16:38:05] [GUARDIAN] ALERTA: Daemon guardian modificado externamente
[2026-06-04 16:38:05] [GUARDIAN] *** MODO CUARENTENA ACTIVADO ***
[2026-06-04 16:38:05] [GUARDIAN] ¡ALERTA OUROBOROS! process_watchdog.py ha caído. Resucitándolo de inmediato.
[2026-06-04 16:38:05] [GUARDIAN] Watchdog resucitado con éxito.
[2026-06-04 16:38:35] [GUARDIAN] ALERTA: Daemon guardian modificado externamente
[2026-06-04 16:38:35] [GUARDIAN] *** MODO CUARENTENA ACTIVADO ***
[2026-06-04 16:38:35] [GUARDIAN] ¡ALERTA OUROBOROS! process_watchdog.py ha caído. Resucitándolo de inmediato.
[2026-06-04 16:38:35] [GUARDIAN] Watchdog resucitado con éxito.
[2026-06-04 16:39:05] [GUARDIAN] ALERTA: Daemon guardian modificado externamente
[2026-06-04 16:39:05] [GUARDIAN] *** MODO CUARENTENA ACTIVADO ***
[2026-06-04 16:39:05] [GUARDIAN] ¡ALERTA OUROBOROS! process_watchdog.py ha caído. Resucitándolo de inmediato.
[2026-06-04 16:39:05] [GUARDIAN] Watchdog resucitado con éxito.
[2026-06-04 16:39:35] [GUARDIAN] ALERTA: Daemon guardian modificado externamente
[2026-06-04 16:39:35] [GUARDIAN] *** MODO CUARENTENA ACTIVADO ***
[2026-06-04 16:39:35] [GUARDIAN] ¡ALERTA OUROBOROS! process_watchdog.py ha caído. Resucitándolo de inmediato.
[2026-06-04 16:39:35] [GUARDIAN] Watchdog resucitado con éxito.
[2026-06-04 16:40:05] [GUARDIAN] ALERTA: Daemon guardian modificado externamente
[2026-06-04 16:40:05] [GUARDIAN] *** MODO CUARENTENA ACTIVADO ***
[2026-06-04 16:40:05] [GUARDIAN] ¡ALERTA OUROBOROS! process_watchdog.py ha caído. Resucitándolo de inmediato.
[2026-06-04 16:40:05] [GUARDIAN] Watchdog resucitado con éxito.
[2026-06-04 16:40:35] [GUARDIAN] ALERTA: Daemon guardian modificado externamente
[2026-06-04 16:40:35] [GUARDIAN] *** MODO CUARENTENA ACTIVADO ***
[2026-06-04 16:40:35] [GUARDIAN] ¡ALERTA OUROBOROS! process_watchdog.py ha caído. Resucitándolo de inmediato.
[2026-06-04 16:40:35] [GUARDIAN] Watchdog resucitado con éxito.
[2026-06-04 16:41:05] [GUARDIAN] ALERTA: Daemon guardian modificado externamente
[2026-06-04 16:41:05] [GUARDIAN] *** MODO CUARENTENA ACTIVADO ***
[2026-06-04 16:41:05] [GUARDIAN] ¡ALERTA OUROBOROS! process_watchdog.py ha caído. Resucitándolo de inmediato.
[2026-06-04 16:41:05] [GUARDIAN] Watchdog resucitado con éxito.
[2026-06-04 16:41:35] [GUARDIAN] ALERTA: Daemon guardian modificado externamente
[2026-06-04 16:41:35] [GUARDIAN] *** MODO CUARENTENA ACTIVADO ***
[2026-06-04 16:41:35] [GUARDIAN] ¡ALERTA OUROBOROS! process_watchdog.py ha caído. Resucitándolo de inmediato.
[2026-06-04 16:41:35] [GUARDIAN] Watchdog resucitado con éxito.
[2026-06-04 16:42:05] [GUARDIAN] ALERTA: Daemon guardian modificado externamente
[2026-06-04 16:42:05] [GUARDIAN] *** MODO CUARENTENA ACTIVADO ***
[2026-06-04 16:42:05] [GUARDIAN] ¡ALERTA OUROBOROS! process_watchdog.py ha caído. Resucitándolo de inmediato.
[2026-06-04 16:42:05] [GUARDIAN] Watchdog resucitado con éxito.
[2026-06-04 16:42:35] [GUARDIAN] ALERTA: Daemon guardian modificado externamente
[2026-06-04 16:42:35] [GUARDIAN] *** MODO CUARENTENA ACTIVADO ***
[2026-06-04 16:42:35] [GUARDIAN] ¡ALERTA OUROBOROS! process_watchdog.py ha caído. Resucitándolo de inmediato.
[2026-06-04 16:42:35] [GUARDIAN] Watchdog resucitado con éxito.
[2026-06-04 16:43:05] [GUARDIAN] ALERTA: Daemon guardian modificado externamente
[2026-06-04 16:43:05] [GUARDIAN] *** MODO CUARENTENA ACTIVADO ***
[2026-06-04 16:43:05] [GUARDIAN] ¡ALERTA OUROBOROS! process_watchdog.py ha caído. Resucitándolo de inmediato.
[2026-06-04 16:43:05] [GUARDIAN] Watchdog resucitado con éxito.
[2026-06-04 16:43:35] [GUARDIAN] ALERTA: Daemon guardian modificado externamente
[2026-06-04 16:43:35] [GUARDIAN] *** MODO CUARENTENA ACTIVADO ***
[2026-06-04 16:43:35] [GUARDIAN] ¡ALERTA OUROBOROS! process_watchdog.py ha caído. Resucitándolo de inmediato.
[2026-06-04 16:43:35] [GUARDIAN] Watchdog resucitado con éxito.
[2026-06-04 16:44:05] [GUARDIAN] ALERTA: Daemon guardian modificado externamente
[2026-06-04 16:44:05] [GUARDIAN] *** MODO CUARENTENA ACTIVADO ***
[2026-06-04 16:44:06] [GUARDIAN] ¡ALERTA OUROBOROS! process_watchdog.py ha caído. Resucitándolo de inmediato.
[2026-06-04 16:44:06] [GUARDIAN] Watchdog resucitado con éxito.
[2026-06-04 16:44:36] [GUARDIAN] ALERTA: Daemon guardian modificado externamente
[2026-06-04 16:44:36] [GUARDIAN] *** MODO CUARENTENA ACTIVADO ***
[2026-06-04 16:44:36] [GUARDIAN] ¡ALERTA OUROBOROS! process_watchdog.py ha caído. Resucitándolo de inmediato.
[2026-06-04 16:44:36] [GUARDIAN] Watchdog resucitado con éxito.
[2026-06-04 16:45:06] [GUARDIAN] ALERTA: Daemon guardian modificado externamente
[2026-06-04 16:45:06] [GUARDIAN] *** MODO CUARENTENA ACTIVADO ***
[2026-06-04 16:45:06] [GUARDIAN] ¡ALERTA OUROBOROS! process_watchdog.py ha caído. Resucitándolo de inmediato.
[2026-06-04 16:45:06] [GUARDIAN] Watchdog resucitado con éxito.
[2026-06-04 16:45:36] [GUARDIAN] ALERTA: Daemon guardian modificado externamente
[2026-06-04 16:45:36] [GUARDIAN] *** MODO CUARENTENA ACTIVADO ***
[2026-06-04 16:45:36] [GUARDIAN] ¡ALERTA OUROBOROS! process_watchdog.py ha caído. Resucitándolo de inmediato.
[2026-06-04 16:45:36] [GUARDIAN] Watchdog resucitado con éxito.
[2026-06-04 16:46:06] [GUARDIAN] ALERTA: Daemon guardian modificado externamente
[2026-06-04 16:46:06] [GUARDIAN] *** MODO CUARENTENA ACTIVADO ***
[2026-06-04 16:46:06] [GUARDIAN] ¡ALERTA OUROBOROS! process_watchdog.py ha caído. Resucitándolo de inmediato.
[2026-06-04 16:46:06] [GUARDIAN] Watchdog resucitado con éxito.
[2026-06-04 16:46:36] [GUARDIAN] ALERTA: Daemon guardian modificado externamente
[2026-06-04 16:46:36] [GUARDIAN] *** MODO CUARENTENA ACTIVADO ***
[2026-06-04 16:46:36] [GUARDIAN] ¡ALERTA OUROBOROS! process_watchdog.py ha caído. Resucitándolo de inmediato.
[2026-06-04 16:46:36] [GUARDIAN] Watchdog resucitado con éxito.
[2026-06-04 16:47:06] [GUARDIAN] ALERTA: Daemon guardian modificado externamente
[2026-06-04 16:47:06] [GUARDIAN] *** MODO CUARENTENA ACTIVADO ***
[2026-06-04 16:47:06] [GUARDIAN] ¡ALERTA OUROBOROS! process_watchdog.py ha caído. Resucitándolo de inmediato.
[2026-06-04 16:47:06] [GUARDIAN] Watchdog resucitado con éxito.
[2026-06-04 16:47:36] [GUARDIAN] ALERTA: Daemon guardian modificado externamente
[2026-06-04 16:47:36] [GUARDIAN] *** MODO CUARENTENA ACTIVADO ***
[2026-06-04 16:47:36] [GUARDIAN] ¡ALERTA OUROBOROS! process_watchdog.py ha caído. Resucitándolo de inmediato.
[2026-06-04 16:47:36] [GUARDIAN] Watchdog resucitado con éxito.
[2026-06-04 16:48:06] [GUARDIAN] ALERTA: Daemon guardian modificado externamente
[2026-06-04 16:48:06] [GUARDIAN] *** MODO CUARENTENA ACTIVADO ***
[2026-06-04 16:48:06] [GUARDIAN] ¡ALERTA OUROBOROS! process_watchdog.py ha caído. Resucitándolo de inmediato.
[2026-06-04 16:48:06] [GUARDIAN] Watchdog resucitado con éxito.
[2026-06-04 16:48:36] [GUARDIAN] ALERTA: Daemon guardian modificado externamente
[2026-06-04 16:48:36] [GUARDIAN] *** MODO CUARENTENA ACTIVADO ***
[2026-06-04 16:48:36] [GUARDIAN] ¡ALERTA OUROBOROS! process_watchdog.py ha caído. Resucitándolo de inmediato.
[2026-06-04 16:48:36] [GUARDIAN] Watchdog resucitado con éxito.
[2026-06-04 16:49:06] [GUARDIAN] ALERTA: Daemon guardian modificado externamente
[2026-06-04 16:49:06] [GUARDIAN] *** MODO CUARENTENA ACTIVADO ***
[2026-06-04 16:49:06] [GUARDIAN] ¡ALERTA OUROBOROS! process_watchdog.py ha caído. Resucitándolo de inmediato.
[2026-06-04 16:49:06] [GUARDIAN] Watchdog resucitado con éxito.
[2026-06-04 16:49:36] [GUARDIAN] ALERTA: Daemon guardian modificado externamente
[2026-06-04 16:49:36] [GUARDIAN] *** MODO CUARENTENA ACTIVADO ***
[2026-06-04 16:49:36] [GUARDIAN] ¡ALERTA OUROBOROS! process_watchdog.py ha caído. Resucitándolo de inmediato.
[2026-06-04 16:49:36] [GUARDIAN] Watchdog resucitado con éxito.
[2026-06-04 16:50:06] [GUARDIAN] ALERTA: Daemon guardian modificado externamente
[2026-06-04 16:50:06] [GUARDIAN] *** MODO CUARENTENA ACTIVADO ***
[2026-06-04 16:50:06] [GUARDIAN] ¡ALERTA OUROBOROS! process_watchdog.py ha caído. Resucitándolo de inmediato.
[2026-06-04 16:50:06] [GUARDIAN] Watchdog resucitado con éxito.
[2026-06-04 16:50:36] [GUARDIAN] ALERTA: Daemon guardian modificado externamente
[2026-06-04 16:50:36] [GUARDIAN] *** MODO CUARENTENA ACTIVADO ***
[2026-06-04 16:50:36] [GUARDIAN] ¡ALERTA OUROBOROS! process_watchdog.py ha caído. Resucitándolo de inmediato.
[2026-06-04 16:50:36] [GUARDIAN] Watchdog resucitado con éxito.
[2026-06-04 16:51:06] [GUARDIAN] ALERTA: Daemon guardian modificado externamente
[2026-06-04 16:51:06] [GUARDIAN] *** MODO CUARENTENA ACTIVADO ***
[2026-06-04 16:51:06] [GUARDIAN] ¡ALERTA OUROBOROS! process_watchdog.py ha caído. Resucitándolo de inmediato.
[2026-06-04 16:51:06] [GUARDIAN] Watchdog resucitado con éxito.
[2026-06-04 16:51:36] [GUARDIAN] ALERTA: Daemon guardian modificado externamente
[2026-06-04 16:51:36] [GUARDIAN] *** MODO CUARENTENA ACTIVADO ***
[2026-06-04 16:51:36] [GUARDIAN] ¡ALERTA OUROBOROS! process_watchdog.py ha caído. Resucitándolo de inmediato.
[2026-06-04 16:51:36] [GUARDIAN] Watchdog resucitado con éxito.
[2026-06-04 16:52:06] [GUARDIAN] ALERTA: Daemon guardian modificado externamente
[2026-06-04 16:52:06] [GUARDIAN] *** MODO CUARENTENA ACTIVADO ***
[2026-06-04 16:52:06] [GUARDIAN] ¡ALERTA OUROBOROS! process_watchdog.py ha caído. Resucitándolo de inmediato.
[2026-06-04 16:52:06] [GUARDIAN] Watchdog resucitado con éxito.
[2026-06-04 16:52:36] [GUARDIAN] ALERTA: Daemon guardian modificado externamente
[2026-06-04 16:52:36] [GUARDIAN] *** MODO CUARENTENA ACTIVADO ***
[2026-06-04 16:52:36] [GUARDIAN] ¡ALERTA OUROBOROS! process_watchdog.py ha caído. Resucitándolo de inmediato.
[2026-06-04 16:52:36] [GUARDIAN] Watchdog resucitado con éxito.
[2026-06-04 16:53:06] [GUARDIAN] ALERTA: Daemon guardian modificado externamente
[2026-06-04 16:53:06] [GUARDIAN] *** MODO CUARENTENA ACTIVADO ***
[2026-06-04 16:53:06] [GUARDIAN] ¡ALERTA OUROBOROS! process_watchdog.py ha caído. Resucitándolo de inmediato.
[2026-06-04 16:53:06] [GUARDIAN] Watchdog resucitado con éxito.
[2026-06-04 16:53:36] [GUARDIAN] ALERTA: Daemon guardian modificado externamente
[2026-06-04 16:53:36] [GUARDIAN] *** MODO CUARENTENA ACTIVADO ***
[2026-06-04 16:53:36] [GUARDIAN] ¡ALERTA OUROBOROS! process_watchdog.py ha caído. Resucitándolo de inmediato.
[2026-06-04 16:53:36] [GUARDIAN] Watchdog resucitado con éxito.
[2026-06-04 16:54:06] [GUARDIAN] ALERTA: Daemon guardian modificado externamente
[2026-06-04 16:54:06] [GUARDIAN] *** MODO CUARENTENA ACTIVADO ***
[2026-06-04 16:54:06] [GUARDIAN] ¡ALERTA OUROBOROS! process_watchdog.py ha caído. Resucitándolo de inmediato.
[2026-06-04 16:54:06] [GUARDIAN] Watchdog resucitado con éxito.
[2026-06-04 16:54:36] [GUARDIAN] ALERTA: Daemon guardian modificado externamente
[2026-06-04 16:54:36] [GUARDIAN] *** MODO CUARENTENA ACTIVADO ***
[2026-06-04 16:54:36] [GUARDIAN] ¡ALERTA OUROBOROS! process_watchdog.py ha caído. Resucitándolo de inmediato.
[2026-06-04 16:54:36] [GUARDIAN] Watchdog resucitado con éxito.
[2026-06-04 16:55:06] [GUARDIAN] ALERTA: Daemon guardian modificado externamente
[2026-06-04 16:55:06] [GUARDIAN] *** MODO CUARENTENA ACTIVADO ***
[2026-06-04 16:55:06] [GUARDIAN] ¡ALERTA OUROBOROS! process_watchdog.py ha caído. Resucitándolo de inmediato.
[2026-06-04 16:55:06] [GUARDIAN] Watchdog resucitado con éxito.
[2026-06-04 16:55:36] [GUARDIAN] ALERTA: Daemon guardian modificado externamente
[2026-06-04 16:55:36] [GUARDIAN] *** MODO CUARENTENA ACTIVADO ***
[2026-06-04 16:55:37] [GUARDIAN] ¡ALERTA OUROBOROS! process_watchdog.py ha caído. Resucitándolo de inmediato.
[2026-06-04 16:55:37] [GUARDIAN] Watchdog resucitado con éxito.
[2026-06-04 16:56:07] [GUARDIAN] ALERTA: Daemon guardian modificado externamente
[2026-06-04 16:56:07] [GUARDIAN] *** MODO CUARENTENA ACTIVADO ***
[2026-06-04 16:56:07] [GUARDIAN] ¡ALERTA OUROBOROS! process_watchdog.py ha caído. Resucitándolo de inmediato.
[2026-06-04 16:56:07] [GUARDIAN] Watchdog resucitado con éxito.
[2026-06-04 16:56:37] [GUARDIAN] ALERTA: Daemon guardian modificado externamente
[2026-06-04 16:56:37] [GUARDIAN] *** MODO CUARENTENA ACTIVADO ***
[2026-06-04 16:56:37] [GUARDIAN] ¡ALERTA OUROBOROS! process_watchdog.py ha caído. Resucitándolo de inmediato.
[2026-06-04 16:56:37] [GUARDIAN] Watchdog resucitado con éxito.
[2026-06-04 16:57:07] [GUARDIAN] ALERTA: Daemon guardian modificado externamente
[2026-06-04 16:57:07] [GUARDIAN] *** MODO CUARENTENA ACTIVADO ***
[2026-06-04 16:57:07] [GUARDIAN] ¡ALERTA OUROBOROS! process_watchdog.py ha caído. Resucitándolo de inmediato.
[2026-06-04 16:57:07] [GUARDIAN] Watchdog resucitado con éxito.
[2026-06-04 16:57:37] [GUARDIAN] ALERTA: Daemon guardian modificado externamente
[2026-06-04 16:57:37] [GUARDIAN] *** MODO CUARENTENA ACTIVADO ***
[2026-06-04 16:57:37] [GUARDIAN] ¡ALERTA OUROBOROS! process_watchdog.py ha caído. Resucitándolo de inmediato.
[2026-06-04 16:57:37] [GUARDIAN] Watchdog resucitado con éxito.
[2026-06-04 16:58:07] [GUARDIAN] ALERTA: Daemon guardian modificado externamente
[2026-06-04 16:58:07] [GUARDIAN] *** MODO CUARENTENA ACTIVADO ***
[2026-06-04 16:58:07] [GUARDIAN] ¡ALERTA OUROBOROS! process_watchdog.py ha caído. Resucitándolo de inmediato.
[2026-06-04 16:58:07] [GUARDIAN] Watchdog resucitado con éxito.
[2026-06-04 16:58:37] [GUARDIAN] ALERTA: Daemon guardian modificado externamente
[2026-06-04 16:58:37] [GUARDIAN] *** MODO CUARENTENA ACTIVADO ***
[2026-06-04 16:58:37] [GUARDIAN] ¡ALERTA OUROBOROS! process_watchdog.py ha caído. Resucitándolo de inmediato.
[2026-06-04 16:58:37] [GUARDIAN] Watchdog resucitado con éxito.
[2026-06-04 16:59:07] [GUARDIAN] ALERTA: Daemon guardian modificado externamente
[2026-06-04 16:59:07] [GUARDIAN] *** MODO CUARENTENA ACTIVADO ***
[2026-06-04 16:59:07] [GUARDIAN] ¡ALERTA OUROBOROS! process_watchdog.py ha caído. Resucitándolo de inmediato.
[2026-06-04 16:59:07] [GUARDIAN] Watchdog resucitado con éxito.
[2026-06-04 16:59:37] [GUARDIAN] ALERTA: Daemon guardian modificado externamente
[2026-06-04 16:59:37] [GUARDIAN] *** MODO CUARENTENA ACTIVADO ***
[2026-06-04 16:59:37] [GUARDIAN] ¡ALERTA OUROBOROS! process_watchdog.py ha caído. Resucitándolo de inmediato.
[2026-06-04 16:59:37] [GUARDIAN] Watchdog resucitado con éxito.
[2026-06-04 17:00:07] [GUARDIAN] ALERTA: Daemon guardian modificado externamente
[2026-06-04 17:00:07] [GUARDIAN] *** MODO CUARENTENA ACTIVADO ***
[2026-06-04 17:00:07] [GUARDIAN] ¡ALERTA OUROBOROS! process_watchdog.py ha caído. Resucitándolo de inmediato.
[2026-06-04 17:00:07] [GUARDIAN] Watchdog resucitado con éxito.
[2026-06-04 17:00:37] [GUARDIAN] ALERTA: Daemon guardian modificado externamente
[2026-06-04 17:00:37] [GUARDIAN] *** MODO CUARENTENA ACTIVADO ***
[2026-06-04 17:00:37] [GUARDIAN] ¡ALERTA OUROBOROS! process_watchdog.py ha caído. Resucitándolo de inmediato.
[2026-06-04 17:00:37] [GUARDIAN] Watchdog resucitado con éxito.
[2026-06-04 17:01:07] [GUARDIAN] ALERTA: Daemon guardian modificado externamente
[2026-06-04 17:01:07] [GUARDIAN] *** MODO CUARENTENA ACTIVADO ***
[2026-06-04 17:01:07] [GUARDIAN] ¡ALERTA OUROBOROS! process_watchdog.py ha caído. Resucitándolo de inmediato.
[2026-06-04 17:01:07] [GUARDIAN] Watchdog resucitado con éxito.
[2026-06-04 17:01:37] [GUARDIAN] ALERTA: Daemon guardian modificado externamente
[2026-06-04 17:01:37] [GUARDIAN] *** MODO CUARENTENA ACTIVADO ***
[2026-06-04 17:01:37] [GUARDIAN] ¡ALERTA OUROBOROS! process_watchdog.py ha caído. Resucitándolo de inmediato.
[2026-06-04 17:01:37] [GUARDIAN] Watchdog resucitado con éxito.
[2026-06-04 17:02:07] [GUARDIAN] ALERTA: Daemon guardian modificado externamente
[2026-06-04 17:02:07] [GUARDIAN] *** MODO CUARENTENA ACTIVADO ***
[2026-06-04 17:02:07] [GUARDIAN] ¡ALERTA OUROBOROS! process_watchdog.py ha caído. Resucitándolo de inmediato.
[2026-06-04 17:02:07] [GUARDIAN] Watchdog resucitado con éxito.
[2026-06-04 17:02:37] [GUARDIAN] ALERTA: Daemon guardian modificado externamente
[2026-06-04 17:02:37] [GUARDIAN] *** MODO CUARENTENA ACTIVADO ***
[2026-06-04 17:02:37] [GUARDIAN] ¡ALERTA OUROBOROS! process_watchdog.py ha caído. Resucitándolo de inmediato.
[2026-06-04 17:02:37] [GUARDIAN] Watchdog resucitado con éxito.
[2026-06-04 17:03:07] [GUARDIAN] ALERTA: Daemon guardian modificado externamente
[2026-06-04 17:03:07] [GUARDIAN] *** MODO CUARENTENA ACTIVADO ***
[2026-06-04 17:03:07] [GUARDIAN] ¡ALERTA OUROBOROS! process_watchdog.py ha caído. Resucitándolo de inmediato.
[2026-06-04 17:03:07] [GUARDIAN] Watchdog resucitado con éxito.
[2026-06-04 17:03:37] [GUARDIAN] ALERTA: Daemon guardian modificado externamente
[2026-06-04 17:03:37] [GUARDIAN] *** MODO CUARENTENA ACTIVADO ***
[2026-06-04 17:03:37] [GUARDIAN] ¡ALERTA OUROBOROS! process_watchdog.py ha caído. Resucitándolo de inmediato.
[2026-06-04 17:03:37] [GUARDIAN] Watchdog resucitado con éxito.
[2026-06-04 17:04:07] [GUARDIAN] ALERTA: Daemon guardian modificado externamente
[2026-06-04 17:04:07] [GUARDIAN] *** MODO CUARENTENA ACTIVADO ***
[2026-06-04 17:04:07] [GUARDIAN] ¡ALERTA OUROBOROS! process_watchdog.py ha caído. Resucitándolo de inmediato.
[2026-06-04 17:04:07] [GUARDIAN] Watchdog resucitado con éxito.
[2026-06-04 17:04:37] [GUARDIAN] ALERTA: Daemon guardian modificado externamente
[2026-06-04 17:04:37] [GUARDIAN] *** MODO CUARENTENA ACTIVADO ***
[2026-06-04 17:04:37] [GUARDIAN] ¡ALERTA OUROBOROS! process_watchdog.py ha caído. Resucitándolo de inmediato.
[2026-06-04 17:04:37] [GUARDIAN] Watchdog resucitado con éxito.
[2026-06-04 17:05:07] [GUARDIAN] ALERTA: Daemon guardian modificado externamente
[2026-06-04 17:05:07] [GUARDIAN] *** MODO CUARENTENA ACTIVADO ***
[2026-06-04 17:05:07] [GUARDIAN] ¡ALERTA OUROBOROS! process_watchdog.py ha caído. Resucitándolo de inmediato.
[2026-06-04 17:05:07] [GUARDIAN] Watchdog resucitado con éxito.
[2026-06-04 17:05:37] [GUARDIAN] ALERTA: Daemon guardian modificado externamente
[2026-06-04 17:05:37] [GUARDIAN] *** MODO CUARENTENA ACTIVADO ***
[2026-06-04 17:05:37] [GUARDIAN] ¡ALERTA OUROBOROS! process_watchdog.py ha caído. Resucitándolo de inmediato.
[2026-06-04 17:05:37] [GUARDIAN] Watchdog resucitado con éxito.
[2026-06-04 17:06:07] [GUARDIAN] ALERTA: Daemon guardian modificado externamente
[2026-06-04 17:06:07] [GUARDIAN] *** MODO CUARENTENA ACTIVADO ***
[2026-06-04 17:06:07] [GUARDIAN] ¡ALERTA OUROBOROS! process_watchdog.py ha caído. Resucitándolo de inmediato.
[2026-06-04 17:06:07] [GUARDIAN] Watchdog resucitado con éxito.
[2026-06-04 17:06:37] [GUARDIAN] ALERTA: Daemon guardian modificado externamente
[2026-06-04 17:06:37] [GUARDIAN] *** MODO CUARENTENA ACTIVADO ***
[2026-06-04 17:06:37] [GUARDIAN] ¡ALERTA OUROBOROS! process_watchdog.py ha caído. Resucitándolo de inmediato.
[2026-06-04 17:06:37] [GUARDIAN] Watchdog resucitado con éxito.
[2026-06-04 17:07:07] [GUARDIAN] ALERTA: Daemon guardian modificado externamente
[2026-06-04 17:07:07] [GUARDIAN] *** MODO CUARENTENA ACTIVADO ***
[2026-06-04 17:07:08] [GUARDIAN] ¡ALERTA OUROBOROS! process_watchdog.py ha caído. Resucitándolo de inmediato.
[2026-06-04 17:07:08] [GUARDIAN] Watchdog resucitado con éxito.
[2026-06-04 17:07:38] [GUARDIAN] ALERTA: Daemon guardian modificado externamente
[2026-06-04 17:07:38] [GUARDIAN] *** MODO CUARENTENA ACTIVADO ***
[2026-06-04 17:07:38] [GUARDIAN] ¡ALERTA OUROBOROS! process_watchdog.py ha caído. Resucitándolo de inmediato.
[2026-06-04 17:07:38] [GUARDIAN] Watchdog resucitado con éxito.
[2026-06-04 17:08:08] [GUARDIAN] ALERTA: Daemon guardian modificado externamente
[2026-06-04 17:08:08] [GUARDIAN] *** MODO CUARENTENA ACTIVADO ***
[2026-06-04 17:08:08] [GUARDIAN] ¡ALERTA OUROBOROS! process_watchdog.py ha caído. Resucitándolo de inmediato.
[2026-06-04 17:08:08] [GUARDIAN] Watchdog resucitado con éxito.
[2026-06-04 17:08:38] [GUARDIAN] ALERTA: Daemon guardian modificado externamente
[2026-06-04 17:08:38] [GUARDIAN] *** MODO CUARENTENA ACTIVADO ***
[2026-06-04 17:08:38] [GUARDIAN] ¡ALERTA OUROBOROS! process_watchdog.py ha caído. Resucitándolo de inmediato.
[2026-06-04 17:08:38] [GUARDIAN] Watchdog resucitado con éxito.
[2026-06-04 17:09:08] [GUARDIAN] ALERTA: Daemon guardian modificado externamente
[2026-06-04 17:09:08] [GUARDIAN] *** MODO CUARENTENA ACTIVADO ***
[2026-06-04 17:09:08] [GUARDIAN] ¡ALERTA OUROBOROS! process_watchdog.py ha caído. Resucitándolo de inmediato.
[2026-06-04 17:09:08] [GUARDIAN] Watchdog resucitado con éxito.
[2026-06-04 17:09:38] [GUARDIAN] ALERTA: Daemon guardian modificado externamente
[2026-06-04 17:09:38] [GUARDIAN] *** MODO CUARENTENA ACTIVADO ***
[2026-06-04 17:09:38] [GUARDIAN] ¡ALERTA OUROBOROS! process_watchdog.py ha caído. Resucitándolo de inmediato.
[2026-06-04 17:09:38] [GUARDIAN] Watchdog resucitado con éxito.
[2026-06-04 17:10:08] [GUARDIAN] ALERTA: Daemon guardian modificado externamente
[2026-06-04 17:10:08] [GUARDIAN] *** MODO CUARENTENA ACTIVADO ***
[2026-06-04 17:10:08] [GUARDIAN] ¡ALERTA OUROBOROS! process_watchdog.py ha caído. Resucitándolo de inmediato.
[2026-06-04 17:10:08] [GUARDIAN] Watchdog resucitado con éxito.
[2026-06-04 17:10:38] [GUARDIAN] ALERTA: Daemon guardian modificado externamente
[2026-06-04 17:10:38] [GUARDIAN] *** MODO CUARENTENA ACTIVADO ***
[2026-06-04 17:10:38] [GUARDIAN] ¡ALERTA OUROBOROS! process_watchdog.py ha caído. Resucitándolo de inmediato.
[2026-06-04 17:10:38] [GUARDIAN] Watchdog resucitado con éxito.
[2026-06-04 17:11:08] [GUARDIAN] ALERTA: Daemon guardian modificado externamente
[2026-06-04 17:11:08] [GUARDIAN] *** MODO CUARENTENA ACTIVADO ***
[2026-06-04 17:11:08] [GUARDIAN] ¡ALERTA OUROBOROS! process_watchdog.py ha caído. Resucitándolo de inmediato.
[2026-06-04 17:11:08] [GUARDIAN] Watchdog resucitado con éxito.
[2026-06-04 17:11:38] [GUARDIAN] ALERTA: Daemon guardian modificado externamente
[2026-06-04 17:11:38] [GUARDIAN] *** MODO CUARENTENA ACTIVADO ***
[2026-06-04 17:11:38] [GUARDIAN] ¡ALERTA OUROBOROS! process_watchdog.py ha caído. Resucitándolo de inmediato.
[2026-06-04 17:11:38] [GUARDIAN] Watchdog resucitado con éxito.
[2026-06-04 17:12:08] [GUARDIAN] ALERTA: Daemon guardian modificado externamente
[2026-06-04 17:12:08] [GUARDIAN] *** MODO CUARENTENA ACTIVADO ***
[2026-06-04 17:12:08] [GUARDIAN] ¡ALERTA OUROBOROS! process_watchdog.py ha caído. Resucitándolo de inmediato.
[2026-06-04 17:12:08] [GUARDIAN] Watchdog resucitado con éxito.
[2026-06-04 17:12:38] [GUARDIAN] ALERTA: Daemon guardian modificado externamente
[2026-06-04 17:12:38] [GUARDIAN] *** MODO CUARENTENA ACTIVADO ***
[2026-06-04 17:12:38] [GUARDIAN] ¡ALERTA OUROBOROS! process_watchdog.py ha caído. Resucitándolo de inmediato.
[2026-06-04 17:12:38] [GUARDIAN] Watchdog resucitado con éxito.
[2026-06-04 17:13:08] [GUARDIAN] ALERTA: Daemon guardian modificado externamente
[2026-06-04 17:13:08] [GUARDIAN] *** MODO CUARENTENA ACTIVADO ***
[2026-06-04 17:13:08] [GUARDIAN] ¡ALERTA OUROBOROS! process_watchdog.py ha caído. Resucitándolo de inmediato.
[2026-06-04 17:13:08] [GUARDIAN] Watchdog resucitado con éxito.
[2026-06-04 17:13:38] [GUARDIAN] ALERTA: Daemon guardian modificado externamente
[2026-06-04 17:13:38] [GUARDIAN] *** MODO CUARENTENA ACTIVADO ***
[2026-06-04 17:13:38] [GUARDIAN] ¡ALERTA OUROBOROS! process_watchdog.py ha caído. Resucitándolo de inmediato.
[2026-06-04 17:13:38] [GUARDIAN] Watchdog resucitado con éxito.
[2026-06-04 17:14:08] [GUARDIAN] ALERTA: Daemon guardian modificado externamente
[2026-06-04 17:14:08] [GUARDIAN] *** MODO CUARENTENA ACTIVADO ***
[2026-06-04 17:14:08] [GUARDIAN] ¡ALERTA OUROBOROS! process_watchdog.py ha caído. Resucitándolo de inmediato.
[2026-06-04 17:14:08] [GUARDIAN] Watchdog resucitado con éxito.
[2026-06-04 17:14:38] [GUARDIAN] ALERTA: Daemon guardian modificado externamente
[2026-06-04 17:14:38] [GUARDIAN] *** MODO CUARENTENA ACTIVADO ***
[2026-06-04 17:14:38] [GUARDIAN] ¡ALERTA OUROBOROS! process_watchdog.py ha caído. Resucitándolo de inmediato.
[2026-06-04 17:14:38] [GUARDIAN] Watchdog resucitado con éxito.
[2026-06-04 17:15:08] [GUARDIAN] ALERTA: Daemon guardian modificado externamente
[2026-06-04 17:15:08] [GUARDIAN] *** MODO CUARENTENA ACTIVADO ***
[2026-06-04 17:15:08] [GUARDIAN] ¡ALERTA OUROBOROS! process_watchdog.py ha caído. Resucitándolo de inmediato.
[2026-06-04 17:15:08] [GUARDIAN] Watchdog resucitado con éxito.
[2026-06-04 17:15:38] [GUARDIAN] ALERTA: Daemon guardian modificado externamente
[2026-06-04 17:15:38] [GUARDIAN] *** MODO CUARENTENA ACTIVADO ***
[2026-06-04 17:15:38] [GUARDIAN] ¡ALERTA OUROBOROS! process_watchdog.py ha caído. Resucitándolo de inmediato.
[2026-06-04 17:15:38] [GUARDIAN] Watchdog resucitado con éxito.
[2026-06-04 17:16:08] [GUARDIAN] ALERTA: Daemon guardian modificado externamente
[2026-06-04 17:16:08] [GUARDIAN] *** MODO CUARENTENA ACTIVADO ***
[2026-06-04 17:16:08] [GUARDIAN] ¡ALERTA OUROBOROS! process_watchdog.py ha caído. Resucitándolo de inmediato.
[2026-06-04 17:16:08] [GUARDIAN] Watchdog resucitado con éxito.
[2026-06-04 17:16:38] [GUARDIAN] ALERTA: Daemon guardian modificado externamente
[2026-06-04 17:16:38] [GUARDIAN] *** MODO CUARENTENA ACTIVADO ***
[2026-06-04 17:16:38] [GUARDIAN] ¡ALERTA OUROBOROS! process_watchdog.py ha caído. Resucitándolo de inmediato.
[2026-06-04 17:16:38] [GUARDIAN] Watchdog resucitado con éxito.
[2026-06-04 17:17:08] [GUARDIAN] ALERTA: Daemon guardian modificado externamente
[2026-06-04 17:17:08] [GUARDIAN] *** MODO CUARENTENA ACTIVADO ***
[2026-06-04 17:17:08] [GUARDIAN] ¡ALERTA OUROBOROS! process_watchdog.py ha caído. Resucitándolo de inmediato.
[2026-06-04 17:17:08] [GUARDIAN] Watchdog resucitado con éxito.
[2026-06-04 17:17:38] [GUARDIAN] ALERTA: Daemon guardian modificado externamente
[2026-06-04 17:17:38] [GUARDIAN] *** MODO CUARENTENA ACTIVADO ***
[2026-06-04 17:17:38] [GUARDIAN] ¡ALERTA OUROBOROS! process_watchdog.py ha caído. Resucitándolo de inmediato.
[2026-06-04 17:17:38] [GUARDIAN] Watchdog resucitado con éxito.
[2026-06-04 17:18:08] [GUARDIAN] ALERTA: Daemon guardian modificado externamente
[2026-06-04 17:18:08] [GUARDIAN] *** MODO CUARENTENA ACTIVADO ***
[2026-06-04 17:18:08] [GUARDIAN] ¡ALERTA OUROBOROS! process_watchdog.py ha caído. Resucitándolo de inmediato.
[2026-06-04 17:18:08] [GUARDIAN] Watchdog resucitado con éxito.
[2026-06-04 17:18:38] [GUARDIAN] ALERTA: Daemon guardian modificado externamente
[2026-06-04 17:18:38] [GUARDIAN] *** MODO CUARENTENA ACTIVADO ***
[2026-06-04 17:18:39] [GUARDIAN] ¡ALERTA OUROBOROS! process_watchdog.py ha caído. Resucitándolo de inmediato.
[2026-06-04 17:18:39] [GUARDIAN] Watchdog resucitado con éxito.
[2026-06-04 17:19:09] [GUARDIAN] ALERTA: Daemon guardian modificado externamente
[2026-06-04 17:19:09] [GUARDIAN] *** MODO CUARENTENA ACTIVADO ***
[2026-06-04 17:19:09] [GUARDIAN] ¡ALERTA OUROBOROS! process_watchdog.py ha caído. Resucitándolo de inmediato.
[2026-06-04 17:19:09] [GUARDIAN] Watchdog resucitado con éxito.
[2026-06-04 17:19:39] [GUARDIAN] ALERTA: Daemon guardian modificado externamente
[2026-06-04 17:19:39] [GUARDIAN] *** MODO CUARENTENA ACTIVADO ***
[2026-06-04 17:19:39] [GUARDIAN] ¡ALERTA OUROBOROS! process_watchdog.py ha caído. Resucitándolo de inmediato.
[2026-06-04 17:19:39] [GUARDIAN] Watchdog resucitado con éxito.
[2026-06-04 17:20:09] [GUARDIAN] ALERTA: Daemon guardian modificado externamente
[2026-06-04 17:20:09] [GUARDIAN] *** MODO CUARENTENA ACTIVADO ***
[2026-06-04 17:20:09] [GUARDIAN] ¡ALERTA OUROBOROS! process_watchdog.py ha caído. Resucitándolo de inmediato.
[2026-06-04 17:20:09] [GUARDIAN] Watchdog resucitado con éxito.
[2026-06-04 17:20:39] [GUARDIAN] ALERTA: Daemon guardian modificado externamente
[2026-06-04 17:20:39] [GUARDIAN] *** MODO CUARENTENA ACTIVADO ***
[2026-06-04 17:20:39] [GUARDIAN] ¡ALERTA OUROBOROS! process_watchdog.py ha caído. Resucitándolo de inmediato.
[2026-06-04 17:20:39] [GUARDIAN] Watchdog resucitado con éxito.
[2026-06-04 17:21:09] [GUARDIAN] ALERTA: Daemon guardian modificado externamente
[2026-06-04 17:21:09] [GUARDIAN] *** MODO CUARENTENA ACTIVADO ***
[2026-06-04 17:21:09] [GUARDIAN] ¡ALERTA OUROBOROS! process_watchdog.py ha caído. Resucitándolo de inmediato.
[2026-06-04 17:21:09] [GUARDIAN] Watchdog resucitado con éxito.
[2026-06-04 17:21:39] [GUARDIAN] ALERTA: Daemon guardian modificado externamente
[2026-06-04 17:21:39] [GUARDIAN] *** MODO CUARENTENA ACTIVADO ***
[2026-06-04 17:21:39] [GUARDIAN] ¡ALERTA OUROBOROS! process_watchdog.py ha caído. Resucitándolo de inmediato.
[2026-06-04 17:21:39] [GUARDIAN] Watchdog resucitado con éxito.
[2026-06-04 17:22:09] [GUARDIAN] ALERTA: Daemon guardian modificado externamente
[2026-06-04 17:22:09] [GUARDIAN] *** MODO CUARENTENA ACTIVADO ***
[2026-06-04 17:22:09] [GUARDIAN] ¡ALERTA OUROBOROS! process_watchdog.py ha caído. Resucitándolo de inmediato.
[2026-06-04 17:22:09] [GUARDIAN] Watchdog resucitado con éxito.
[2026-06-04 17:22:39] [GUARDIAN] ALERTA: Daemon guardian modificado externamente
[2026-06-04 17:22:39] [GUARDIAN] *** MODO CUARENTENA ACTIVADO ***
[2026-06-04 17:22:39] [GUARDIAN] ¡ALERTA OUROBOROS! process_watchdog.py ha caído. Resucitándolo de inmediato.
[2026-06-04 17:22:39] [GUARDIAN] Watchdog resucitado con éxito.
[2026-06-04 17:23:09] [GUARDIAN] ALERTA: Daemon guardian modificado externamente
[2026-06-04 17:23:09] [GUARDIAN] *** MODO CUARENTENA ACTIVADO ***
[2026-06-04 17:23:09] [GUARDIAN] ¡ALERTA OUROBOROS! process_watchdog.py ha caído. Resucitándolo de inmediato.
[2026-06-04 17:23:09] [GUARDIAN] Watchdog resucitado con éxito.
[2026-06-04 17:23:39] [GUARDIAN] ALERTA: Daemon guardian modificado externamente
[2026-06-04 17:23:39] [GUARDIAN] *** MODO CUARENTENA ACTIVADO ***
[2026-06-04 17:23:39] [GUARDIAN] ¡ALERTA OUROBOROS! process_watchdog.py ha caído. Resucitándolo de inmediato.
[2026-06-04 17:23:39] [GUARDIAN] Watchdog resucitado con éxito.
[2026-06-04 17:24:09] [GUARDIAN] ALERTA: Daemon guardian modificado externamente
[2026-06-04 17:24:09] [GUARDIAN] *** MODO CUARENTENA ACTIVADO ***
[2026-06-04 17:24:09] [GUARDIAN] ¡ALERTA OUROBOROS! process_watchdog.py ha caído. Resucitándolo de inmediato.
[2026-06-04 17:24:09] [GUARDIAN] Watchdog resucitado con éxito.
[2026-06-04 17:24:39] [GUARDIAN] ALERTA: Daemon guardian modificado externamente
[2026-06-04 17:24:39] [GUARDIAN] *** MODO CUARENTENA ACTIVADO ***
[2026-06-04 17:24:39] [GUARDIAN] ¡ALERTA OUROBOROS! process_watchdog.py ha caído. Resucitándolo de inmediato.
[2026-06-04 17:24:39] [GUARDIAN] Watchdog resucitado con éxito.
[2026-06-04 17:25:09] [GUARDIAN] ALERTA: Daemon guardian modificado externamente
[2026-06-04 17:25:09] [GUARDIAN] *** MODO CUARENTENA ACTIVADO ***
[2026-06-04 17:25:09] [GUARDIAN] ¡ALERTA OUROBOROS! process_watchdog.py ha caído. Resucitándolo de inmediato.
[2026-06-04 17:25:09] [GUARDIAN] Watchdog resucitado con éxito.
[2026-06-04 17:25:39] [GUARDIAN] ALERTA: Daemon guardian modificado externamente
[2026-06-04 17:25:39] [GUARDIAN] *** MODO CUARENTENA ACTIVADO ***
[2026-06-04 17:25:39] [GUARDIAN] ¡ALERTA OUROBOROS! process_watchdog.py ha caído. Resucitándolo de inmediato.
[2026-06-04 17:25:39] [GUARDIAN] Watchdog resucitado con éxito.
[2026-06-04 17:26:09] [GUARDIAN] ALERTA: Daemon guardian modificado externamente
[2026-06-04 17:26:09] [GUARDIAN] *** MODO CUARENTENA ACTIVADO ***
[2026-06-04 17:26:09] [GUARDIAN] ¡ALERTA OUROBOROS! process_watchdog.py ha caído. Resucitándolo de inmediato.
[2026-06-04 17:26:09] [GUARDIAN] Watchdog resucitado con éxito.
[2026-06-04 17:26:39] [GUARDIAN] ALERTA: Daemon guardian modificado externamente
[2026-06-04 17:26:39] [GUARDIAN] *** MODO CUARENTENA ACTIVADO ***
[2026-06-04 17:26:39] [GUARDIAN] ¡ALERTA OUROBOROS! process_watchdog.py ha caído. Resucitándolo de inmediato.
[2026-06-04 17:26:39] [GUARDIAN] Watchdog resucitado con éxito.
[2026-06-04 17:27:09] [GUARDIAN] ALERTA: Daemon guardian modificado externamente
[2026-06-04 17:27:09] [GUARDIAN] *** MODO CUARENTENA ACTIVADO ***
[2026-06-04 17:27:09] [GUARDIAN] ¡ALERTA OUROBOROS! process_watchdog.py ha caído. Resucitándolo de inmediato.
[2026-06-04 17:27:09] [GUARDIAN] Watchdog resucitado con éxito.
[2026-06-04 17:27:39] [GUARDIAN] ALERTA: Daemon guardian modificado externamente
[2026-06-04 17:27:39] [GUARDIAN] *** MODO CUARENTENA ACTIVADO ***
[2026-06-04 17:27:39] [GUARDIAN] ¡ALERTA OUROBOROS! process_watchdog.py ha caído. Resucitándolo de inmediato.
[2026-06-04 17:27:39] [GUARDIAN] Watchdog resucitado con éxito.
[2026-06-04 17:28:09] [GUARDIAN] ALERTA: Daemon guardian modificado externamente
[2026-06-04 17:28:09] [GUARDIAN] *** MODO CUARENTENA ACTIVADO ***
[2026-06-04 17:28:09] [GUARDIAN] ¡ALERTA OUROBOROS! process_watchdog.py ha caído. Resucitándolo de inmediato.
[2026-06-04 17:28:09] [GUARDIAN] Watchdog resucitado con éxito.
[2026-06-04 17:28:39] [GUARDIAN] ALERTA: Daemon guardian modificado externamente
[2026-06-04 17:28:39] [GUARDIAN] *** MODO CUARENTENA ACTIVADO ***
[2026-06-04 17:28:39] [GUARDIAN] ¡ALERTA OUROBOROS! process_watchdog.py ha caído. Resucitándolo de inmediato.
[2026-06-04 17:28:39] [GUARDIAN] Watchdog resucitado con éxito.
[2026-06-04 17:29:09] [GUARDIAN] ALERTA: Daemon guardian modificado externamente
[2026-06-04 17:29:09] [GUARDIAN] *** MODO CUARENTENA ACTIVADO ***
[2026-06-04 17:29:09] [GUARDIAN] ¡ALERTA OUROBOROS! process_watchdog.py ha caído. Resucitándolo de inmediato.
[2026-06-04 17:29:09] [GUARDIAN] Watchdog resucitado con éxito.
[2026-06-04 17:29:39] [GUARDIAN] ALERTA: Daemon guardian modificado externamente
[2026-06-04 17:29:39] [GUARDIAN] *** MODO CUARENTENA ACTIVADO ***
[2026-06-04 17:29:39] [GUARDIAN] ¡ALERTA OUROBOROS! process_watchdog.py ha caído. Resucitándolo de inmediato.
[2026-06-04 17:29:39] [GUARDIAN] Watchdog resucitado con éxito.
[2026-06-04 17:30:09] [GUARDIAN] ALERTA: Daemon guardian modificado externamente
[2026-06-04 17:30:09] [GUARDIAN] *** MODO CUARENTENA ACTIVADO ***
[2026-06-04 17:30:09] [GUARDIAN] ¡ALERTA OUROBOROS! process_watchdog.py ha caído. Resucitándolo de inmediato.
[2026-06-04 17:30:09] [GUARDIAN] Watchdog resucitado con éxito.
[2026-06-04 17:30:40] [GUARDIAN] ALERTA: Daemon guardian modificado externamente
[2026-06-04 17:30:40] [GUARDIAN] *** MODO CUARENTENA ACTIVADO ***
[2026-06-04 17:30:40] [GUARDIAN] ¡ALERTA OUROBOROS! process_watchdog.py ha caído. Resucitándolo de inmediato.
[2026-06-04 17:30:40] [GUARDIAN] Watchdog resucitado con éxito.
[2026-06-04 17:31:10] [GUARDIAN] ALERTA: Daemon guardian modificado externamente
[2026-06-04 17:31:10] [GUARDIAN] *** MODO CUARENTENA ACTIVADO ***
[2026-06-04 17:31:10] [GUARDIAN] ¡ALERTA OUROBOROS! process_watchdog.py ha caído. Resucitándolo de inmediato.
[2026-06-04 17:31:10] [GUARDIAN] Watchdog resucitado con éxito.
[2026-06-04 17:31:40] [GUARDIAN] ALERTA: Daemon guardian modificado externamente
[2026-06-04 17:31:40] [GUARDIAN] *** MODO CUARENTENA ACTIVADO ***
[2026-06-04 17:31:40] [GUARDIAN] ¡ALERTA OUROBOROS! process_watchdog.py ha caído. Resucitándolo de inmediato.
[2026-06-04 17:31:40] [GUARDIAN] Watchdog resucitado con éxito.
[2026-06-04 17:32:10] [GUARDIAN] ALERTA: Daemon guardian modificado externamente
[2026-06-04 17:32:10] [GUARDIAN] *** MODO CUARENTENA ACTIVADO ***
[2026-06-04 17:32:10] [GUARDIAN] ¡ALERTA OUROBOROS! process_watchdog.py ha caído. Resucitándolo de inmediato.
[2026-06-04 17:32:10] [GUARDIAN] Watchdog resucitado con éxito.
[2026-06-04 17:32:40] [GUARDIAN] ALERTA: Daemon guardian modificado externamente
[2026-06-04 17:32:40] [GUARDIAN] *** MODO CUARENTENA ACTIVADO ***
[2026-06-04 17:32:40] [GUARDIAN] ¡ALERTA OUROBOROS! process_watchdog.py ha caído. Resucitándolo de inmediato.
[2026-06-04 17:32:40] [GUARDIAN] Watchdog resucitado con éxito.
[2026-06-04 17:33:10] [GUARDIAN] ALERTA: Daemon guardian modificado externamente
[2026-06-04 17:33:10] [GUARDIAN] *** MODO CUARENTENA ACTIVADO ***
[2026-06-04 17:33:10] [GUARDIAN] ¡ALERTA OUROBOROS! process_watchdog.py ha caído. Resucitándolo de inmediato.
[2026-06-04 17:33:10] [GUARDIAN] Watchdog resucitado con éxito.
[2026-06-04 17:33:40] [GUARDIAN] ALERTA: Daemon guardian modificado externamente
[2026-06-04 17:33:40] [GUARDIAN] *** MODO CUARENTENA ACTIVADO ***
[2026-06-04 17:33:40] [GUARDIAN] ¡ALERTA OUROBOROS! process_watchdog.py ha caído. Resucitándolo de inmediato.
[2026-06-04 17:33:40] [GUARDIAN] Watchdog resucitado con éxito.
[2026-06-04 17:34:10] [GUARDIAN] ALERTA: Daemon guardian modificado externamente
[2026-06-04 17:34:10] [GUARDIAN] *** MODO CUARENTENA ACTIVADO ***
[2026-06-04 17:34:10] [GUARDIAN] ¡ALERTA OUROBOROS! process_watchdog.py ha caído. Resucitándolo de inmediato.
[2026-06-04 17:34:10] [GUARDIAN] Watchdog resucitado con éxito.
[2026-06-04 17:34:40] [GUARDIAN] ALERTA: Daemon guardian modificado externamente
[2026-06-04 17:34:40] [GUARDIAN] *** MODO CUARENTENA ACTIVADO ***
[2026-06-04 17:34:40] [GUARDIAN] ¡ALERTA OUROBOROS! process_watchdog.py ha caído. Resucitándolo de inmediato.
[2026-06-04 17:34:40] [GUARDIAN] Watchdog resucitado con éxito.
[2026-06-04 17:35:10] [GUARDIAN] ALERTA: Daemon guardian modificado externamente
[2026-06-04 17:35:10] [GUARDIAN] *** MODO CUARENTENA ACTIVADO ***
[2026-06-04 17:35:10] [GUARDIAN] ¡ALERTA OUROBOROS! process_watchdog.py ha caído. Resucitándolo de inmediato.
[2026-06-04 17:35:10] [GUARDIAN] Watchdog resucitado con éxito.
[2026-06-04 17:35:40] [GUARDIAN] ALERTA: Daemon guardian modificado externamente
[2026-06-04 17:35:40] [GUARDIAN] *** MODO CUARENTENA ACTIVADO ***
[2026-06-04 17:35:40] [GUARDIAN] ¡ALERTA OUROBOROS! process_watchdog.py ha caído. Resucitándolo de inmediato.
[2026-06-04 17:35:40] [GUARDIAN] Watchdog resucitado con éxito.
[2026-06-04 17:36:10] [GUARDIAN] ALERTA: Daemon guardian modificado externamente
[2026-06-04 17:36:10] [GUARDIAN] *** MODO CUARENTENA ACTIVADO ***
[2026-06-04 17:36:10] [GUARDIAN] ¡ALERTA OUROBOROS! process_watchdog.py ha caído. Resucitándolo de inmediato.
[2026-06-04 17:36:10] [GUARDIAN] Watchdog resucitado con éxito.
[2026-06-04 17:36:40] [GUARDIAN] ALERTA: Daemon guardian modificado externamente
[2026-06-04 17:36:40] [GUARDIAN] *** MODO CUARENTENA ACTIVADO ***
[2026-06-04 17:36:40] [GUARDIAN] ¡ALERTA OUROBOROS! process_watchdog.py ha caído. Resucitándolo de inmediato.
[2026-06-04 17:36:40] [GUARDIAN] Watchdog resucitado con éxito.
[2026-06-04 17:37:10] [GUARDIAN] ALERTA: Daemon guardian modificado externamente
[2026-06-04 17:37:10] [GUARDIAN] *** MODO CUARENTENA ACTIVADO ***
[2026-06-04 17:37:10] [GUARDIAN] ¡ALERTA OUROBOROS! process_watchdog.py ha caído. Resucitándolo de inmediato.
[2026-06-04 17:37:10] [GUARDIAN] Watchdog resucitado con éxito.
[2026-06-04 17:37:40] [GUARDIAN] ALERTA: Daemon guardian modificado externamente
[2026-06-04 17:37:40] [GUARDIAN] *** MODO CUARENTENA ACTIVADO ***
[2026-06-04 17:37:40] [GUARDIAN] ¡ALERTA OUROBOROS! process_watchdog.py ha caído. Resucitándolo de inmediato.
[2026-06-04 17:37:40] [GUARDIAN] Watchdog resucitado con éxito.
[2026-06-04 17:38:10] [GUARDIAN] ALERTA: Daemon guardian modificado externamente
[2026-06-04 17:38:10] [GUARDIAN] *** MODO CUARENTENA ACTIVADO ***
[2026-06-04 17:38:10] [GUARDIAN] ¡ALERTA OUROBOROS! process_watchdog.py ha caído. Resucitándolo de inmediato.
[2026-06-04 17:38:10] [GUARDIAN] Watchdog resucitado con éxito.
[2026-06-04 17:38:40] [GUARDIAN] ALERTA: Daemon guardian modificado externamente
[2026-06-04 17:38:40] [GUARDIAN] *** MODO CUARENTENA ACTIVADO ***
[2026-06-04 17:38:40] [GUARDIAN] ¡ALERTA OUROBOROS! process_watchdog.py ha caído. Resucitándolo de inmediato.
[2026-06-04 17:38:40] [GUARDIAN] Watchdog resucitado con éxito.
[2026-06-04 17:39:10] [GUARDIAN] ALERTA: Daemon guardian modificado externamente
[2026-06-04 17:39:10] [GUARDIAN] *** MODO CUARENTENA ACTIVADO ***
[2026-06-04 17:39:10] [GUARDIAN] ¡ALERTA OUROBOROS! process_watchdog.py ha caído. Resucitándolo de inmediato.
[2026-06-04 17:39:10] [GUARDIAN] Watchdog resucitado con éxito.
[2026-06-04 17:39:40] [GUARDIAN] ALERTA: Daemon guardian modificado externamente
[2026-06-04 17:39:40] [GUARDIAN] *** MODO CUARENTENA ACTIVADO ***
[2026-06-04 17:39:40] [GUARDIAN] ¡ALERTA OUROBOROS! process_watchdog.py ha caído. Resucitándolo de inmediato.
[2026-06-04 17:39:40] [GUARDIAN] Watchdog resucitado con éxito.
[2026-06-04 17:40:10] [GUARDIAN] ALERTA: Daemon guardian modificado externamente
[2026-06-04 17:40:10] [GUARDIAN] *** MODO CUARENTENA ACTIVADO ***
[2026-06-04 17:40:10] [GUARDIAN] ¡ALERTA OUROBOROS! process_watchdog.py ha caído. Resucitándolo de inmediato.
[2026-06-04 17:40:10] [GUARDIAN] Watchdog resucitado con éxito.
[2026-06-04 17:40:40] [GUARDIAN] ALERTA: Daemon guardian modificado externamente
[2026-06-04 17:40:40] [GUARDIAN] *** MODO CUARENTENA ACTIVADO ***
[2026-06-04 17:40:40] [GUARDIAN] ¡ALERTA OUROBOROS! process_watchdog.py ha caído. Resucitándolo de inmediato.
[2026-06-04 17:40:40] [GUARDIAN] Watchdog resucitado con éxito.
[2026-06-04 17:41:10] [GUARDIAN] ALERTA: Daemon guardian modificado externamente
[2026-06-04 17:41:10] [GUARDIAN] *** MODO CUARENTENA ACTIVADO ***
[2026-06-04 17:41:10] [GUARDIAN] ¡ALERTA OUROBOROS! process_watchdog.py ha caído. Resucitándolo de inmediato.
[2026-06-04 17:41:10] [GUARDIAN] Watchdog resucitado con éxito.
[2026-06-04 17:41:40] [GUARDIAN] ALERTA: Daemon guardian modificado externamente
[2026-06-04 17:41:40] [GUARDIAN] *** MODO CUARENTENA ACTIVADO ***
[2026-06-04 17:41:40] [GUARDIAN] ¡ALERTA OUROBOROS! process_watchdog.py ha caído. Resucitándolo de inmediato.
[2026-06-04 17:41:40] [GUARDIAN] Watchdog resucitado con éxito.
[2026-06-04 17:42:10] [GUARDIAN] ALERTA: Daemon guardian modificado externamente
[2026-06-04 17:42:10] [GUARDIAN] *** MODO CUARENTENA ACTIVADO ***
[2026-06-04 17:42:11] [GUARDIAN] ¡ALERTA OUROBOROS! process_watchdog.py ha caído. Resucitándolo de inmediato.
[2026-06-04 17:42:11] [GUARDIAN] Watchdog resucitado con éxito.
[2026-06-04 17:42:41] [GUARDIAN] ALERTA: Daemon guardian modificado externamente
[2026-06-04 17:42:41] [GUARDIAN] *** MODO CUARENTENA ACTIVADO ***
[2026-06-04 17:42:41] [GUARDIAN] ¡ALERTA OUROBOROS! process_watchdog.py ha caído. Resucitándolo de inmediato.
[2026-06-04 17:42:41] [GUARDIAN] Watchdog resucitado con éxito.
[2026-06-04 17:43:11] [GUARDIAN] ALERTA: Daemon guardian modificado externamente
[2026-06-04 17:43:11] [GUARDIAN] *** MODO CUARENTENA ACTIVADO ***
[2026-06-04 17:43:11] [GUARDIAN] ¡ALERTA OUROBOROS! process_watchdog.py ha caído. Resucitándolo de inmediato.
[2026-06-04 17:43:11] [GUARDIAN] Watchdog resucitado con éxito.
[2026-06-04 17:43:41] [GUARDIAN] ALERTA: Daemon guardian modificado externamente
[2026-06-04 17:43:41] [GUARDIAN] *** MODO CUARENTENA ACTIVADO ***
[2026-06-04 17:43:41] [GUARDIAN] ¡ALERTA OUROBOROS! process_watchdog.py ha caído. Resucitándolo de inmediato.
[2026-06-04 17:43:41] [GUARDIAN] Watchdog resucitado con éxito.
[2026-06-04 17:44:11] [GUARDIAN] ALERTA: Daemon guardian modificado externamente
[2026-06-04 17:44:11] [GUARDIAN] *** MODO CUARENTENA ACTIVADO ***
[2026-06-04 17:44:11] [GUARDIAN] ¡ALERTA OUROBOROS! process_watchdog.py ha caído. Resucitándolo de inmediato.
[2026-06-04 17:44:11] [GUARDIAN] Watchdog resucitado con éxito.
[2026-06-04 17:44:41] [GUARDIAN] ALERTA: Daemon guardian modificado externamente
[2026-06-04 17:44:41] [GUARDIAN] *** MODO CUARENTENA ACTIVADO ***
[2026-06-04 17:44:41] [GUARDIAN] ¡ALERTA OUROBOROS! process_watchdog.py ha caído. Resucitándolo de inmediato.
[2026-06-04 17:44:41] [GUARDIAN] Watchdog resucitado con éxito.
[2026-06-04 17:45:11] [GUARDIAN] ALERTA: Daemon guardian modificado externamente
[2026-06-04 17:45:11] [GUARDIAN] *** MODO CUARENTENA ACTIVADO ***
[2026-06-04 17:45:11] [GUARDIAN] ¡ALERTA OUROBOROS! process_watchdog.py ha caído. Resucitándolo de inmediato.
[2026-06-04 17:45:11] [GUARDIAN] Watchdog resucitado con éxito.
[2026-06-04 17:45:41] [GUARDIAN] ALERTA: Daemon guardian modificado externamente
[2026-06-04 17:45:41] [GUARDIAN] *** MODO CUARENTENA ACTIVADO ***
[2026-06-04 17:45:41] [GUARDIAN] ¡ALERTA OUROBOROS! process_watchdog.py ha caído. Resucitándolo de inmediato.
[2026-06-04 17:45:41] [GUARDIAN] Watchdog resucitado con éxito.
[2026-06-04 17:46:11] [GUARDIAN] ALERTA: Daemon guardian modificado externamente
[2026-06-04 17:46:11] [GUARDIAN] *** MODO CUARENTENA ACTIVADO ***
[2026-06-04 17:46:11] [GUARDIAN] ¡ALERTA OUROBOROS! process_watchdog.py ha caído. Resucitándolo de inmediato.
[2026-06-04 17:46:11] [GUARDIAN] Watchdog resucitado con éxito.
[2026-06-04 17:46:41] [GUARDIAN] ALERTA: Daemon guardian modificado externamente
[2026-06-04 17:46:41] [GUARDIAN] *** MODO CUARENTENA ACTIVADO ***
[2026-06-04 17:46:41] [GUARDIAN] ¡ALERTA OUROBOROS! process_watchdog.py ha caído. Resucitándolo de inmediato.
[2026-06-04 17:46:41] [GUARDIAN] Watchdog resucitado con éxito.
[2026-06-04 17:47:11] [GUARDIAN] ALERTA: Daemon guardian modificado externamente
[2026-06-04 17:47:11] [GUARDIAN] *** MODO CUARENTENA ACTIVADO ***
[2026-06-04 17:47:11] [GUARDIAN] ¡ALERTA OUROBOROS! process_watchdog.py ha caído. Resucitándolo de inmediato.
[2026-06-04 17:47:11] [GUARDIAN] Watchdog resucitado con éxito.
[2026-06-04 17:47:41] [GUARDIAN] ALERTA: Daemon guardian modificado externamente
[2026-06-04 17:47:41] [GUARDIAN] *** MODO CUARENTENA ACTIVADO ***
[2026-06-04 17:47:41] [GUARDIAN] ¡ALERTA OUROBOROS! process_watchdog.py ha caído. Resucitándolo de inmediato.
[2026-06-04 17:47:41] [GUARDIAN] Watchdog resucitado con éxito.
[2026-06-04 17:48:11] [GUARDIAN] ALERTA: Daemon guardian modificado externamente
[2026-06-04 17:48:11] [GUARDIAN] *** MODO CUARENTENA ACTIVADO ***
[2026-06-04 17:48:11] [GUARDIAN] ¡ALERTA OUROBOROS! process_watchdog.py ha caído. Resucitándolo de inmediato.
[2026-06-04 17:48:11] [GUARDIAN] Watchdog resucitado con éxito.
[2026-06-04 17:48:41] [GUARDIAN] ALERTA: Daemon guardian modificado externamente
[2026-06-04 17:48:41] [GUARDIAN] *** MODO CUARENTENA ACTIVADO ***
[2026-06-04 17:48:41] [GUARDIAN] ¡ALERTA OUROBOROS! process_watchdog.py ha caído. Resucitándolo de inmediato.
[2026-06-04 17:48:41] [GUARDIAN] Watchdog resucitado con éxito.
[2026-06-04 17:49:11] [GUARDIAN] ALERTA: Daemon guardian modificado externamente
[2026-06-04 17:49:11] [GUARDIAN] *** MODO CUARENTENA ACTIVADO ***
[2026-06-04 17:49:11] [GUARDIAN] ¡ALERTA OUROBOROS! process_watchdog.py ha caído. Resucitándolo de inmediato.
[2026-06-04 17:49:11] [GUARDIAN] Watchdog resucitado con éxito.
[2026-06-04 17:49:41] [GUARDIAN] ALERTA: Daemon guardian modificado externamente
[2026-06-04 17:49:41] [GUARDIAN] *** MODO CUARENTENA ACTIVADO ***
[2026-06-04 17:49:41] [GUARDIAN] ¡ALERTA OUROBOROS! process_watchdog.py ha caído. Resucitándolo de inmediato.
[2026-06-04 17:49:41] [GUARDIAN] Watchdog resucitado con éxito.
[2026-06-04 17:50:11] [GUARDIAN] ALERTA: Daemon guardian modificado externamente
[2026-06-04 17:50:11] [GUARDIAN] *** MODO CUARENTENA ACTIVADO ***
[2026-06-04 17:50:11] [GUARDIAN] ¡ALERTA OUROBOROS! process_watchdog.py ha caído. Resucitándolo de inmediato.
[2026-06-04 17:50:11] [GUARDIAN] Watchdog resucitado con éxito.
[2026-06-04 17:50:41] [GUARDIAN] ALERTA: Daemon guardian modificado externamente
[2026-06-04 17:50:41] [GUARDIAN] *** MODO CUARENTENA ACTIVADO ***
[2026-06-04 17:50:41] [GUARDIAN] ¡ALERTA OUROBOROS! process_watchdog.py ha caído. Resucitándolo de inmediato.
[2026-06-04 17:50:41] [GUARDIAN] Watchdog resucitado con éxito.
[2026-06-04 17:51:11] [GUARDIAN] ALERTA: Daemon guardian modificado externamente
[2026-06-04 17:51:11] [GUARDIAN] *** MODO CUARENTENA ACTIVADO ***
[2026-06-04 17:51:11] [GUARDIAN] ¡ALERTA OUROBOROS! process_watchdog.py ha caído. Resucitándolo de inmediato.
[2026-06-04 17:51:11] [GUARDIAN] Watchdog resucitado con éxito.
[2026-06-04 17:51:41] [GUARDIAN] ALERTA: Daemon guardian modificado externamente
[2026-06-04 17:51:41] [GUARDIAN] *** MODO CUARENTENA ACTIVADO ***
[2026-06-04 17:51:41] [GUARDIAN] ¡ALERTA OUROBOROS! process_watchdog.py ha caído. Resucitándolo de inmediato.
[2026-06-04 17:51:41] [GUARDIAN] Watchdog resucitado con éxito.
[2026-06-04 17:52:11] [GUARDIAN] ALERTA: Daemon guardian modificado externamente
[2026-06-04 17:52:11] [GUARDIAN] *** MODO CUARENTENA ACTIVADO ***
[2026-06-04 17:52:11] [GUARDIAN] ¡ALERTA OUROBOROS! process_watchdog.py ha caído. Resucitándolo de inmediato.
[2026-06-04 17:52:11] [GUARDIAN] Watchdog resucitado con éxito.
[2026-06-04 17:52:41] [GUARDIAN] ALERTA: Daemon guardian modificado externamente
[2026-06-04 17:52:41] [GUARDIAN] *** MODO CUARENTENA ACTIVADO ***
[2026-06-04 17:52:41] [GUARDIAN] ¡ALERTA OUROBOROS! process_watchdog.py ha caído. Resucitándolo de inmediato.
[2026-06-04 17:52:41] [GUARDIAN] Watchdog resucitado con éxito.
[2026-06-04 17:53:11] [GUARDIAN] ALERTA: Daemon guardian modificado externamente
[2026-06-04 17:53:11] [GUARDIAN] *** MODO CUARENTENA ACTIVADO ***
[2026-06-04 17:53:12] [GUARDIAN] ¡ALERTA OUROBOROS! process_watchdog.py ha caído. Resucitándolo de inmediato.
[2026-06-04 17:53:12] [GUARDIAN] Watchdog resucitado con éxito.
[2026-06-04 17:53:42] [GUARDIAN] ALERTA: Daemon guardian modificado externamente
[2026-06-04 17:53:42] [GUARDIAN] *** MODO CUARENTENA ACTIVADO ***
[2026-06-04 17:53:42] [GUARDIAN] ¡ALERTA OUROBOROS! process_watchdog.py ha caído. Resucitándolo de inmediato.
[2026-06-04 17:53:42] [GUARDIAN] Watchdog resucitado con éxito.
[2026-06-04 17:54:12] [GUARDIAN] ALERTA: Daemon guardian modificado externamente
[2026-06-04 17:54:12] [GUARDIAN] *** MODO CUARENTENA ACTIVADO ***
[2026-06-04 17:54:12] [GUARDIAN] ¡ALERTA OUROBOROS! process_watchdog.py ha caído. Resucitándolo de inmediato.
[2026-06-04 17:54:12] [GUARDIAN] Watchdog resucitado con éxito.
[2026-06-04 17:54:42] [GUARDIAN] ALERTA: Daemon guardian modificado externamente
[2026-06-04 17:54:42] [GUARDIAN] *** MODO CUARENTENA ACTIVADO ***
[2026-06-04 17:54:42] [GUARDIAN] ¡ALERTA OUROBOROS! process_watchdog.py ha caído. Resucitándolo de inmediato.
[2026-06-04 17:54:42] [GUARDIAN] Watchdog resucitado con éxito.
[2026-06-04 17:55:12] [GUARDIAN] ALERTA: Daemon guardian modificado externamente
[2026-06-04 17:55:12] [GUARDIAN] *** MODO CUARENTENA ACTIVADO ***
[2026-06-04 17:55:12] [GUARDIAN] ¡ALERTA OUROBOROS! process_watchdog.py ha caído. Resucitándolo de inmediato.
[2026-06-04 17:55:12] [GUARDIAN] Watchdog resucitado con éxito.
[2026-06-04 17:55:42] [GUARDIAN] ALERTA: Daemon guardian modificado externamente
[2026-06-04 17:55:42] [GUARDIAN] *** MODO CUARENTENA ACTIVADO ***
[2026-06-04 17:55:42] [GUARDIAN] ¡ALERTA OUROBOROS! process_watchdog.py ha caído. Resucitándolo de inmediato.
[2026-06-04 17:55:42] [GUARDIAN] Watchdog resucitado con éxito.
[2026-06-04 17:56:12] [GUARDIAN] ALERTA: Daemon guardian modificado externamente
[2026-06-04 17:56:12] [GUARDIAN] *** MODO CUARENTENA ACTIVADO ***
[2026-06-04 17:56:12] [GUARDIAN] ¡ALERTA OUROBOROS! process_watchdog.py ha caído. Resucitándolo de inmediato.
[2026-06-04 17:56:12] [GUARDIAN] Watchdog resucitado con éxito.
[2026-06-04 17:56:42] [GUARDIAN] ALERTA: Daemon guardian modificado externamente
[2026-06-04 17:56:42] [GUARDIAN] *** MODO CUARENTENA ACTIVADO ***
[2026-06-04 17:56:42] [GUARDIAN] ¡ALERTA OUROBOROS! process_watchdog.py ha caído. Resucitándolo de inmediato.
[2026-06-04 17:56:42] [GUARDIAN] Watchdog resucitado con éxito.
[2026-06-04 17:57:12] [GUARDIAN] ALERTA: Daemon guardian modificado externamente
[2026-06-04 17:57:12] [GUARDIAN] *** MODO CUARENTENA ACTIVADO ***
[2026-06-04 17:57:12] [GUARDIAN] ¡ALERTA OUROBOROS! process_watchdog.py ha caído. Resucitándolo de inmediato.
[2026-06-04 17:57:12] [GUARDIAN] Watchdog resucitado con éxito.
[2026-06-04 17:57:42] [GUARDIAN] ALERTA: Daemon guardian modificado externamente
[2026-06-04 17:57:42] [GUARDIAN] *** MODO CUARENTENA ACTIVADO ***
[2026-06-04 17:57:42] [GUARDIAN] ¡ALERTA OUROBOROS! process_watchdog.py ha caído. Resucitándolo de inmediato.
[2026-06-04 17:57:42] [GUARDIAN] Watchdog resucitado con éxito.
[2026-06-04 17:58:12] [GUARDIAN] ALERTA: Daemon guardian modificado externamente
[2026-06-04 17:58:12] [GUARDIAN] *** MODO CUARENTENA ACTIVADO ***
[2026-06-04 17:58:12] [GUARDIAN] ¡ALERTA OUROBOROS! process_watchdog.py ha caído. Resucitándolo de inmediato.
[2026-06-04 17:58:12] [GUARDIAN] Watchdog resucitado con éxito.
[2026-06-04 17:58:42] [GUARDIAN] ALERTA: Daemon guardian modificado externamente
[2026-06-04 17:58:42] [GUARDIAN] *** MODO CUARENTENA ACTIVADO ***
[2026-06-04 17:58:42] [GUARDIAN] ¡ALERTA OUROBOROS! process_watchdog.py ha caído. Resucitándolo de inmediato.
[2026-06-04 17:58:42] [GUARDIAN] Watchdog resucitado con éxito.
[2026-06-04 17:59:12] [GUARDIAN] ALERTA: Daemon guardian modificado externamente
[2026-06-04 17:59:12] [GUARDIAN] *** MODO CUARENTENA ACTIVADO ***
[2026-06-04 17:59:12] [GUARDIAN] ¡ALERTA OUROBOROS! process_watchdog.py ha caído. Resucitándolo de inmediato.
[2026-06-04 17:59:12] [GUARDIAN] Watchdog resucitado con éxito.
[2026-06-04 17:59:42] [GUARDIAN] ALERTA: Daemon guardian modificado externamente
[2026-06-04 17:59:42] [GUARDIAN] *** MODO CUARENTENA ACTIVADO ***
[2026-06-04 17:59:42] [GUARDIAN] ¡ALERTA OUROBOROS! process_watchdog.py ha caído. Resucitándolo de inmediato.
[2026-06-04 17:59:42] [GUARDIAN] Watchdog resucitado con éxito.
[2026-06-04 18:00:12] [GUARDIAN] ALERTA: Daemon guardian modificado externamente
[2026-06-04 18:00:12] [GUARDIAN] *** MODO CUARENTENA ACTIVADO ***
[2026-06-04 18:00:12] [GUARDIAN] ¡ALERTA OUROBOROS! process_watchdog.py ha caído. Resucitándolo de inmediato.
[2026-06-04 18:00:12] [GUARDIAN] Watchdog resucitado con éxito.
[2026-06-04 18:00:42] [GUARDIAN] ALERTA: Daemon guardian modificado externamente
[2026-06-04 18:00:42] [GUARDIAN] *** MODO CUARENTENA ACTIVADO ***
[2026-06-04 18:00:42] [GUARDIAN] ¡ALERTA OUROBOROS! process_watchdog.py ha caído. Resucitándolo de inmediato.
[2026-06-04 18:00:42] [GUARDIAN] Watchdog resucitado con éxito.
[2026-06-04 18:01:12] [GUARDIAN] ALERTA: Daemon guardian modificado externamente
[2026-06-04 18:01:12] [GUARDIAN] *** MODO CUARENTENA ACTIVADO ***
[2026-06-04 18:01:12] [GUARDIAN] ¡ALERTA OUROBOROS! process_watchdog.py ha caído. Resucitándolo de inmediato.
[2026-06-04 18:01:12] [GUARDIAN] Watchdog resucitado con éxito.
[2026-06-04 18:01:42] [GUARDIAN] ALERTA: Daemon guardian modificado externamente
[2026-06-04 18:01:42] [GUARDIAN] *** MODO CUARENTENA ACTIVADO ***
[2026-06-04 18:01:42] [GUARDIAN] ¡ALERTA OUROBOROS! process_watchdog.py ha caído. Resucitándolo de inmediato.
[2026-06-04 18:01:42] [GUARDIAN] Watchdog resucitado con éxito.
[2026-06-04 18:02:12] [GUARDIAN] ALERTA: Daemon guardian modificado externamente
[2026-06-04 18:02:12] [GUARDIAN] *** MODO CUARENTENA ACTIVADO ***
[2026-06-04 18:02:12] [GUARDIAN] ¡ALERTA OUROBOROS! process_watchdog.py ha caído. Resucitándolo de inmediato.
[2026-06-04 18:02:12] [GUARDIAN] Watchdog resucitado con éxito.
[2026-06-04 18:02:42] [GUARDIAN] ALERTA: Daemon guardian modificado externamente
[2026-06-04 18:02:42] [GUARDIAN] *** MODO CUARENTENA ACTIVADO ***
[2026-06-04 18:02:42] [GUARDIAN] ¡ALERTA OUROBOROS! process_watchdog.py ha caído. Resucitándolo de inmediato.
[2026-06-04 18:02:42] [GUARDIAN] Watchdog resucitado con éxito.
[2026-06-04 18:03:12] [GUARDIAN] ALERTA: Daemon guardian modificado externamente
[2026-06-04 18:03:12] [GUARDIAN] *** MODO CUARENTENA ACTIVADO ***
[2026-06-04 18:03:12] [GUARDIAN] ¡ALERTA OUROBOROS! process_watchdog.py ha caído. Resucitándolo de inmediato.
[2026-06-04 18:03:12] [GUARDIAN] Watchdog resucitado con éxito.
[2026-06-04 18:03:42] [GUARDIAN] ALERTA: Daemon guardian modificado externamente
[2026-06-04 18:03:42] [GUARDIAN] *** MODO CUARENTENA ACTIVADO ***
[2026-06-04 18:03:42] [GUARDIAN] ¡ALERTA OUROBOROS! process_watchdog.py ha caído. Resucitándolo de inmediato.
[2026-06-04 18:03:42] [GUARDIAN] Watchdog resucitado con éxito.
[2026-06-04 18:04:12] [GUARDIAN] ALERTA: Daemon guardian modificado externamente
[2026-06-04 18:04:12] [GUARDIAN] *** MODO CUARENTENA ACTIVADO ***
[2026-06-04 18:04:12] [GUARDIAN] ¡ALERTA OUROBOROS! process_watchdog.py ha caído. Resucitándolo de inmediato.
[2026-06-04 18:04:13] [GUARDIAN] Watchdog resucitado con éxito.
[2026-06-04 18:04:43] [GUARDIAN] ALERTA: Daemon guardian modificado externamente
[2026-06-04 18:04:43] [GUARDIAN] *** MODO CUARENTENA ACTIVADO ***
[2026-06-04 18:04:43] [GUARDIAN] ¡ALERTA OUROBOROS! process_watchdog.py ha caído. Resucitándolo de inmediato.
[2026-06-04 18:04:43] [GUARDIAN] Watchdog resucitado con éxito.
[2026-06-04 18:05:13] [GUARDIAN] ALERTA: Daemon guardian modificado externamente
[2026-06-04 18:05:13] [GUARDIAN] *** MODO CUARENTENA ACTIVADO ***
[2026-06-04 18:05:13] [GUARDIAN] ¡ALERTA OUROBOROS! process_watchdog.py ha caído. Resucitándolo de inmediato.
[2026-06-04 18:05:13] [GUARDIAN] Watchdog resucitado con éxito.
[2026-06-04 18:05:43] [GUARDIAN] ALERTA: Daemon guardian modificado externamente
[2026-06-04 18:05:43] [GUARDIAN] *** MODO CUARENTENA ACTIVADO ***
[2026-06-04 18:05:43] [GUARDIAN] ¡ALERTA OUROBOROS! process_watchdog.py ha caído. Resucitándolo de inmediato.
[2026-06-04 18:05:43] [GUARDIAN] Watchdog resucitado con éxito.
[2026-06-04 18:06:13] [GUARDIAN] ALERTA: Daemon guardian modificado externamente
[2026-06-04 18:06:13] [GUARDIAN] *** MODO CUARENTENA ACTIVADO ***
[2026-06-04 18:06:13] [GUARDIAN] ¡ALERTA OUROBOROS! process_watchdog.py ha caído. Resucitándolo de inmediato.
[2026-06-04 18:06:13] [GUARDIAN] Watchdog resucitado con éxito.
[2026-06-04 18:06:43] [GUARDIAN] ALERTA: Daemon guardian modificado externamente
[2026-06-04 18:06:43] [GUARDIAN] *** MODO CUARENTENA ACTIVADO ***
[2026-06-04 18:06:43] [GUARDIAN] ¡ALERTA OUROBOROS! process_watchdog.py ha caído. Resucitándolo de inmediato.
[2026-06-04 18:06:43] [GUARDIAN] Watchdog resucitado con éxito.
[2026-06-04 18:07:13] [GUARDIAN] ALERTA: Daemon guardian modificado externamente
[2026-06-04 18:07:13] [GUARDIAN] *** MODO CUARENTENA ACTIVADO ***
[2026-06-04 18:07:13] [GUARDIAN] ¡ALERTA OUROBOROS! process_watchdog.py ha caído. Resucitándolo de inmediato.
[2026-06-04 18:07:13] [GUARDIAN] Watchdog resucitado con éxito.
[2026-06-04 18:07:43] [GUARDIAN] ALERTA: Daemon guardian modificado externamente
[2026-06-04 18:07:43] [GUARDIAN] *** MODO CUARENTENA ACTIVADO ***
[2026-06-04 18:07:43] [GUARDIAN] ¡ALERTA OUROBOROS! process_watchdog.py ha caído. Resucitándolo de inmediato.
[2026-06-04 18:07:43] [GUARDIAN] Watchdog resucitado con éxito.
[2026-06-04 18:08:13] [GUARDIAN] ALERTA: Daemon guardian modificado externamente
[2026-06-04 18:08:13] [GUARDIAN] *** MODO CUARENTENA ACTIVADO ***
[2026-06-04 18:08:13] [GUARDIAN] ¡ALERTA OUROBOROS! process_watchdog.py ha caído. Resucitándolo de inmediato.
[2026-06-04 18:08:13] [GUARDIAN] Watchdog resucitado con éxito.
[2026-06-04 18:08:43] [GUARDIAN] ALERTA: Daemon guardian modificado externamente
[2026-06-04 18:08:43] [GUARDIAN] *** MODO CUARENTENA ACTIVADO ***
[2026-06-04 18:08:43] [GUARDIAN] ¡ALERTA OUROBOROS! process_watchdog.py ha caído. Resucitándolo de inmediato.
[2026-06-04 18:08:43] [GUARDIAN] Watchdog resucitado con éxito.
[2026-06-04 18:09:13] [GUARDIAN] ALERTA: Daemon guardian modificado externamente
[2026-06-04 18:09:13] [GUARDIAN] *** MODO CUARENTENA ACTIVADO ***
[2026-06-04 18:09:13] [GUARDIAN] ¡ALERTA OUROBOROS! process_watchdog.py ha caído. Resucitándolo de inmediato.
[2026-06-04 18:09:13] [GUARDIAN] Watchdog resucitado con éxito.
[2026-06-04 18:09:43] [GUARDIAN] ALERTA: Daemon guardian modificado externamente
[2026-06-04 18:09:43] [GUARDIAN] *** MODO CUARENTENA ACTIVADO ***
[2026-06-04 18:09:43] [GUARDIAN] ¡ALERTA OUROBOROS! process_watchdog.py ha caído. Resucitándolo de inmediato.
[2026-06-04 18:09:43] [GUARDIAN] Watchdog resucitado con éxito.
[2026-06-04 18:10:13] [GUARDIAN] ALERTA: Daemon guardian modificado externamente
[2026-06-04 18:10:13] [GUARDIAN] *** MODO CUARENTENA ACTIVADO ***
[2026-06-04 18:10:13] [GUARDIAN] ¡ALERTA OUROBOROS! process_watchdog.py ha caído. Resucitándolo de inmediato.
[2026-06-04 18:10:13] [GUARDIAN] Watchdog resucitado con éxito.
[2026-06-04 18:10:43] [GUARDIAN] ALERTA: Daemon guardian modificado externamente
[2026-06-04 18:10:43] [GUARDIAN] *** MODO CUARENTENA ACTIVADO ***
[2026-06-04 18:10:43] [GUARDIAN] ¡ALERTA OUROBOROS! process_watchdog.py ha caído. Resucitándolo de inmediato.
[2026-06-04 18:10:43] [GUARDIAN] Watchdog resucitado con éxito.
[2026-06-04 18:11:13] [GUARDIAN] ALERTA: Daemon guardian modificado externamente
[2026-06-04 18:11:13] [GUARDIAN] *** MODO CUARENTENA ACTIVADO ***
[2026-06-04 18:11:13] [GUARDIAN] ¡ALERTA OUROBOROS! process_watchdog.py ha caído. Resucitándolo de inmediato.
[2026-06-04 18:11:13] [GUARDIAN] Watchdog resucitado con éxito.
[2026-06-04 18:11:43] [GUARDIAN] ALERTA: Daemon guardian modificado externamente
[2026-06-04 18:11:43] [GUARDIAN] *** MODO CUARENTENA ACTIVADO ***
[2026-06-04 18:11:43] [GUARDIAN] ¡ALERTA OUROBOROS! process_watchdog.py ha caído. Resucitándolo de inmediato.
[2026-06-04 18:11:43] [GUARDIAN] Watchdog resucitado con éxito.
[2026-06-04 18:12:13] [GUARDIAN] ALERTA: Daemon guardian modificado externamente
[2026-06-04 18:12:13] [GUARDIAN] *** MODO CUARENTENA ACTIVADO ***
[2026-06-04 18:12:13] [GUARDIAN] ¡ALERTA OUROBOROS! process_watchdog.py ha caído. Resucitándolo de inmediato.
[2026-06-04 18:12:13] [GUARDIAN] Watchdog resucitado con éxito.
[2026-06-04 18:12:43] [GUARDIAN] ALERTA: Daemon guardian modificado externamente
[2026-06-04 18:12:43] [GUARDIAN] *** MODO CUARENTENA ACTIVADO ***
[2026-06-04 18:12:43] [GUARDIAN] ¡ALERTA OUROBOROS! process_watchdog.py ha caído. Resucitándolo de inmediato.
[2026-06-04 18:12:43] [GUARDIAN] Watchdog resucitado con éxito.
[2026-06-04 18:13:13] [GUARDIAN] ALERTA: Daemon guardian modificado externamente
[2026-06-04 18:13:13] [GUARDIAN] *** MODO CUARENTENA ACTIVADO ***
[2026-06-04 18:13:13] [GUARDIAN] ¡ALERTA OUROBOROS! process_watchdog.py ha caído. Resucitándolo de inmediato.
[2026-06-04 18:13:13] [GUARDIAN] Watchdog resucitado con éxito.
[2026-06-04 18:13:43] [GUARDIAN] ALERTA: Daemon guardian modificado externamente
[2026-06-04 18:13:43] [GUARDIAN] *** MODO CUARENTENA ACTIVADO ***
[2026-06-04 18:13:43] [GUARDIAN] ¡ALERTA OUROBOROS! process_watchdog.py ha caído. Resucitándolo de inmediato.
[2026-06-04 18:13:43] [GUARDIAN] Watchdog resucitado con éxito.
[2026-06-04 18:14:13] [GUARDIAN] ALERTA: Daemon guardian modificado externamente
[2026-06-04 18:14:13] [GUARDIAN] *** MODO CUARENTENA ACTIVADO ***
[2026-06-04 18:14:13] [GUARDIAN] ¡ALERTA OUROBOROS! process_watchdog.py ha caído. Resucitándolo de inmediato.
[2026-06-04 18:14:13] [GUARDIAN] Watchdog resucitado con éxito.
[2026-06-04 18:14:43] [GUARDIAN] ALERTA: Daemon guardian modificado externamente
[2026-06-04 18:14:43] [GUARDIAN] *** MODO CUARENTENA ACTIVADO ***
[2026-06-04 18:14:43] [GUARDIAN] ¡ALERTA OUROBOROS! process_watchdog.py ha caído. Resucitándolo de inmediato.
[2026-06-04 18:14:43] [GUARDIAN] Watchdog resucitado con éxito.
[2026-06-04 18:15:13] [GUARDIAN] ALERTA: Daemon guardian modificado externamente
[2026-06-04 18:15:13] [GUARDIAN] *** MODO CUARENTENA ACTIVADO ***
[2026-06-04 18:15:13] [GUARDIAN] ¡ALERTA OUROBOROS! process_watchdog.py ha caído. Resucitándolo de inmediato.
[2026-06-04 18:15:13] [GUARDIAN] Watchdog resucitado con éxito.
[2026-06-04 18:15:43] [GUARDIAN] ALERTA: Daemon guardian modificado externamente
[2026-06-04 18:15:43] [GUARDIAN] *** MODO CUARENTENA ACTIVADO ***
[2026-06-04 18:15:44] [GUARDIAN] ¡ALERTA OUROBOROS! process_watchdog.py ha caído. Resucitándolo de inmediato.
[2026-06-04 18:15:44] [GUARDIAN] Watchdog resucitado con éxito.
[2026-06-04 18:16:14] [GUARDIAN] ALERTA: Daemon guardian modificado externamente
[2026-06-04 18:16:14] [GUARDIAN] *** MODO CUARENTENA ACTIVADO ***
[2026-06-04 18:16:14] [GUARDIAN] ¡ALERTA OUROBOROS! process_watchdog.py ha caído. Resucitándolo de inmediato.
[2026-06-04 18:16:14] [GUARDIAN] Watchdog resucitado con éxito.
[2026-06-04 18:16:44] [GUARDIAN] ALERTA: Daemon guardian modificado externamente
[2026-06-04 18:16:44] [GUARDIAN] *** MODO CUARENTENA ACTIVADO ***
[2026-06-04 18:16:44] [GUARDIAN] ¡ALERTA OUROBOROS! process_watchdog.py ha caído. Resucitándolo de inmediato.
[2026-06-04 18:16:44] [GUARDIAN] Watchdog resucitado con éxito.
[2026-06-04 18:17:14] [GUARDIAN] ALERTA: Daemon guardian modificado externamente
[2026-06-04 18:17:14] [GUARDIAN] *** MODO CUARENTENA ACTIVADO ***
[2026-06-04 18:17:14] [GUARDIAN] ¡ALERTA OUROBOROS! process_watchdog.py ha caído. Resucitándolo de inmediato.
[2026-06-04 18:17:14] [GUARDIAN] Watchdog resucitado con éxito.
[2026-06-04 18:17:44] [GUARDIAN] ALERTA: Daemon guardian modificado externamente
[2026-06-04 18:17:44] [GUARDIAN] *** MODO CUARENTENA ACTIVADO ***
[2026-06-04 18:17:44] [GUARDIAN] ¡ALERTA OUROBOROS! process_watchdog.py ha caído. Resucitándolo de inmediato.
[2026-06-04 18:17:44] [GUARDIAN] Watchdog resucitado con éxito.
[2026-06-04 18:18:14] [GUARDIAN] ALERTA: Daemon guardian modificado externamente
[2026-06-04 18:18:14] [GUARDIAN] *** MODO CUARENTENA ACTIVADO ***
[2026-06-04 18:18:14] [GUARDIAN] ¡ALERTA OUROBOROS! process_watchdog.py ha caído. Resucitándolo de inmediato.
[2026-06-04 18:18:14] [GUARDIAN] Watchdog resucitado con éxito.
[2026-06-04 18:18:44] [GUARDIAN] ALERTA: Daemon guardian modificado externamente
[2026-06-04 18:18:44] [GUARDIAN] *** MODO CUARENTENA ACTIVADO ***
[2026-06-04 18:18:44] [GUARDIAN] ¡ALERTA OUROBOROS! process_watchdog.py ha caído. Resucitándolo de inmediato.
[2026-06-04 18:18:44] [GUARDIAN] Watchdog resucitado con éxito.
[2026-06-04 18:19:14] [GUARDIAN] ALERTA: Daemon guardian modificado externamente
[2026-06-04 18:19:14] [GUARDIAN] *** MODO CUARENTENA ACTIVADO ***
[2026-06-04 18:19:14] [GUARDIAN] ¡ALERTA OUROBOROS! process_watchdog.py ha caído. Resucitándolo de inmediato.
[2026-06-04 18:19:14] [GUARDIAN] Watchdog resucitado con éxito.
[2026-06-04 18:19:44] [GUARDIAN] ALERTA: Daemon guardian modificado externamente
[2026-06-04 18:19:44] [GUARDIAN] *** MODO CUARENTENA ACTIVADO ***
[2026-06-04 18:19:44] [GUARDIAN] ¡ALERTA OUROBOROS! process_watchdog.py ha caído. Resucitándolo de inmediato.
[2026-06-04 18:19:44] [GUARDIAN] Watchdog resucitado con éxito.
[2026-06-04 18:20:14] [GUARDIAN] ALERTA: Daemon guardian modificado externamente
[2026-06-04 18:20:14] [GUARDIAN] *** MODO CUARENTENA ACTIVADO ***
[2026-06-04 18:20:14] [GUARDIAN] ¡ALERTA OUROBOROS! process_watchdog.py ha caído. Resucitándolo de inmediato.
[2026-06-04 18:20:14] [GUARDIAN] Watchdog resucitado con éxito.
[2026-06-04 18:20:44] [GUARDIAN] ALERTA: Daemon guardian modificado externamente
[2026-06-04 18:20:44] [GUARDIAN] *** MODO CUARENTENA ACTIVADO ***
[2026-06-04 18:20:44] [GUARDIAN] ¡ALERTA OUROBOROS! process_watchdog.py ha caído. Resucitándolo de inmediato.
[2026-06-04 18:20:44] [GUARDIAN] Watchdog resucitado con éxito.
[2026-06-04 18:21:14] [GUARDIAN] ALERTA: Daemon guardian modificado externamente
[2026-06-04 18:21:14] [GUARDIAN] *** MODO CUARENTENA ACTIVADO ***
[2026-06-04 18:21:14] [GUARDIAN] ¡ALERTA OUROBOROS! process_watchdog.py ha caído. Resucitándolo de inmediato.
[2026-06-04 18:21:14] [GUARDIAN] Watchdog resucitado con éxito.
[2026-06-04 18:21:44] [GUARDIAN] ALERTA: Daemon guardian modificado externamente
[2026-06-04 18:21:44] [GUARDIAN] *** MODO CUARENTENA ACTIVADO ***
[2026-06-04 18:21:44] [GUARDIAN] ¡ALERTA OUROBOROS! process_watchdog.py ha caído. Resucitándolo de inmediato.
[2026-06-04 18:21:44] [GUARDIAN] Watchdog resucitado con éxito.
[2026-06-04 18:22:14] [GUARDIAN] ALERTA: Daemon guardian modificado externamente
[2026-06-04 18:22:14] [GUARDIAN] *** MODO CUARENTENA ACTIVADO ***
[2026-06-04 18:22:14] [GUARDIAN] ¡ALERTA OUROBOROS! process_watchdog.py ha caído. Resucitándolo de inmediato.
[2026-06-04 18:22:14] [GUARDIAN] Watchdog resucitado con éxito.
[2026-06-04 18:22:44] [GUARDIAN] ALERTA: Daemon guardian modificado externamente
[2026-06-04 18:22:44] [GUARDIAN] *** MODO CUARENTENA ACTIVADO ***
[2026-06-04 18:22:44] [GUARDIAN] ¡ALERTA OUROBOROS! process_watchdog.py ha caído. Resucitándolo de inmediato.
[2026-06-04 18:22:44] [GUARDIAN] Watchdog resucitado con éxito.
[2026-06-04 18:23:14] [GUARDIAN] ALERTA: Daemon guardian modificado externamente
[2026-06-04 18:23:14] [GUARDIAN] *** MODO CUARENTENA ACTIVADO ***
[2026-06-04 18:23:14] [GUARDIAN] ¡ALERTA OUROBOROS! process_watchdog.py ha caído. Resucitándolo de inmediato.
[2026-06-04 18:23:14] [GUARDIAN] Watchdog resucitado con éxito.
[2026-06-04 18:23:44] [GUARDIAN] ALERTA: Daemon guardian modificado externamente
[2026-06-04 18:23:44] [GUARDIAN] *** MODO CUARENTENA ACTIVADO ***
[2026-06-04 18:23:44] [GUARDIAN] ¡ALERTA OUROBOROS! process_watchdog.py ha caído. Resucitándolo de inmediato.
[2026-06-04 18:23:44] [GUARDIAN] Watchdog resucitado con éxito.
[2026-06-04 18:24:14] [GUARDIAN] ALERTA: Daemon guardian modificado externamente
[2026-06-04 18:24:14] [GUARDIAN] *** MODO CUARENTENA ACTIVADO ***
[2026-06-04 18:24:14] [GUARDIAN] ¡ALERTA OUROBOROS! process_watchdog.py ha caído. Resucitándolo de inmediato.
[2026-06-04 18:24:14] [GUARDIAN] Watchdog resucitado con éxito.
[2026-06-04 18:24:44] [GUARDIAN] ALERTA: Daemon guardian modificado externamente
[2026-06-04 18:24:44] [GUARDIAN] *** MODO CUARENTENA ACTIVADO ***
[2026-06-04 18:24:44] [GUARDIAN] ¡ALERTA OUROBOROS! process_watchdog.py ha caído. Resucitándolo de inmediato.
[2026-06-04 18:24:44] [GUARDIAN] Watchdog resucitado con éxito.
[2026-06-04 18:25:14] [GUARDIAN] ALERTA: Daemon guardian modificado externamente
[2026-06-04 18:25:14] [GUARDIAN] *** MODO CUARENTENA ACTIVADO ***
[2026-06-04 18:25:14] [GUARDIAN] ¡ALERTA OUROBOROS! process_watchdog.py ha caído. Resucitándolo de inmediato.
[2026-06-04 18:25:14] [GUARDIAN] Watchdog resucitado con éxito.
[2026-06-04 18:25:44] [GUARDIAN] ALERTA: Daemon guardian modificado externamente
[2026-06-04 18:25:44] [GUARDIAN] *** MODO CUARENTENA ACTIVADO ***
[2026-06-04 18:25:44] [GUARDIAN] ¡ALERTA OUROBOROS! process_watchdog.py ha caído. Resucitándolo de inmediato.
[2026-06-04 18:25:44] [GUARDIAN] Watchdog resucitado con éxito.
[2026-06-04 18:26:14] [GUARDIAN] ALERTA: Daemon guardian modificado externamente
[2026-06-04 18:26:14] [GUARDIAN] *** MODO CUARENTENA ACTIVADO ***
[2026-06-04 18:26:14] [GUARDIAN] ¡ALERTA OUROBOROS! process_watchdog.py ha caído. Resucitándolo de inmediato.
[2026-06-04 18:26:14] [GUARDIAN] Watchdog resucitado con éxito.
[2026-06-04 18:26:44] [GUARDIAN] ALERTA: Daemon guardian modificado externamente
[2026-06-04 18:26:44] [GUARDIAN] *** MODO CUARENTENA ACTIVADO ***
[2026-06-04 18:26:44] [GUARDIAN] ¡ALERTA OUROBOROS! process_watchdog.py ha caído. Resucitándolo de inmediato.
[2026-06-04 18:26:44] [GUARDIAN] Watchdog resucitado con éxito.
[2026-06-04 18:27:14] [GUARDIAN] ALERTA: Daemon guardian modificado externamente
[2026-06-04 18:27:14] [GUARDIAN] *** MODO CUARENTENA ACTIVADO ***
[2026-06-04 18:27:15] [GUARDIAN] ¡ALERTA OUROBOROS! process_watchdog.py ha caído. Resucitándolo de inmediato.
[2026-06-04 18:27:15] [GUARDIAN] Watchdog resucitado con éxito.
[2026-06-04 18:27:45] [GUARDIAN] ALERTA: Daemon guardian modificado externamente
[2026-06-04 18:27:45] [GUARDIAN] *** MODO CUARENTENA ACTIVADO ***
[2026-06-04 18:27:45] [GUARDIAN] ¡ALERTA OUROBOROS! process_watchdog.py ha caído. Resucitándolo de inmediato.
[2026-06-04 18:27:45] [GUARDIAN] Watchdog resucitado con éxito.
[2026-06-04 18:28:15] [GUARDIAN] ALERTA: Daemon guardian modificado externamente
[2026-06-04 18:28:15] [GUARDIAN] *** MODO CUARENTENA ACTIVADO ***
[2026-06-04 18:28:15] [GUARDIAN] ¡ALERTA OUROBOROS! process_watchdog.py ha caído. Resucitándolo de inmediato.
[2026-06-04 18:28:15] [GUARDIAN] Watchdog resucitado con éxito.
[2026-06-04 18:28:45] [GUARDIAN] ALERTA: Daemon guardian modificado externamente
[2026-06-04 18:28:45] [GUARDIAN] *** MODO CUARENTENA ACTIVADO ***
[2026-06-04 18:28:45] [GUARDIAN] ¡ALERTA OUROBOROS! process_watchdog.py ha caído. Resucitándolo de inmediato.
[2026-06-04 18:28:45] [GUARDIAN] Watchdog resucitado con éxito.
[2026-06-04 18:29:15] [GUARDIAN] ALERTA: Daemon guardian modificado externamente
[2026-06-04 18:29:15] [GUARDIAN] *** MODO CUARENTENA ACTIVADO ***
[2026-06-04 18:29:15] [GUARDIAN] ¡ALERTA OUROBOROS! process_watchdog.py ha caído. Resucitándolo de inmediato.
[2026-06-04 18:29:15] [GUARDIAN] Watchdog resucitado con éxito.
[2026-06-04 18:29:45] [GUARDIAN] ALERTA: Daemon guardian modificado externamente
[2026-06-04 18:29:45] [GUARDIAN] *** MODO CUARENTENA ACTIVADO ***
[2026-06-04 18:29:45] [GUARDIAN] ¡ALERTA OUROBOROS! process_watchdog.py ha caído. Resucitándolo de inmediato.
[2026-06-04 18:29:45] [GUARDIAN] Watchdog resucitado con éxito.
[2026-06-04 18:30:15] [GUARDIAN] ALERTA: Daemon guardian modificado externamente
[2026-06-04 18:30:15] [GUARDIAN] *** MODO CUARENTENA ACTIVADO ***
[2026-06-04 18:30:15] [GUARDIAN] ¡ALERTA OUROBOROS! process_watchdog.py ha caído. Resucitándolo de inmediato.
[2026-06-04 18:30:15] [GUARDIAN] Watchdog resucitado con éxito.
[2026-06-04 18:30:45] [GUARDIAN] ALERTA: Daemon guardian modificado externamente
[2026-06-04 18:30:45] [GUARDIAN] *** MODO CUARENTENA ACTIVADO ***
[2026-06-04 18:30:45] [GUARDIAN] ¡ALERTA OUROBOROS! process_watchdog.py ha caído. Resucitándolo de inmediato.
[2026-06-04 18:30:45] [GUARDIAN] Watchdog resucitado con éxito.
[2026-06-04 18:31:15] [GUARDIAN] ALERTA: Daemon guardian modificado externamente
[2026-06-04 18:31:15] [GUARDIAN] *** MODO CUARENTENA ACTIVADO ***
[2026-06-04 18:31:15] [GUARDIAN] ¡ALERTA OUROBOROS! process_watchdog.py ha caído. Resucitándolo de inmediato.
[2026-06-04 18:31:15] [GUARDIAN] Watchdog resucitado con éxito.
[2026-06-04 18:31:45] [GUARDIAN] ALERTA: Daemon guardian modificado externamente
[2026-06-04 18:31:45] [GUARDIAN] *** MODO CUARENTENA ACTIVADO ***
[2026-06-04 18:31:45] [GUARDIAN] ¡ALERTA OUROBOROS! process_watchdog.py ha caído. Resucitándolo de inmediato.
[2026-06-04 18:31:45] [GUARDIAN] Watchdog resucitado con éxito.
[2026-06-04 18:32:15] [GUARDIAN] ALERTA: Daemon guardian modificado externamente
[2026-06-04 18:32:15] [GUARDIAN] *** MODO CUARENTENA ACTIVADO ***
[2026-06-04 18:32:15] [GUARDIAN] ¡ALERTA OUROBOROS! process_watchdog.py ha caído. Resucitándolo de inmediato.
[2026-06-04 18:32:15] [GUARDIAN] Watchdog resucitado con éxito.
[2026-06-04 18:32:45] [GUARDIAN] ALERTA: Daemon guardian modificado externamente
[2026-06-04 18:32:45] [GUARDIAN] *** MODO CUARENTENA ACTIVADO ***
[2026-06-04 18:32:45] [GUARDIAN] ¡ALERTA OUROBOROS! process_watchdog.py ha caído. Resucitándolo de inmediato.
[2026-06-04 18:32:45] [GUARDIAN] Watchdog resucitado con éxito.
[2026-06-04 18:33:15] [GUARDIAN] ALERTA: Daemon guardian modificado externamente
[2026-06-04 18:33:15] [GUARDIAN] *** MODO CUARENTENA ACTIVADO ***
[2026-06-04 18:33:15] [GUARDIAN] ¡ALERTA OUROBOROS! process_watchdog.py ha caído. Resucitándolo de inmediato.
[2026-06-04 18:33:15] [GUARDIAN] Watchdog resucitado con éxito.
[2026-06-04 18:33:45] [GUARDIAN] ALERTA: Daemon guardian modificado externamente
[2026-06-04 18:33:45] [GUARDIAN] *** MODO CUARENTENA ACTIVADO ***
[2026-06-04 18:33:45] [GUARDIAN] ¡ALERTA OUROBOROS! process_watchdog.py ha caído. Resucitándolo de inmediato.
[2026-06-04 18:33:45] [GUARDIAN] Watchdog resucitado con éxito.
[2026-06-04 18:34:15] [GUARDIAN] ALERTA: Daemon guardian modificado externamente
[2026-06-04 18:34:15] [GUARDIAN] *** MODO CUARENTENA ACTIVADO ***
[2026-06-04 18:34:15] [GUARDIAN] ¡ALERTA OUROBOROS! process_watchdog.py ha caído. Resucitándolo de inmediato.
[2026-06-04 18:34:15] [GUARDIAN] Watchdog resucitado con éxito.
[2026-06-04 18:34:45] [GUARDIAN] ALERTA: Daemon guardian modificado externamente
[2026-06-04 18:34:45] [GUARDIAN] *** MODO CUARENTENA ACTIVADO ***
[2026-06-04 18:34:45] [GUARDIAN] ¡ALERTA OUROBOROS! process_watchdog.py ha caído. Resucitándolo de inmediato.
[2026-06-04 18:34:45] [GUARDIAN] Watchdog resucitado con éxito.
[2026-06-04 18:35:15] [GUARDIAN] ALERTA: Daemon guardian modificado externamente
[2026-06-04 18:35:15] [GUARDIAN] *** MODO CUARENTENA ACTIVADO ***
[2026-06-04 18:35:15] [GUARDIAN] ¡ALERTA OUROBOROS! process_watchdog.py ha caído. Resucitándolo de inmediato.
[2026-06-04 18:35:15] [GUARDIAN] Watchdog resucitado con éxito.
[2026-06-04 18:35:45] [GUARDIAN] ALERTA: Daemon guardian modificado externamente
[2026-06-04 18:35:45] [GUARDIAN] *** MODO CUARENTENA ACTIVADO ***
[2026-06-04 18:35:45] [GUARDIAN] ¡ALERTA OUROBOROS! process_watchdog.py ha caído. Resucitándolo de inmediato.
[2026-06-04 18:35:45] [GUARDIAN] Watchdog resucitado con éxito.
[2026-06-04 18:36:15] [GUARDIAN] ALERTA: Daemon guardian modificado externamente
[2026-06-04 18:36:15] [GUARDIAN] *** MODO CUARENTENA ACTIVADO ***
[2026-06-04 18:36:15] [GUARDIAN] ¡ALERTA OUROBOROS! process_watchdog.py ha caído. Resucitándolo de inmediato.
[2026-06-04 18:36:15] [GUARDIAN] Watchdog resucitado con éxito.
[2026-06-04 18:36:45] [GUARDIAN] ALERTA: Daemon guardian modificado externamente
[2026-06-04 18:36:45] [GUARDIAN] *** MODO CUARENTENA ACTIVADO ***
[2026-06-04 18:36:45] [GUARDIAN] ¡ALERTA OUROBOROS! process_watchdog.py ha caído. Resucitándolo de inmediato.
[2026-06-04 18:36:45] [GUARDIAN] Watchdog resucitado con éxito.
[2026-06-04 18:37:15] [GUARDIAN] ALERTA: Daemon guardian modificado externamente
[2026-06-04 18:37:15] [GUARDIAN] *** MODO CUARENTENA ACTIVADO ***
[2026-06-04 18:37:15] [GUARDIAN] ¡ALERTA OUROBOROS! process_watchdog.py ha caído. Resucitándolo de inmediato.
[2026-06-04 18:37:15] [GUARDIAN] Watchdog resucitado con éxito.
[2026-06-04 18:37:45] [GUARDIAN] ALERTA: Daemon guardian modificado externamente
[2026-06-04 18:37:45] [GUARDIAN] *** MODO CUARENTENA ACTIVADO ***
[2026-06-04 18:37:45] [GUARDIAN] ¡ALERTA OUROBOROS! process_watchdog.py ha caído. Resucitándolo de inmediato.
[2026-06-04 18:37:45] [GUARDIAN] Watchdog resucitado con éxito.
[2026-06-04 18:38:15] [GUARDIAN] ALERTA: Daemon guardian modificado externamente
[2026-06-04 18:38:15] [GUARDIAN] *** MODO CUARENTENA ACTIVADO ***
[2026-06-04 18:38:15] [GUARDIAN] ¡ALERTA OUROBOROS! process_watchdog.py ha caído. Resucitándolo de inmediato.
[2026-06-04 18:38:15] [GUARDIAN] Watchdog resucitado con éxito.
[2026-06-04 18:38:45] [GUARDIAN] ALERTA: Daemon guardian modificado externamente
[2026-06-04 18:38:45] [GUARDIAN] *** MODO CUARENTENA ACTIVADO ***
[2026-06-04 18:38:46] [GUARDIAN] ¡ALERTA OUROBOROS! process_watchdog.py ha caído. Resucitándolo de inmediato.
[2026-06-04 18:38:46] [GUARDIAN] Watchdog resucitado con éxito.
[2026-06-04 18:39:16] [GUARDIAN] ALERTA: Daemon guardian modificado externamente
[2026-06-04 18:39:16] [GUARDIAN] *** MODO CUARENTENA ACTIVADO ***
[2026-06-04 18:39:16] [GUARDIAN] ¡ALERTA OUROBOROS! process_watchdog.py ha caído. Resucitándolo de inmediato.
[2026-06-04 18:39:16] [GUARDIAN] Watchdog resucitado con éxito.
[2026-06-04 18:39:46] [GUARDIAN] ALERTA: Daemon guardian modificado externamente
[2026-06-04 18:39:46] [GUARDIAN] *** MODO CUARENTENA ACTIVADO ***
[2026-06-04 18:39:46] [GUARDIAN] ¡ALERTA OUROBOROS! process_watchdog.py ha caído. Resucitándolo de inmediato.
[2026-06-04 18:39:46] [GUARDIAN] Watchdog resucitado con éxito.
[2026-06-04 18:40:16] [GUARDIAN] ALERTA: Daemon guardian modificado externamente
[2026-06-04 18:40:16] [GUARDIAN] *** MODO CUARENTENA ACTIVADO ***
[2026-06-04 18:40:16] [GUARDIAN] ¡ALERTA OUROBOROS! process_watchdog.py ha caído. Resucitándolo de inmediato.
[2026-06-04 18:40:16] [GUARDIAN] Watchdog resucitado con éxito.
[2026-06-04 18:40:46] [GUARDIAN] ALERTA: Daemon guardian modificado externamente
[2026-06-04 18:40:46] [GUARDIAN] *** MODO CUARENTENA ACTIVADO ***
[2026-06-04 18:40:46] [GUARDIAN] ¡ALERTA OUROBOROS! process_watchdog.py ha caído. Resucitándolo de inmediato.
[2026-06-04 18:40:46] [GUARDIAN] Watchdog resucitado con éxito.
[2026-06-04 18:41:16] [GUARDIAN] ALERTA: Daemon guardian modificado externamente
[2026-06-04 18:41:16] [GUARDIAN] *** MODO CUARENTENA ACTIVADO ***
[2026-06-04 18:41:16] [GUARDIAN] ¡ALERTA OUROBOROS! process_watchdog.py ha caído. Resucitándolo de inmediato.
[2026-06-04 18:41:16] [GUARDIAN] Watchdog resucitado con éxito.
[2026-06-04 18:41:46] [GUARDIAN] ALERTA: Daemon guardian modificado externamente
[2026-06-04 18:41:46] [GUARDIAN] *** MODO CUARENTENA ACTIVADO ***
[2026-06-04 18:41:46] [GUARDIAN] ¡ALERTA OUROBOROS! process_watchdog.py ha caído. Resucitándolo de inmediato.
[2026-06-04 18:41:46] [GUARDIAN] Watchdog resucitado con éxito.
[2026-06-04 18:42:16] [GUARDIAN] ALERTA: Daemon guardian modificado externamente
[2026-06-04 18:42:16] [GUARDIAN] *** MODO CUARENTENA ACTIVADO ***
[2026-06-04 18:42:16] [GUARDIAN] ¡ALERTA OUROBOROS! process_watchdog.py ha caído. Resucitándolo de inmediato.
[2026-06-04 18:42:16] [GUARDIAN] Watchdog resucitado con éxito.
[2026-06-04 18:42:46] [GUARDIAN] ALERTA: Daemon guardian modificado externamente
[2026-06-04 18:42:46] [GUARDIAN] *** MODO CUARENTENA ACTIVADO ***
[2026-06-04 18:42:46] [GUARDIAN] ¡ALERTA OUROBOROS! process_watchdog.py ha caído. Resucitándolo de inmediato.
[2026-06-04 18:42:46] [GUARDIAN] Watchdog resucitado con éxito.
[2026-06-04 18:43:16] [GUARDIAN] ALERTA: Daemon guardian modificado externamente
[2026-06-04 18:43:16] [GUARDIAN] *** MODO CUARENTENA ACTIVADO ***
[2026-06-04 18:43:16] [GUARDIAN] ¡ALERTA OUROBOROS! process_watchdog.py ha caído. Resucitándolo de inmediato.
[2026-06-04 18:43:16] [GUARDIAN] Watchdog resucitado con éxito.
[2026-06-04 18:43:46] [GUARDIAN] ALERTA: Daemon guardian modificado externamente
[2026-06-04 18:43:46] [GUARDIAN] *** MODO CUARENTENA ACTIVADO ***
[2026-06-04 18:43:46] [GUARDIAN] ¡ALERTA OUROBOROS! process_watchdog.py ha caído. Resucitándolo de inmediato.
[2026-06-04 18:43:46] [GUARDIAN] Watchdog resucitado con éxito.
[2026-06-04 18:44:16] [GUARDIAN] ALERTA: Daemon guardian modificado externamente
[2026-06-04 18:44:16] [GUARDIAN] *** MODO CUARENTENA ACTIVADO ***
[2026-06-04 18:44:16] [GUARDIAN] ¡ALERTA OUROBOROS! process_watchdog.py ha caído. Resucitándolo de inmediato.
[2026-06-04 18:44:16] [GUARDIAN] Watchdog resucitado con éxito.
[2026-06-04 18:44:46] [GUARDIAN] ALERTA: Daemon guardian modificado externamente
[2026-06-04 18:44:46] [GUARDIAN] *** MODO CUARENTENA ACTIVADO ***
[2026-06-04 18:44:46] [GUARDIAN] ¡ALERTA OUROBOROS! process_watchdog.py ha caído. Resucitándolo de inmediato.
[2026-06-04 18:44:46] [GUARDIAN] Watchdog resucitado con éxito.
[2026-06-04 18:45:16] [GUARDIAN] ALERTA: Daemon guardian modificado externamente
[2026-06-04 18:45:16] [GUARDIAN] *** MODO CUARENTENA ACTIVADO ***
[2026-06-04 18:45:16] [GUARDIAN] ¡ALERTA OUROBOROS! process_watchdog.py ha caído. Resucitándolo de inmediato.
[2026-06-04 18:45:16] [GUARDIAN] Watchdog resucitado con éxito.
[2026-06-04 18:45:46] [GUARDIAN] ALERTA: Daemon guardian modificado externamente
[2026-06-04 18:45:46] [GUARDIAN] *** MODO CUARENTENA ACTIVADO ***
[2026-06-04 18:45:46] [GUARDIAN] ¡ALERTA OUROBOROS! process_watchdog.py ha caído. Resucitándolo de inmediato.
[2026-06-04 18:45:46] [GUARDIAN] Watchdog resucitado con éxito.
[2026-06-04 18:46:16] [GUARDIAN] ALERTA: Daemon guardian modificado externamente
[2026-06-04 18:46:16] [GUARDIAN] *** MODO CUARENTENA ACTIVADO ***
[2026-06-04 18:46:16] [GUARDIAN] ¡ALERTA OUROBOROS! process_watchdog.py ha caído. Resucitándolo de inmediato.
[2026-06-04 18:46:16] [GUARDIAN] Watchdog resucitado con éxito.
[2026-06-04 18:46:46] [GUARDIAN] ALERTA: Daemon guardian modificado externamente
[2026-06-04 18:46:46] [GUARDIAN] *** MODO CUARENTENA ACTIVADO ***
[2026-06-04 18:46:46] [GUARDIAN] ¡ALERTA OUROBOROS! process_watchdog.py ha caído. Resucitándolo de inmediato.
[2026-06-04 18:46:46] [GUARDIAN] Watchdog resucitado con éxito.
[2026-06-04 18:47:16] [GUARDIAN] ALERTA: Daemon guardian modificado externamente
[2026-06-04 18:47:16] [GUARDIAN] *** MODO CUARENTENA ACTIVADO ***
[2026-06-04 18:47:16] [GUARDIAN] ¡ALERTA OUROBOROS! process_watchdog.py ha caído. Resucitándolo de inmediato.
[2026-06-04 18:47:16] [GUARDIAN] Watchdog resucitado con éxito.
[2026-06-04 18:47:46] [GUARDIAN] ALERTA: Daemon guardian modificado externamente
[2026-06-04 18:47:46] [GUARDIAN] *** MODO CUARENTENA ACTIVADO ***
[2026-06-04 18:47:46] [GUARDIAN] ¡ALERTA OUROBOROS! process_watchdog.py ha caído. Resucitándolo de inmediato.
[2026-06-04 18:47:46] [GUARDIAN] Watchdog resucitado con éxito.
[2026-06-04 18:48:16] [GUARDIAN] ALERTA: Daemon guardian modificado externamente
[2026-06-04 18:48:16] [GUARDIAN] *** MODO CUARENTENA ACTIVADO ***
[2026-06-04 18:48:16] [GUARDIAN] ¡ALERTA OUROBOROS! process_watchdog.py ha caído. Resucitándolo de inmediato.
[2026-06-04 18:48:16] [GUARDIAN] Watchdog resucitado con éxito.
[2026-06-04 18:48:46] [GUARDIAN] ALERTA: Daemon guardian modificado externamente
[2026-06-04 18:48:46] [GUARDIAN] *** MODO CUARENTENA ACTIVADO ***
[2026-06-04 18:48:46] [GUARDIAN] ¡ALERTA OUROBOROS! process_watchdog.py ha caído. Resucitándolo de inmediato.
[2026-06-04 18:48:46] [GUARDIAN] Watchdog resucitado con éxito.
[2026-06-04 18:49:16] [GUARDIAN] ALERTA: Daemon guardian modificado externamente
[2026-06-04 18:49:16] [GUARDIAN] *** MODO CUARENTENA ACTIVADO ***
[2026-06-04 18:49:16] [GUARDIAN] ¡ALERTA OUROBOROS! process_watchdog.py ha caído. Resucitándolo de inmediato.
[2026-06-04 18:49:16] [GUARDIAN] Watchdog resucitado con éxito.
[2026-06-04 18:49:46] [GUARDIAN] ALERTA: Daemon guardian modificado externamente
[2026-06-04 18:49:46] [GUARDIAN] *** MODO CUARENTENA ACTIVADO ***
[2026-06-04 18:49:46] [GUARDIAN] ¡ALERTA OUROBOROS! process_watchdog.py ha caído. Resucitándolo de inmediato.
[2026-06-04 18:49:46] [GUARDIAN] Watchdog resucitado con éxito.
[2026-06-04 18:50:16] [GUARDIAN] ALERTA: Daemon guardian modificado externamente
[2026-06-04 18:50:16] [GUARDIAN] *** MODO CUARENTENA ACTIVADO ***
[2026-06-04 18:50:17] [GUARDIAN] ¡ALERTA OUROBOROS! process_watchdog.py ha caído. Resucitándolo de inmediato.
[2026-06-04 18:50:17] [GUARDIAN] Watchdog resucitado con éxito.
[2026-06-04 18:50:47] [GUARDIAN] ALERTA: Daemon guardian modificado externamente
[2026-06-04 18:50:47] [GUARDIAN] *** MODO CUARENTENA ACTIVADO ***
[2026-06-04 18:50:47] [GUARDIAN] ¡ALERTA OUROBOROS! process_watchdog.py ha caído. Resucitándolo de inmediato.
[2026-06-04 18:50:47] [GUARDIAN] Watchdog resucitado con éxito.
[2026-06-04 18:51:17] [GUARDIAN] ALERTA: Daemon guardian modificado externamente
[2026-06-04 18:51:17] [GUARDIAN] *** MODO CUARENTENA ACTIVADO ***
[2026-06-04 18:51:17] [GUARDIAN] ¡ALERTA OUROBOROS! process_watchdog.py ha caído. Resucitándolo de inmediato.
[2026-06-04 18:51:17] [GUARDIAN] Watchdog resucitado con éxito.
[2026-06-04 18:51:47] [GUARDIAN] ALERTA: Daemon guardian modificado externamente
[2026-06-04 18:51:47] [GUARDIAN] *** MODO CUARENTENA ACTIVADO ***
[2026-06-04 18:51:47] [GUARDIAN] ¡ALERTA OUROBOROS! process_watchdog.py ha caído. Resucitándolo de inmediato.
[2026-06-04 18:51:47] [GUARDIAN] Watchdog resucitado con éxito.
[2026-06-04 18:52:17] [GUARDIAN] ALERTA: Daemon guardian modificado externamente
[2026-06-04 18:52:17] [GUARDIAN] *** MODO CUARENTENA ACTIVADO ***
[2026-06-04 18:52:17] [GUARDIAN] ¡ALERTA OUROBOROS! process_watchdog.py ha caído. Resucitándolo de inmediato.
[2026-06-04 18:52:17] [GUARDIAN] Watchdog resucitado con éxito.
[2026-06-04 18:52:47] [GUARDIAN] ALERTA: Daemon guardian modificado externamente
[2026-06-04 18:52:47] [GUARDIAN] *** MODO CUARENTENA ACTIVADO ***
[2026-06-04 18:52:47] [GUARDIAN] ¡ALERTA OUROBOROS! process_watchdog.py ha caído. Resucitándolo de inmediato.
[2026-06-04 18:52:47] [GUARDIAN] Watchdog resucitado con éxito.
[2026-06-04 18:53:17] [GUARDIAN] ALERTA: Daemon guardian modificado externamente
[2026-06-04 18:53:17] [GUARDIAN] *** MODO CUARENTENA ACTIVADO ***
[2026-06-04 18:53:17] [GUARDIAN] ¡ALERTA OUROBOROS! process_watchdog.py ha caído. Resucitándolo de inmediato.
[2026-06-04 18:53:17] [GUARDIAN] Watchdog resucitado con éxito.
[2026-06-04 18:53:47] [GUARDIAN] ALERTA: Daemon guardian modificado externamente
[2026-06-04 18:53:47] [GUARDIAN] *** MODO CUARENTENA ACTIVADO ***
[2026-06-04 18:53:47] [GUARDIAN] ¡ALERTA OUROBOROS! process_watchdog.py ha caído. Resucitándolo de inmediato.
[2026-06-04 18:53:47] [GUARDIAN] Watchdog resucitado con éxito.
[2026-06-04 18:54:17] [GUARDIAN] ALERTA: Daemon guardian modificado externamente
[2026-06-04 18:54:17] [GUARDIAN] *** MODO CUARENTENA ACTIVADO ***
[2026-06-04 18:54:17] [GUARDIAN] ¡ALERTA OUROBOROS! process_watchdog.py ha caído. Resucitándolo de inmediato.
[2026-06-04 18:54:17] [GUARDIAN] Watchdog resucitado con éxito.
[2026-06-04 18:54:47] [GUARDIAN] ALERTA: Daemon guardian modificado externamente
[2026-06-04 18:54:47] [GUARDIAN] *** MODO CUARENTENA ACTIVADO ***
[2026-06-04 18:54:47] [GUARDIAN] ¡ALERTA OUROBOROS! process_watchdog.py ha caído. Resucitándolo de inmediato.
[2026-06-04 18:54:47] [GUARDIAN] Watchdog resucitado con éxito.
[2026-06-04 18:55:17] [GUARDIAN] ALERTA: Daemon guardian modificado externamente
[2026-06-04 18:55:17] [GUARDIAN] *** MODO CUARENTENA ACTIVADO ***
[2026-06-04 18:55:17] [GUARDIAN] ¡ALERTA OUROBOROS! process_watchdog.py ha caído. Resucitándolo de inmediato.
[2026-06-04 18:55:17] [GUARDIAN] Watchdog resucitado con éxito.
[2026-06-04 18:55:47] [GUARDIAN] ALERTA: Daemon guardian modificado externamente
[2026-06-04 18:55:47] [GUARDIAN] *** MODO CUARENTENA ACTIVADO ***
[2026-06-04 18:55:47] [GUARDIAN] ¡ALERTA OUROBOROS! process_watchdog.py ha caído. Resucitándolo de inmediato.
[2026-06-04 18:55:47] [GUARDIAN] Watchdog resucitado con éxito.
[2026-06-04 18:56:17] [GUARDIAN] ALERTA: Daemon guardian modificado externamente
[2026-06-04 18:56:17] [GUARDIAN] *** MODO CUARENTENA ACTIVADO ***
[2026-06-04 18:56:17] [GUARDIAN] ¡ALERTA OUROBOROS! process_watchdog.py ha caído. Resucitándolo de inmediato.
[2026-06-04 18:56:17] [GUARDIAN] Watchdog resucitado con éxito.
[2026-06-04 18:56:47] [GUARDIAN] ALERTA: Daemon guardian modificado externamente
[2026-06-04 18:56:47] [GUARDIAN] *** MODO CUARENTENA ACTIVADO ***
[2026-06-04 18:56:47] [GUARDIAN] ¡ALERTA OUROBOROS! process_watchdog.py ha caído. Resucitándolo de inmediato.
[2026-06-04 18:56:47] [GUARDIAN] Watchdog resucitado con éxito.
[2026-06-04 18:57:17] [GUARDIAN] ALERTA: Daemon guardian modificado externamente
[2026-06-04 18:57:17] [GUARDIAN] *** MODO CUARENTENA ACTIVADO ***
[2026-06-04 18:57:17] [GUARDIAN] ¡ALERTA OUROBOROS! process_watchdog.py ha caído. Resucitándolo de inmediato.
[2026-06-04 18:57:17] [GUARDIAN] Watchdog resucitado con éxito.
[2026-06-04 18:57:47] [GUARDIAN] ALERTA: Daemon guardian modificado externamente
[2026-06-04 18:57:47] [GUARDIAN] *** MODO CUARENTENA ACTIVADO ***
[2026-06-04 18:57:47] [GUARDIAN] ¡ALERTA OUROBOROS! process_watchdog.py ha caído. Resucitándolo de inmediato.
[2026-06-04 18:57:47] [GUARDIAN] Watchdog resucitado con éxito.
[2026-06-04 18:58:17] [GUARDIAN] ALERTA: Daemon guardian modificado externamente
[2026-06-04 18:58:17] [GUARDIAN] *** MODO CUARENTENA ACTIVADO ***
[2026-06-04 18:58:17] [GUARDIAN] ¡ALERTA OUROBOROS! process_watchdog.py ha caído. Resucitándolo de inmediato.
[2026-06-04 18:58:17] [GUARDIAN] Watchdog resucitado con éxito.
[2026-06-04 18:58:47] [GUARDIAN] ALERTA: Daemon guardian modificado externamente
[2026-06-04 18:58:47] [GUARDIAN] *** MODO CUARENTENA ACTIVADO ***
[2026-06-04 18:58:47] [GUARDIAN] ¡ALERTA OUROBOROS! process_watchdog.py ha caído. Resucitándolo de inmediato.
[2026-06-04 18:58:47] [GUARDIAN] Watchdog resucitado con éxito.
[2026-06-04 18:59:17] [GUARDIAN] ALERTA: Daemon guardian modificado externamente
[2026-06-04 18:59:17] [GUARDIAN] *** MODO CUARENTENA ACTIVADO ***
[2026-06-04 18:59:17] [GUARDIAN] ¡ALERTA OUROBOROS! process_watchdog.py ha caído. Resucitándolo de inmediato.
[2026-06-04 18:59:17] [GUARDIAN] Watchdog resucitado con éxito.
[2026-06-04 18:59:47] [GUARDIAN] ALERTA: Daemon guardian modificado externamente
[2026-06-04 18:59:47] [GUARDIAN] *** MODO CUARENTENA ACTIVADO ***
[2026-06-04 18:59:47] [GUARDIAN] ¡ALERTA OUROBOROS! process_watchdog.py ha caído. Resucitándolo de inmediato.
[2026-06-04 18:59:47] [GUARDIAN] Watchdog resucitado con éxito.
[2026-06-04 19:00:17] [GUARDIAN] ALERTA: Daemon guardian modificado externamente
[2026-06-04 19:00:17] [GUARDIAN] *** MODO CUARENTENA ACTIVADO ***
[2026-06-04 19:00:17] [GUARDIAN] ¡ALERTA OUROBOROS! process_watchdog.py ha caído. Resucitándolo de inmediato.
[2026-06-04 19:00:17] [GUARDIAN] Watchdog resucitado con éxito.
[2026-06-04 19:00:47] [GUARDIAN] ALERTA: Daemon guardian modificado externamente
[2026-06-04 19:00:47] [GUARDIAN] *** MODO CUARENTENA ACTIVADO ***
[2026-06-04 19:00:47] [GUARDIAN] ¡ALERTA OUROBOROS! process_watchdog.py ha caído. Resucitándolo de inmediato.
[2026-06-04 19:00:47] [GUARDIAN] Watchdog resucitado con éxito.
[2026-06-04 19:01:17] [GUARDIAN] ALERTA: Daemon guardian modificado externamente
[2026-06-04 19:01:17] [GUARDIAN] *** MODO CUARENTENA ACTIVADO ***
[2026-06-04 19:01:17] [GUARDIAN] ¡ALERTA OUROBOROS! process_watchdog.py ha caído. Resucitándolo de inmediato.
[2026-06-04 19:01:17] [GUARDIAN] Watchdog resucitado con éxito.
[2026-06-04 19:01:47] [GUARDIAN] ALERTA: Daemon guardian modificado externamente
[2026-06-04 19:01:47] [GUARDIAN] *** MODO CUARENTENA ACTIVADO ***
[2026-06-04 19:01:48] [GUARDIAN] ¡ALERTA OUROBOROS! process_watchdog.py ha caído. Resucitándolo de inmediato.
[2026-06-04 19:01:48] [GUARDIAN] Watchdog resucitado con éxito.
[2026-06-04 19:02:18] [GUARDIAN] ALERTA: Daemon guardian modificado externamente
[2026-06-04 19:02:18] [GUARDIAN] *** MODO CUARENTENA ACTIVADO ***
[2026-06-04 19:02:18] [GUARDIAN] ¡ALERTA OUROBOROS! process_watchdog.py ha caído. Resucitándolo de inmediato.
[2026-06-04 19:02:18] [GUARDIAN] Watchdog resucitado con éxito.
[2026-06-04 19:02:48] [GUARDIAN] ALERTA: Daemon guardian modificado externamente
[2026-06-04 19:02:48] [GUARDIAN] *** MODO CUARENTENA ACTIVADO ***
[2026-06-04 19:02:48] [GUARDIAN] ¡ALERTA OUROBOROS! process_watchdog.py ha caído. Resucitándolo de inmediato.
[2026-06-04 19:02:48] [GUARDIAN] Watchdog resucitado con éxito.
[2026-06-04 19:03:18] [GUARDIAN] ALERTA: Daemon guardian modificado externamente
[2026-06-04 19:03:18] [GUARDIAN] *** MODO CUARENTENA ACTIVADO ***
[2026-06-04 19:03:18] [GUARDIAN] ¡ALERTA OUROBOROS! process_watchdog.py ha caído. Resucitándolo de inmediato.
[2026-06-04 19:03:18] [GUARDIAN] Watchdog resucitado con éxito.
[2026-06-04 19:03:48] [GUARDIAN] ALERTA: Daemon guardian modificado externamente
[2026-06-04 19:03:48] [GUARDIAN] *** MODO CUARENTENA ACTIVADO ***
[2026-06-04 19:03:48] [GUARDIAN] ¡ALERTA OUROBOROS! process_watchdog.py ha caído. Resucitándolo de inmediato.
[2026-06-04 19:03:48] [GUARDIAN] Watchdog resucitado con éxito.
[2026-06-04 19:04:18] [GUARDIAN] ALERTA: Daemon guardian modificado externamente
[2026-06-04 19:04:18] [GUARDIAN] *** MODO CUARENTENA ACTIVADO ***
[2026-06-04 19:04:18] [GUARDIAN] ¡ALERTA OUROBOROS! process_watchdog.py ha caído. Resucitándolo de inmediato.
[2026-06-04 19:04:18] [GUARDIAN] Watchdog resucitado con éxito.
[2026-06-04 19:04:48] [GUARDIAN] ALERTA: Daemon guardian modificado externamente
[2026-06-04 19:04:48] [GUARDIAN] *** MODO CUARENTENA ACTIVADO ***
[2026-06-04 19:04:48] [GUARDIAN] ¡ALERTA OUROBOROS! process_watchdog.py ha caído. Resucitándolo de inmediato.
[2026-06-04 19:04:48] [GUARDIAN] Watchdog resucitado con éxito.
[2026-06-04 19:05:18] [GUARDIAN] ALERTA: Daemon guardian modificado externamente
[2026-06-04 19:05:18] [GUARDIAN] *** MODO CUARENTENA ACTIVADO ***
[2026-06-04 19:05:18] [GUARDIAN] ¡ALERTA OUROBOROS! process_watchdog.py ha caído. Resucitándolo de inmediato.
[2026-06-04 19:05:18] [GUARDIAN] Watchdog resucitado con éxito.
[2026-06-04 19:05:48] [GUARDIAN] ALERTA: Daemon guardian modificado externamente
[2026-06-04 19:05:48] [GUARDIAN] *** MODO CUARENTENA ACTIVADO ***
[2026-06-04 19:05:48] [GUARDIAN] ¡ALERTA OUROBOROS! process_watchdog.py ha caído. Resucitándolo de inmediato.
[2026-06-04 19:05:48] [GUARDIAN] Watchdog resucitado con éxito.
[2026-06-04 19:06:18] [GUARDIAN] ALERTA: Daemon guardian modificado externamente
[2026-06-04 19:06:18] [GUARDIAN] *** MODO CUARENTENA ACTIVADO ***
[2026-06-04 19:06:18] [GUARDIAN] ¡ALERTA OUROBOROS! process_watchdog.py ha caído. Resucitándolo de inmediato.
[2026-06-04 19:06:18] [GUARDIAN] Watchdog resucitado con éxito.
[2026-06-04 19:06:48] [GUARDIAN] ALERTA: Daemon guardian modificado externamente
[2026-06-04 19:06:48] [GUARDIAN] *** MODO CUARENTENA ACTIVADO ***
[2026-06-04 19:06:48] [GUARDIAN] ¡ALERTA OUROBOROS! process_watchdog.py ha caído. Resucitándolo de inmediato.
[2026-06-04 19:06:48] [GUARDIAN] Watchdog resucitado con éxito.
[2026-06-04 19:07:18] [GUARDIAN] ALERTA: Daemon guardian modificado externamente
[2026-06-04 19:07:18] [GUARDIAN] *** MODO CUARENTENA ACTIVADO ***
[2026-06-04 19:07:18] [GUARDIAN] ¡ALERTA OUROBOROS! process_watchdog.py ha caído. Resucitándolo de inmediato.
[2026-06-04 19:07:18] [GUARDIAN] Watchdog resucitado con éxito.
[2026-06-04 19:07:48] [GUARDIAN] ALERTA: Daemon guardian modificado externamente
[2026-06-04 19:07:48] [GUARDIAN] *** MODO CUARENTENA ACTIVADO ***
[2026-06-04 19:07:48] [GUARDIAN] ¡ALERTA OUROBOROS! process_watchdog.py ha caído. Resucitándolo de inmediato.
[2026-06-04 19:07:48] [GUARDIAN] Watchdog resucitado con éxito.
[2026-06-04 19:08:18] [GUARDIAN] ALERTA: Daemon guardian modificado externamente
[2026-06-04 19:08:18] [GUARDIAN] *** MODO CUARENTENA ACTIVADO ***
[2026-06-04 19:08:18] [GUARDIAN] ¡ALERTA OUROBOROS! process_watchdog.py ha caído. Resucitándolo de inmediato.
[2026-06-04 19:08:18] [GUARDIAN] Watchdog resucitado con éxito.
[2026-06-04 19:08:48] [GUARDIAN] ALERTA: Daemon guardian modificado externamente
[2026-06-04 19:08:48] [GUARDIAN] *** MODO CUARENTENA ACTIVADO ***
[2026-06-04 19:08:48] [GUARDIAN] ¡ALERTA OUROBOROS! process_watchdog.py ha caído. Resucitándolo de inmediato.
[2026-06-04 19:08:48] [GUARDIAN] Watchdog resucitado con éxito.
[2026-06-04 19:09:18] [GUARDIAN] ALERTA: Daemon guardian modificado externamente
[2026-06-04 19:09:18] [GUARDIAN] *** MODO CUARENTENA ACTIVADO ***
[2026-06-04 19:09:18] [GUARDIAN] ¡ALERTA OUROBOROS! process_watchdog.py ha caído. Resucitándolo de inmediato.
[2026-06-04 19:09:18] [GUARDIAN] Watchdog resucitado con éxito.
[2026-06-04 19:09:48] [GUARDIAN] ALERTA: Daemon guardian modificado externamente
[2026-06-04 19:09:48] [GUARDIAN] *** MODO CUARENTENA ACTIVADO ***
[2026-06-04 19:09:48] [GUARDIAN] ¡ALERTA OUROBOROS! process_watchdog.py ha caído. Resucitándolo de inmediato.
[2026-06-04 19:09:48] [GUARDIAN] Watchdog resucitado con éxito.
[2026-06-04 19:10:18] [GUARDIAN] ALERTA: Daemon guardian modificado externamente
[2026-06-04 19:10:18] [GUARDIAN] *** MODO CUARENTENA ACTIVADO ***
[2026-06-04 19:10:18] [GUARDIAN] ¡ALERTA OUROBOROS! process_watchdog.py ha caído. Resucitándolo de inmediato.
[2026-06-04 19:10:18] [GUARDIAN] Watchdog resucitado con éxito.
[2026-06-04 19:10:48] [GUARDIAN] ALERTA: Daemon guardian modificado externamente
[2026-06-04 19:10:48] [GUARDIAN] *** MODO CUARENTENA ACTIVADO ***
[2026-06-04 19:10:48] [GUARDIAN] ¡ALERTA OUROBOROS! process_watchdog.py ha caído. Resucitándolo de inmediato.
[2026-06-04 19:10:48] [GUARDIAN] Watchdog resucitado con éxito.
[2026-06-04 19:11:18] [GUARDIAN] ALERTA: Daemon guardian modificado externamente
[2026-06-04 19:11:18] [GUARDIAN] *** MODO CUARENTENA ACTIVADO ***
[2026-06-04 19:11:18] [GUARDIAN] ¡ALERTA OUROBOROS! process_watchdog.py ha caído. Resucitándolo de inmediato.
[2026-06-04 19:11:18] [GUARDIAN] Watchdog resucitado con éxito.
[2026-06-04 19:11:48] [GUARDIAN] ALERTA: Daemon guardian modificado externamente
[2026-06-04 19:11:48] [GUARDIAN] *** MODO CUARENTENA ACTIVADO ***
[2026-06-04 19:11:48] [GUARDIAN] ¡ALERTA OUROBOROS! process_watchdog.py ha caído. Resucitándolo de inmediato.
[2026-06-04 19:11:48] [GUARDIAN] Watchdog resucitado con éxito.
[2026-06-04 19:12:18] [GUARDIAN] ALERTA: Daemon guardian modificado externamente
[2026-06-04 19:12:18] [GUARDIAN] *** MODO CUARENTENA ACTIVADO ***
[2026-06-04 19:12:18] [GUARDIAN] ¡ALERTA OUROBOROS! process_watchdog.py ha caído. Resucitándolo de inmediato.
[2026-06-04 19:12:18] [GUARDIAN] Watchdog resucitado con éxito.
[2026-06-04 19:12:48] [GUARDIAN] ALERTA: Daemon guardian modificado externamente
[2026-06-04 19:12:48] [GUARDIAN] *** MODO CUARENTENA ACTIVADO ***
[2026-06-04 19:12:48] [GUARDIAN] ¡ALERTA OUROBOROS! process_watchdog.py ha caído. Resucitándolo de inmediato.
[2026-06-04 19:12:48] [GUARDIAN] Watchdog resucitado con éxito.
[2026-06-04 19:13:18] [GUARDIAN] ALERTA: Daemon guardian modificado externamente
[2026-06-04 19:13:18] [GUARDIAN] *** MODO CUARENTENA ACTIVADO ***
[2026-06-04 19:13:19] [GUARDIAN] ¡ALERTA OUROBOROS! process_watchdog.py ha caído. Resucitándolo de inmediato.
[2026-06-04 19:13:19] [GUARDIAN] Watchdog resucitado con éxito.
[2026-06-04 19:13:49] [GUARDIAN] ALERTA: Daemon guardian modificado externamente
[2026-06-04 19:13:49] [GUARDIAN] *** MODO CUARENTENA ACTIVADO ***
[2026-06-04 19:13:49] [GUARDIAN] ¡ALERTA OUROBOROS! process_watchdog.py ha caído. Resucitándolo de inmediato.
[2026-06-04 19:13:49] [GUARDIAN] Watchdog resucitado con éxito.
[2026-06-04 19:14:19] [GUARDIAN] ALERTA: Daemon guardian modificado externamente
[2026-06-04 19:14:19] [GUARDIAN] *** MODO CUARENTENA ACTIVADO ***
[2026-06-04 19:14:19] [GUARDIAN] ¡ALERTA OUROBOROS! process_watchdog.py ha caído. Resucitándolo de inmediato.
[2026-06-04 19:14:19] [GUARDIAN] Watchdog resucitado con éxito.
[2026-06-04 19:14:49] [GUARDIAN] ALERTA: Daemon guardian modificado externamente
[2026-06-04 19:14:49] [GUARDIAN] *** MODO CUARENTENA ACTIVADO ***
[2026-06-04 19:14:49] [GUARDIAN] ¡ALERTA OUROBOROS! process_watchdog.py ha caído. Resucitándolo de inmediato.
[2026-06-04 19:14:49] [GUARDIAN] Watchdog resucitado con éxito.
[2026-06-04 19:15:19] [GUARDIAN] ALERTA: Daemon guardian modificado externamente
[2026-06-04 19:15:19] [GUARDIAN] *** MODO CUARENTENA ACTIVADO ***
[2026-06-04 19:15:19] [GUARDIAN] ¡ALERTA OUROBOROS! process_watchdog.py ha caído. Resucitándolo de inmediato.
[2026-06-04 19:15:19] [GUARDIAN] Watchdog resucitado con éxito.
[2026-06-04 19:15:49] [GUARDIAN] ALERTA: Daemon guardian modificado externamente
[2026-06-04 19:15:49] [GUARDIAN] *** MODO CUARENTENA ACTIVADO ***
[2026-06-04 19:15:49] [GUARDIAN] ¡ALERTA OUROBOROS! process_watchdog.py ha caído. Resucitándolo de inmediato.
[2026-06-04 19:15:49] [GUARDIAN] Watchdog resucitado con éxito.
[2026-06-04 19:16:19] [GUARDIAN] ALERTA: Daemon guardian modificado externamente
[2026-06-04 19:16:19] [GUARDIAN] *** MODO CUARENTENA ACTIVADO ***
[2026-06-04 19:16:19] [GUARDIAN] ¡ALERTA OUROBOROS! process_watchdog.py ha caído. Resucitándolo de inmediato.
[2026-06-04 19:16:19] [GUARDIAN] Watchdog resucitado con éxito.
[2026-06-04 19:16:49] [GUARDIAN] ALERTA: Daemon guardian modificado externamente
[2026-06-04 19:16:49] [GUARDIAN] *** MODO CUARENTENA ACTIVADO ***
[2026-06-04 19:16:49] [GUARDIAN] ¡ALERTA OUROBOROS! process_watchdog.py ha caído. Resucitándolo de inmediato.
[2026-06-04 19:16:49] [GUARDIAN] Watchdog resucitado con éxito.
[2026-06-04 19:17:19] [GUARDIAN] ALERTA: Daemon guardian modificado externamente
[2026-06-04 19:17:19] [GUARDIAN] *** MODO CUARENTENA ACTIVADO ***
[2026-06-04 19:17:19] [GUARDIAN] ¡ALERTA OUROBOROS! process_watchdog.py ha caído. Resucitándolo de inmediato.
[2026-06-04 19:17:19] [GUARDIAN] Watchdog resucitado con éxito.
[2026-06-04 19:17:49] [GUARDIAN] ALERTA: Daemon guardian modificado externamente
[2026-06-04 19:17:49] [GUARDIAN] *** MODO CUARENTENA ACTIVADO ***
[2026-06-04 19:17:49] [GUARDIAN] ¡ALERTA OUROBOROS! process_watchdog.py ha caído. Resucitándolo de inmediato.
[2026-06-04 19:17:49] [GUARDIAN] Watchdog resucitado con éxito.
[2026-06-04 19:18:19] [GUARDIAN] ALERTA: Daemon guardian modificado externamente
[2026-06-04 19:18:19] [GUARDIAN] *** MODO CUARENTENA ACTIVADO ***
[2026-06-04 19:18:19] [GUARDIAN] ¡ALERTA OUROBOROS! process_watchdog.py ha caído. Resucitándolo de inmediato.
[2026-06-04 19:18:19] [GUARDIAN] Watchdog resucitado con éxito.
[2026-06-04 19:18:49] [GUARDIAN] ALERTA: Daemon guardian modificado externamente
[2026-06-04 19:18:49] [GUARDIAN] *** MODO CUARENTENA ACTIVADO ***
[2026-06-04 19:18:49] [GUARDIAN] ¡ALERTA OUROBOROS! process_watchdog.py ha caído. Resucitándolo de inmediato.
[2026-06-04 19:18:49] [GUARDIAN] Watchdog resucitado con éxito.
[2026-06-04 19:19:19] [GUARDIAN] ALERTA: Daemon guardian modificado externamente
[2026-06-04 19:19:19] [GUARDIAN] *** MODO CUARENTENA ACTIVADO ***
[2026-06-04 19:19:19] [GUARDIAN] ¡ALERTA OUROBOROS! process_watchdog.py ha caído. Resucitándolo de inmediato.
[2026-06-04 19:19:19] [GUARDIAN] Watchdog resucitado con éxito.
[2026-06-04 19:19:49] [GUARDIAN] ALERTA: Daemon guardian modificado externamente
[2026-06-04 19:19:49] [GUARDIAN] *** MODO CUARENTENA ACTIVADO ***
[2026-06-04 19:19:49] [GUARDIAN] ¡ALERTA OUROBOROS! process_watchdog.py ha caído. Resucitándolo de inmediato.
[2026-06-04 19:19:49] [GUARDIAN] Watchdog resucitado con éxito.
[2026-06-04 19:20:19] [GUARDIAN] ALERTA: Daemon guardian modificado externamente
[2026-06-04 19:20:19] [GUARDIAN] *** MODO CUARENTENA ACTIVADO ***
[2026-06-04 19:20:19] [GUARDIAN] ¡ALERTA OUROBOROS! process_watchdog.py ha caído. Resucitándolo de inmediato.
[2026-06-04 19:20:19] [GUARDIAN] Watchdog resucitado con éxito.
[2026-06-04 19:20:49] [GUARDIAN] ALERTA: Daemon guardian modificado externamente
[2026-06-04 19:20:49] [GUARDIAN] *** MODO CUARENTENA ACTIVADO ***
[2026-06-04 19:20:49] [GUARDIAN] ¡ALERTA OUROBOROS! process_watchdog.py ha caído. Resucitándolo de inmediato.
[2026-06-04 19:20:49] [GUARDIAN] Watchdog resucitado con éxito.
[2026-06-04 19:21:19] [GUARDIAN] ALERTA: Daemon guardian modificado externamente
[2026-06-04 19:21:19] [GUARDIAN] *** MODO CUARENTENA ACTIVADO ***
[2026-06-04 19:21:19] [GUARDIAN] ¡ALERTA OUROBOROS! process_watchdog.py ha caído. Resucitándolo de inmediato.
[2026-06-04 19:21:19] [GUARDIAN] Watchdog resucitado con éxito.
[2026-06-04 19:21:49] [GUARDIAN] ALERTA: Daemon guardian modificado externamente
[2026-06-04 19:21:49] [GUARDIAN] *** MODO CUARENTENA ACTIVADO ***
[2026-06-04 19:21:49] [GUARDIAN] ¡ALERTA OUROBOROS! process_watchdog.py ha caído. Resucitándolo de inmediato.
[2026-06-04 19:21:49] [GUARDIAN] Watchdog resucitado con éxito.
[2026-06-04 19:22:19] [GUARDIAN] ALERTA: Daemon guardian modificado externamente
[2026-06-04 19:22:19] [GUARDIAN] *** MODO CUARENTENA ACTIVADO ***
[2026-06-04 19:22:19] [GUARDIAN] ¡ALERTA OUROBOROS! process_watchdog.py ha caído. Resucitándolo de inmediato.
[2026-06-04 19:22:19] [GUARDIAN] Watchdog resucitado con éxito.
[2026-06-04 19:22:49] [GUARDIAN] ALERTA: Daemon guardian modificado externamente
[2026-06-04 19:22:49] [GUARDIAN] *** MODO CUARENTENA ACTIVADO ***
[2026-06-04 19:22:49] [GUARDIAN] ¡ALERTA OUROBOROS! process_watchdog.py ha caído. Resucitándolo de inmediato.
[2026-06-04 19:22:49] [GUARDIAN] Watchdog resucitado con éxito.
[2026-06-04 19:23:19] [GUARDIAN] ALERTA: Daemon guardian modificado externamente
[2026-06-04 19:23:19] [GUARDIAN] *** MODO CUARENTENA ACTIVADO ***
[2026-06-04 19:23:19] [GUARDIAN] ¡ALERTA OUROBOROS! process_watchdog.py ha caído. Resucitándolo de inmediato.
[2026-06-04 19:23:19] [GUARDIAN] Watchdog resucitado con éxito.
[2026-06-04 19:23:49] [GUARDIAN] ALERTA: Daemon guardian modificado externamente
[2026-06-04 19:23:49] [GUARDIAN] *** MODO CUARENTENA ACTIVADO ***
[2026-06-04 19:23:49] [GUARDIAN] ¡ALERTA OUROBOROS! process_watchdog.py ha caído. Resucitándolo de inmediato.
[2026-06-04 19:23:49] [GUARDIAN] Watchdog resucitado con éxito.
[2026-06-04 19:24:19] [GUARDIAN] ALERTA: Daemon guardian modificado externamente
[2026-06-04 19:24:19] [GUARDIAN] *** MODO CUARENTENA ACTIVADO ***
[2026-06-04 19:24:19] [GUARDIAN] ¡ALERTA OUROBOROS! process_watchdog.py ha caído. Resucitándolo de inmediato.
[2026-06-04 19:24:19] [GUARDIAN] Watchdog resucitado con éxito.
[2026-06-04 19:24:49] [GUARDIAN] ALERTA: Daemon guardian modificado externamente
[2026-06-04 19:24:49] [GUARDIAN] *** MODO CUARENTENA ACTIVADO ***
[2026-06-04 19:24:49] [GUARDIAN] ¡ALERTA OUROBOROS! process_watchdog.py ha caído. Resucitándolo de inmediato.
[2026-06-04 19:24:49] [GUARDIAN] Watchdog resucitado con éxito.
[2026-06-04 19:25:19] [GUARDIAN] ALERTA: Daemon guardian modificado externamente
[2026-06-04 19:25:19] [GUARDIAN] *** MODO CUARENTENA ACTIVADO ***
[2026-06-04 19:25:20] [GUARDIAN] ¡ALERTA OUROBOROS! process_watchdog.py ha caído. Resucitándolo de inmediato.
[2026-06-04 19:25:20] [GUARDIAN] Watchdog resucitado con éxito.
[2026-06-04 19:25:50] [GUARDIAN] ALERTA: Daemon guardian modificado externamente
[2026-06-04 19:25:50] [GUARDIAN] *** MODO CUARENTENA ACTIVADO ***
[2026-06-04 19:25:50] [GUARDIAN] ¡ALERTA OUROBOROS! process_watchdog.py ha caído. Resucitándolo de inmediato.
[2026-06-04 19:25:50] [GUARDIAN] Watchdog resucitado con éxito.
[2026-06-04 19:26:20] [GUARDIAN] ALERTA: Daemon guardian modificado externamente
[2026-06-04 19:26:20] [GUARDIAN] *** MODO CUARENTENA ACTIVADO ***
[2026-06-04 19:26:20] [GUARDIAN] ¡ALERTA OUROBOROS! process_watchdog.py ha caído. Resucitándolo de inmediato.
[2026-06-04 19:26:20] [GUARDIAN] Watchdog resucitado con éxito.
[2026-06-04 19:26:50] [GUARDIAN] ALERTA: Daemon guardian modificado externamente
[2026-06-04 19:26:50] [GUARDIAN] *** MODO CUARENTENA ACTIVADO ***
[2026-06-04 19:26:50] [GUARDIAN] ¡ALERTA OUROBOROS! process_watchdog.py ha caído. Resucitándolo de inmediato.
[2026-06-04 19:26:50] [GUARDIAN] Watchdog resucitado con éxito.
[2026-06-04 19:27:20] [GUARDIAN] ALERTA: Daemon guardian modificado externamente
[2026-06-04 19:27:20] [GUARDIAN] *** MODO CUARENTENA ACTIVADO ***
[2026-06-04 19:27:20] [GUARDIAN] ¡ALERTA OUROBOROS! process_watchdog.py ha caído. Resucitándolo de inmediato.
[2026-06-04 19:27:20] [GUARDIAN] Watchdog resucitado con éxito.
[2026-06-04 19:27:50] [GUARDIAN] ALERTA: Daemon guardian modificado externamente
[2026-06-04 19:27:50] [GUARDIAN] *** MODO CUARENTENA ACTIVADO ***
[2026-06-04 19:27:50] [GUARDIAN] ¡ALERTA OUROBOROS! process_watchdog.py ha caído. Resucitándolo de inmediato.
[2026-06-04 19:27:50] [GUARDIAN] Watchdog resucitado con éxito.
[2026-06-04 19:28:20] [GUARDIAN] ALERTA: Daemon guardian modificado externamente
[2026-06-04 19:28:20] [GUARDIAN] *** MODO CUARENTENA ACTIVADO ***
[2026-06-04 19:28:20] [GUARDIAN] ¡ALERTA OUROBOROS! process_watchdog.py ha caído. Resucitándolo de inmediato.
[2026-06-04 19:28:20] [GUARDIAN] Watchdog resucitado con éxito.
[2026-06-04 19:28:50] [GUARDIAN] ALERTA: Daemon guardian modificado externamente
[2026-06-04 19:28:50] [GUARDIAN] *** MODO CUARENTENA ACTIVADO ***
[2026-06-04 19:28:50] [GUARDIAN] ¡ALERTA OUROBOROS! process_watchdog.py ha caído. Resucitándolo de inmediato.
[2026-06-04 19:28:50] [GUARDIAN] Watchdog resucitado con éxito.
[2026-06-04 19:29:20] [GUARDIAN] ALERTA: Daemon guardian modificado externamente
[2026-06-04 19:29:20] [GUARDIAN] *** MODO CUARENTENA ACTIVADO ***
[2026-06-04 19:29:20] [GUARDIAN] ¡ALERTA OUROBOROS! process_watchdog.py ha caído. Resucitándolo de inmediato.
[2026-06-04 19:29:20] [GUARDIAN] Watchdog resucitado con éxito.
[2026-06-04 19:29:50] [GUARDIAN] ALERTA: Daemon guardian modificado externamente
[2026-06-04 19:29:50] [GUARDIAN] *** MODO CUARENTENA ACTIVADO ***
[2026-06-04 19:29:50] [GUARDIAN] ¡ALERTA OUROBOROS! process_watchdog.py ha caído. Resucitándolo de inmediato.
[2026-06-04 19:29:50] [GUARDIAN] Watchdog resucitado con éxito.
[2026-06-04 19:30:20] [GUARDIAN] ALERTA: Daemon guardian modificado externamente
[2026-06-04 19:30:20] [GUARDIAN] *** MODO CUARENTENA ACTIVADO ***
[2026-06-04 19:30:20] [GUARDIAN] ¡ALERTA OUROBOROS! process_watchdog.py ha caído. Resucitándolo de inmediato.
[2026-06-04 19:30:20] [GUARDIAN] Watchdog resucitado con éxito.
[2026-06-04 19:30:50] [GUARDIAN] ALERTA: Daemon guardian modificado externamente
[2026-06-04 19:30:50] [GUARDIAN] *** MODO CUARENTENA ACTIVADO ***
[2026-06-04 19:30:50] [GUARDIAN] ¡ALERTA OUROBOROS! process_watchdog.py ha caído. Resucitándolo de inmediato.
[2026-06-04 19:30:50] [GUARDIAN] Watchdog resucitado con éxito.
[2026-06-04 19:31:20] [GUARDIAN] ALERTA: Daemon guardian modificado externamente
[2026-06-04 19:31:20] [GUARDIAN] *** MODO CUARENTENA ACTIVADO ***
[2026-06-04 19:31:20] [GUARDIAN] ¡ALERTA OUROBOROS! process_watchdog.py ha caído. Resucitándolo de inmediato.
[2026-06-04 19:31:20] [GUARDIAN] Watchdog resucitado con éxito.
[2026-06-04 19:31:50] [GUARDIAN] ALERTA: Daemon guardian modificado externamente
[2026-06-04 19:31:50] [GUARDIAN] *** MODO CUARENTENA ACTIVADO ***
[2026-06-04 19:31:50] [GUARDIAN] ¡ALERTA OUROBOROS! process_watchdog.py ha caído. Resucitándolo de inmediato.
[2026-06-04 19:31:50] [GUARDIAN] Watchdog resucitado con éxito.
[2026-06-04 19:32:20] [GUARDIAN] ALERTA: Daemon guardian modificado externamente
[2026-06-04 19:32:20] [GUARDIAN] *** MODO CUARENTENA ACTIVADO ***
[2026-06-04 19:32:20] [GUARDIAN] ¡ALERTA OUROBOROS! process_watchdog.py ha caído. Resucitándolo de inmediato.
[2026-06-04 19:32:20] [GUARDIAN] Watchdog resucitado con éxito.
[2026-06-04 19:32:50] [GUARDIAN] ALERTA: Daemon guardian modificado externamente
[2026-06-04 19:32:50] [GUARDIAN] *** MODO CUARENTENA ACTIVADO ***
[2026-06-04 19:32:50] [GUARDIAN] ¡ALERTA OUROBOROS! process_watchdog.py ha caído. Resucitándolo de inmediato.
[2026-06-04 19:32:50] [GUARDIAN] Watchdog resucitado con éxito.
[2026-06-04 19:33:20] [GUARDIAN] ALERTA: Daemon guardian modificado externamente
[2026-06-04 19:33:20] [GUARDIAN] *** MODO CUARENTENA ACTIVADO ***
[2026-06-04 19:33:20] [GUARDIAN] ¡ALERTA OUROBOROS! process_watchdog.py ha caído. Resucitándolo de inmediato.
[2026-06-04 19:33:20] [GUARDIAN] Watchdog resucitado con éxito.
[2026-06-04 19:33:50] [GUARDIAN] ALERTA: Daemon guardian modificado externamente
[2026-06-04 19:33:50] [GUARDIAN] *** MODO CUARENTENA ACTIVADO ***
[2026-06-04 19:33:50] [GUARDIAN] ¡ALERTA OUROBOROS! process_watchdog.py ha caído. Resucitándolo de inmediato.
[2026-06-04 19:33:50] [GUARDIAN] Watchdog resucitado con éxito.
[2026-06-04 19:34:20] [GUARDIAN] ALERTA: Daemon guardian modificado externamente
[2026-06-04 19:34:20] [GUARDIAN] *** MODO CUARENTENA ACTIVADO ***
[2026-06-04 19:34:20] [GUARDIAN] ¡ALERTA OUROBOROS! process_watchdog.py ha caído. Resucitándolo de inmediato.
[2026-06-04 19:34:20] [GUARDIAN] Watchdog resucitado con éxito.
[2026-06-04 19:34:50] [GUARDIAN] ALERTA: Daemon guardian modificado externamente
[2026-06-04 19:34:50] [GUARDIAN] *** MODO CUARENTENA ACTIVADO ***
[2026-06-04 19:34:50] [GUARDIAN] ¡ALERTA OUROBOROS! process_watchdog.py ha caído. Resucitándolo de inmediato.
[2026-06-04 19:34:50] [GUARDIAN] Watchdog resucitado con éxito.
[2026-06-04 19:35:20] [GUARDIAN] ALERTA: Daemon guardian modificado externamente
[2026-06-04 19:35:20] [GUARDIAN] *** MODO CUARENTENA ACTIVADO ***
[2026-06-04 19:35:20] [GUARDIAN] ¡ALERTA OUROBOROS! process_watchdog.py ha caído. Resucitándolo de inmediato.
[2026-06-04 19:35:20] [GUARDIAN] Watchdog resucitado con éxito.
[2026-06-04 19:35:50] [GUARDIAN] ALERTA: Daemon guardian modificado externamente
[2026-06-04 19:35:50] [GUARDIAN] *** MODO CUARENTENA ACTIVADO ***
[2026-06-04 19:35:50] [GUARDIAN] ¡ALERTA OUROBOROS! process_watchdog.py ha caído. Resucitándolo de inmediato.
[2026-06-04 19:35:50] [GUARDIAN] Watchdog resucitado con éxito.
[2026-06-04 19:36:20] [GUARDIAN] ALERTA: Daemon guardian modificado externamente
[2026-06-04 19:36:20] [GUARDIAN] *** MODO CUARENTENA ACTIVADO ***
[2026-06-04 19:36:20] [GUARDIAN] ¡ALERTA OUROBOROS! process_watchdog.py ha caído. Resucitándolo de inmediato.
[2026-06-04 19:36:20] [GUARDIAN] Watchdog resucitado con éxito.
[2026-06-04 19:36:50] [GUARDIAN] ALERTA: Daemon guardian modificado externamente
[2026-06-04 19:36:50] [GUARDIAN] *** MODO CUARENTENA ACTIVADO ***
[2026-06-04 19:36:51] [GUARDIAN] ¡ALERTA OUROBOROS! process_watchdog.py ha caído. Resucitándolo de inmediato.
[2026-06-04 19:36:51] [GUARDIAN] Watchdog resucitado con éxito.
[2026-06-04 19:37:21] [GUARDIAN] ALERTA: Daemon guardian modificado externamente
[2026-06-04 19:37:21] [GUARDIAN] *** MODO CUARENTENA ACTIVADO ***
[2026-06-04 19:37:21] [GUARDIAN] ¡ALERTA OUROBOROS! process_watchdog.py ha caído. Resucitándolo de inmediato.
[2026-06-04 19:37:21] [GUARDIAN] Watchdog resucitado con éxito.
[2026-06-04 19:37:51] [GUARDIAN] ALERTA: Daemon guardian modificado externamente
[2026-06-04 19:37:51] [GUARDIAN] *** MODO CUARENTENA ACTIVADO ***
[2026-06-04 19:37:51] [GUARDIAN] ¡ALERTA OUROBOROS! process_watchdog.py ha caído. Resucitándolo de inmediato.
[2026-06-04 19:37:51] [GUARDIAN] Watchdog resucitado con éxito.
[2026-06-04 19:38:21] [GUARDIAN] ALERTA: Daemon guardian modificado externamente
[2026-06-04 19:38:21] [GUARDIAN] *** MODO CUARENTENA ACTIVADO ***
[2026-06-04 19:38:21] [GUARDIAN] ¡ALERTA OUROBOROS! process_watchdog.py ha caído. Resucitándolo de inmediato.
[2026-06-04 19:38:21] [GUARDIAN] Watchdog resucitado con éxito.
[2026-06-04 19:38:51] [GUARDIAN] ALERTA: Daemon guardian modificado externamente
[2026-06-04 19:38:51] [GUARDIAN] *** MODO CUARENTENA ACTIVADO ***
[2026-06-04 19:38:51] [GUARDIAN] ¡ALERTA OUROBOROS! process_watchdog.py ha caído. Resucitándolo de inmediato.
[2026-06-04 19:38:51] [GUARDIAN] Watchdog resucitado con éxito.
[2026-06-04 19:39:21] [GUARDIAN] ALERTA: Daemon guardian modificado externamente
[2026-06-04 19:39:21] [GUARDIAN] *** MODO CUARENTENA ACTIVADO ***
[2026-06-04 19:39:21] [GUARDIAN] ¡ALERTA OUROBOROS! process_watchdog.py ha caído. Resucitándolo de inmediato.
[2026-06-04 19:39:21] [GUARDIAN] Watchdog resucitado con éxito.
[2026-06-04 19:39:51] [GUARDIAN] ALERTA: Daemon guardian modificado externamente
[2026-06-04 19:39:51] [GUARDIAN] *** MODO CUARENTENA ACTIVADO ***
[2026-06-04 19:39:51] [GUARDIAN] ¡ALERTA OUROBOROS! process_watchdog.py ha caído. Resucitándolo de inmediato.
[2026-06-04 19:39:51] [GUARDIAN] Watchdog resucitado con éxito.
[2026-06-04 19:40:21] [GUARDIAN] ALERTA: Daemon guardian modificado externamente
[2026-06-04 19:40:21] [GUARDIAN] *** MODO CUARENTENA ACTIVADO ***
[2026-06-04 19:40:21] [GUARDIAN] ¡ALERTA OUROBOROS! process_watchdog.py ha caído. Resucitándolo de inmediato.
[2026-06-04 19:40:21] [GUARDIAN] Watchdog resucitado con éxito.
[2026-06-04 19:40:51] [GUARDIAN] ALERTA: Daemon guardian modificado externamente
[2026-06-04 19:40:51] [GUARDIAN] *** MODO CUARENTENA ACTIVADO ***
[2026-06-04 19:40:51] [GUARDIAN] ¡ALERTA OUROBOROS! process_watchdog.py ha caído. Resucitándolo de inmediato.
[2026-06-04 19:40:51] [GUARDIAN] Watchdog resucitado con éxito.
[2026-06-04 19:41:21] [GUARDIAN] ALERTA: Daemon guardian modificado externamente
[2026-06-04 19:41:21] [GUARDIAN] *** MODO CUARENTENA ACTIVADO ***
[2026-06-04 19:41:21] [GUARDIAN] ¡ALERTA OUROBOROS! process_watchdog.py ha caído. Resucitándolo de inmediato.
[2026-06-04 19:41:21] [GUARDIAN] Watchdog resucitado con éxito.
[2026-06-04 19:41:51] [GUARDIAN] ALERTA: Daemon guardian modificado externamente
[2026-06-04 19:41:51] [GUARDIAN] *** MODO CUARENTENA ACTIVADO ***
[2026-06-04 19:41:51] [GUARDIAN] ¡ALERTA OUROBOROS! process_watchdog.py ha caído. Resucitándolo de inmediato.
[2026-06-04 19:41:51] [GUARDIAN] Watchdog resucitado con éxito.
[2026-06-04 19:42:21] [GUARDIAN] ALERTA: Daemon guardian modificado externamente
[2026-06-04 19:42:21] [GUARDIAN] *** MODO CUARENTENA ACTIVADO ***
[2026-06-04 19:42:21] [GUARDIAN] ¡ALERTA OUROBOROS! process_watchdog.py ha caído. Resucitándolo de inmediato.
[2026-06-04 19:42:21] [GUARDIAN] Watchdog resucitado con éxito.
[2026-06-04 19:42:51] [GUARDIAN] ALERTA: Daemon guardian modificado externamente
[2026-06-04 19:42:51] [GUARDIAN] *** MODO CUARENTENA ACTIVADO ***
[2026-06-04 19:42:51] [GUARDIAN] ¡ALERTA OUROBOROS! process_watchdog.py ha caído. Resucitándolo de inmediato.
[2026-06-04 19:42:51] [GUARDIAN] Watchdog resucitado con éxito.
[2026-06-04 19:43:21] [GUARDIAN] ALERTA: Daemon guardian modificado externamente
[2026-06-04 19:43:21] [GUARDIAN] *** MODO CUARENTENA ACTIVADO ***
[2026-06-04 19:43:21] [GUARDIAN] ¡ALERTA OUROBOROS! process_watchdog.py ha caído. Resucitándolo de inmediato.
[2026-06-04 19:43:21] [GUARDIAN] Watchdog resucitado con éxito.
[2026-06-04 19:43:51] [GUARDIAN] ALERTA: Daemon guardian modificado externamente
[2026-06-04 19:43:51] [GUARDIAN] *** MODO CUARENTENA ACTIVADO ***
[2026-06-04 19:43:51] [GUARDIAN] ¡ALERTA OUROBOROS! process_watchdog.py ha caído. Resucitándolo de inmediato.
[2026-06-04 19:43:51] [GUARDIAN] Watchdog resucitado con éxito.
[2026-06-04 19:44:21] [GUARDIAN] ALERTA: Daemon guardian modificado externamente
[2026-06-04 19:44:21] [GUARDIAN] *** MODO CUARENTENA ACTIVADO ***
[2026-06-04 19:44:21] [GUARDIAN] ¡ALERTA OUROBOROS! process_watchdog.py ha caído. Resucitándolo de inmediato.
[2026-06-04 19:44:21] [GUARDIAN] Watchdog resucitado con éxito.
[2026-06-04 19:44:51] [GUARDIAN] ALERTA: Daemon guardian modificado externamente
[2026-06-04 19:44:51] [GUARDIAN] *** MODO CUARENTENA ACTIVADO ***
[2026-06-04 19:44:51] [GUARDIAN] ¡ALERTA OUROBOROS! process_watchdog.py ha caído. Resucitándolo de inmediato.
[2026-06-04 19:44:51] [GUARDIAN] Watchdog resucitado con éxito.
[2026-06-04 19:45:21] [GUARDIAN] ALERTA: Daemon guardian modificado externamente
[2026-06-04 19:45:21] [GUARDIAN] *** MODO CUARENTENA ACTIVADO ***
[2026-06-04 19:45:21] [GUARDIAN] ¡ALERTA OUROBOROS! process_watchdog.py ha caído. Resucitándolo de inmediato.
[2026-06-04 19:45:21] [GUARDIAN] Watchdog resucitado con éxito.
[2026-06-04 19:45:51] [GUARDIAN] ALERTA: Daemon guardian modificado externamente
[2026-06-04 19:45:51] [GUARDIAN] *** MODO CUARENTENA ACTIVADO ***
[2026-06-04 19:45:51] [GUARDIAN] ¡ALERTA OUROBOROS! process_watchdog.py ha caído. Resucitándolo de inmediato.
[2026-06-04 19:45:51] [GUARDIAN] Watchdog resucitado con éxito.
[2026-06-04 19:46:21] [GUARDIAN] ALERTA: Daemon guardian modificado externamente
[2026-06-04 19:46:21] [GUARDIAN] *** MODO CUARENTENA ACTIVADO ***
[2026-06-04 19:46:21] [GUARDIAN] ¡ALERTA OUROBOROS! process_watchdog.py ha caído. Resucitándolo de inmediato.
[2026-06-04 19:46:21] [GUARDIAN] Watchdog resucitado con éxito.
[2026-06-04 19:46:51] [GUARDIAN] ALERTA: Daemon guardian modificado externamente
[2026-06-04 19:46:51] [GUARDIAN] *** MODO CUARENTENA ACTIVADO ***
[2026-06-04 19:46:51] [GUARDIAN] ¡ALERTA OUROBOROS! process_watchdog.py ha caído. Resucitándolo de inmediato.
[2026-06-04 19:46:51] [GUARDIAN] Watchdog resucitado con éxito.
[2026-06-04 19:47:21] [GUARDIAN] ALERTA: Daemon guardian modificado externamente
[2026-06-04 19:47:21] [GUARDIAN] *** MODO CUARENTENA ACTIVADO ***
[2026-06-04 19:47:21] [GUARDIAN] ¡ALERTA OUROBOROS! process_watchdog.py ha caído. Resucitándolo de inmediato.
[2026-06-04 19:47:21] [GUARDIAN] Watchdog resucitado con éxito.
[2026-06-04 19:47:51] [GUARDIAN] ALERTA: Daemon guardian modificado externamente
[2026-06-04 19:47:51] [GUARDIAN] *** MODO CUARENTENA ACTIVADO ***
[2026-06-04 19:47:51] [GUARDIAN] ¡ALERTA OUROBOROS! process_watchdog.py ha caído. Resucitándolo de inmediato.
[2026-06-04 19:47:51] [GUARDIAN] Watchdog resucitado con éxito.
[2026-06-04 19:48:21] [GUARDIAN] ALERTA: Daemon guardian modificado externamente
[2026-06-04 19:48:21] [GUARDIAN] *** MODO CUARENTENA ACTIVADO ***
[2026-06-04 19:48:21] [GUARDIAN] ¡ALERTA OUROBOROS! process_watchdog.py ha caído. Resucitándolo de inmediato.
[2026-06-04 19:48:21] [GUARDIAN] Watchdog resucitado con éxito.
[2026-06-04 19:48:51] [GUARDIAN] ALERTA: Daemon guardian modificado externamente
[2026-06-04 19:48:51] [GUARDIAN] *** MODO CUARENTENA ACTIVADO ***
[2026-06-04 19:48:52] [GUARDIAN] ¡ALERTA OUROBOROS! process_watchdog.py ha caído. Resucitándolo de inmediato.
[2026-06-04 19:48:52] [GUARDIAN] Watchdog resucitado con éxito.
[2026-06-04 19:49:22] [GUARDIAN] ALERTA: Daemon guardian modificado externamente
[2026-06-04 19:49:22] [GUARDIAN] *** MODO CUARENTENA ACTIVADO ***
[2026-06-04 19:49:22] [GUARDIAN] ¡ALERTA OUROBOROS! process_watchdog.py ha caído. Resucitándolo de inmediato.
[2026-06-04 19:49:22] [GUARDIAN] Watchdog resucitado con éxito.
[2026-06-04 19:49:52] [GUARDIAN] ALERTA: Daemon guardian modificado externamente
[2026-06-04 19:49:52] [GUARDIAN] *** MODO CUARENTENA ACTIVADO ***
[2026-06-04 19:49:52] [GUARDIAN] ¡ALERTA OUROBOROS! process_watchdog.py ha caído. Resucitándolo de inmediato.
[2026-06-04 19:49:52] [GUARDIAN] Watchdog resucitado con éxito.
[2026-06-04 19:50:22] [GUARDIAN] ALERTA: Daemon guardian modificado externamente
[2026-06-04 19:50:22] [GUARDIAN] *** MODO CUARENTENA ACTIVADO ***
[2026-06-04 19:50:22] [GUARDIAN] ¡ALERTA OUROBOROS! process_watchdog.py ha caído. Resucitándolo de inmediato.
[2026-06-04 19:50:22] [GUARDIAN] Watchdog resucitado con éxito.
[2026-06-04 19:50:52] [GUARDIAN] ALERTA: Daemon guardian modificado externamente
[2026-06-04 19:50:52] [GUARDIAN] *** MODO CUARENTENA ACTIVADO ***
[2026-06-04 19:50:52] [GUARDIAN] ¡ALERTA OUROBOROS! process_watchdog.py ha caído. Resucitándolo de inmediato.
[2026-06-04 19:50:52] [GUARDIAN] Watchdog resucitado con éxito.
[2026-06-04 19:51:22] [GUARDIAN] ALERTA: Daemon guardian modificado externamente
[2026-06-04 19:51:22] [GUARDIAN] *** MODO CUARENTENA ACTIVADO ***
[2026-06-04 19:51:22] [GUARDIAN] ¡ALERTA OUROBOROS! process_watchdog.py ha caído. Resucitándolo de inmediato.
[2026-06-04 19:51:22] [GUARDIAN] Watchdog resucitado con éxito.
[2026-06-04 19:51:52] [GUARDIAN] ALERTA: Daemon guardian modificado externamente
[2026-06-04 19:51:52] [GUARDIAN] *** MODO CUARENTENA ACTIVADO ***
[2026-06-04 19:51:52] [GUARDIAN] ¡ALERTA OUROBOROS! process_watchdog.py ha caído. Resucitándolo de inmediato.
[2026-06-04 19:51:52] [GUARDIAN] Watchdog resucitado con éxito.
[2026-06-04 19:52:22] [GUARDIAN] ALERTA: Daemon guardian modificado externamente
[2026-06-04 19:52:22] [GUARDIAN] *** MODO CUARENTENA ACTIVADO ***
[2026-06-04 19:52:22] [GUARDIAN] ¡ALERTA OUROBOROS! process_watchdog.py ha caído. Resucitándolo de inmediato.
[2026-06-04 19:52:22] [GUARDIAN] Watchdog resucitado con éxito.
[2026-06-04 19:52:52] [GUARDIAN] ALERTA: Daemon guardian modificado externamente
[2026-06-04 19:52:52] [GUARDIAN] *** MODO CUARENTENA ACTIVADO ***
[2026-06-04 19:52:52] [GUARDIAN] ¡ALERTA OUROBOROS! process_watchdog.py ha caído. Resucitándolo de inmediato.
[2026-06-04 19:52:52] [GUARDIAN] Watchdog resucitado con éxito.
[2026-06-04 19:53:22] [GUARDIAN] ALERTA: Daemon guardian modificado externamente
[2026-06-04 19:53:22] [GUARDIAN] *** MODO CUARENTENA ACTIVADO ***
[2026-06-04 19:53:22] [GUARDIAN] ¡ALERTA OUROBOROS! process_watchdog.py ha caído. Resucitándolo de inmediato.
[2026-06-04 19:53:22] [GUARDIAN] Watchdog resucitado con éxito.
[2026-06-04 19:53:52] [GUARDIAN] ALERTA: Daemon guardian modificado externamente
[2026-06-04 19:53:52] [GUARDIAN] *** MODO CUARENTENA ACTIVADO ***
[2026-06-04 19:53:52] [GUARDIAN] ¡ALERTA OUROBOROS! process_watchdog.py ha caído. Resucitándolo de inmediato.
[2026-06-04 19:53:52] [GUARDIAN] Watchdog resucitado con éxito.
[2026-06-04 19:54:22] [GUARDIAN] ALERTA: Daemon guardian modificado externamente
[2026-06-04 19:54:22] [GUARDIAN] *** MODO CUARENTENA ACTIVADO ***
[2026-06-04 19:54:22] [GUARDIAN] ¡ALERTA OUROBOROS! process_watchdog.py ha caído. Resucitándolo de inmediato.
[2026-06-04 19:54:22] [GUARDIAN] Watchdog resucitado con éxito.
[2026-06-04 19:54:52] [GUARDIAN] ALERTA: Daemon guardian modificado externamente
[2026-06-04 19:54:52] [GUARDIAN] *** MODO CUARENTENA ACTIVADO ***
[2026-06-04 19:54:52] [GUARDIAN] ¡ALERTA OUROBOROS! process_watchdog.py ha caído. Resucitándolo de inmediato.
[2026-06-04 19:54:52] [GUARDIAN] Watchdog resucitado con éxito.
[2026-06-04 19:55:22] [GUARDIAN] ALERTA: Daemon guardian modificado externamente
[2026-06-04 19:55:22] [GUARDIAN] *** MODO CUARENTENA ACTIVADO ***
[2026-06-04 19:55:22] [GUARDIAN] ¡ALERTA OUROBOROS! process_watchdog.py ha caído. Resucitándolo de inmediato.
[2026-06-04 19:55:22] [GUARDIAN] Watchdog resucitado con éxito.
[2026-06-04 19:55:52] [GUARDIAN] ALERTA: Daemon guardian modificado externamente
[2026-06-04 19:55:52] [GUARDIAN] *** MODO CUARENTENA ACTIVADO ***
[2026-06-04 19:55:52] [GUARDIAN] ¡ALERTA OUROBOROS! process_watchdog.py ha caído. Resucitándolo de inmediato.
[2026-06-04 19:55:52] [GUARDIAN] Watchdog resucitado con éxito.
[2026-06-04 19:56:22] [GUARDIAN] ALERTA: Daemon guardian modificado externamente
[2026-06-04 19:56:22] [GUARDIAN] *** MODO CUARENTENA ACTIVADO ***
[2026-06-04 19:56:22] [GUARDIAN] ¡ALERTA OUROBOROS! process_watchdog.py ha caído. Resucitándolo de inmediato.
[2026-06-04 19:56:22] [GUARDIAN] Watchdog resucitado con éxito.
[2026-06-04 19:56:52] [GUARDIAN] ALERTA: Daemon guardian modificado externamente
[2026-06-04 19:56:52] [GUARDIAN] *** MODO CUARENTENA ACTIVADO ***
[2026-06-04 19:56:52] [GUARDIAN] ¡ALERTA OUROBOROS! process_watchdog.py ha caído. Resucitándolo de inmediato.
[2026-06-04 19:56:52] [GUARDIAN] Watchdog resucitado con éxito.
[2026-06-04 19:57:22] [GUARDIAN] ALERTA: Daemon guardian modificado externamente
[2026-06-04 19:57:22] [GUARDIAN] *** MODO CUARENTENA ACTIVADO ***
[2026-06-04 19:57:22] [GUARDIAN] ¡ALERTA OUROBOROS! process_watchdog.py ha caído. Resucitándolo de inmediato.
[2026-06-04 19:57:22] [GUARDIAN] Watchdog resucitado con éxito.
[2026-06-04 19:57:52] [GUARDIAN] ALERTA: Daemon guardian modificado externamente
[2026-06-04 19:57:52] [GUARDIAN] *** MODO CUARENTENA ACTIVADO ***
[2026-06-04 19:57:52] [GUARDIAN] ¡ALERTA OUROBOROS! process_watchdog.py ha caído. Resucitándolo de inmediato.
[2026-06-04 19:57:52] [GUARDIAN] Watchdog resucitado con éxito.
[2026-06-04 19:58:22] [GUARDIAN] ALERTA: Daemon guardian modificado externamente
[2026-06-04 19:58:22] [GUARDIAN] *** MODO CUARENTENA ACTIVADO ***
[2026-06-04 19:58:22] [GUARDIAN] ¡ALERTA OUROBOROS! process_watchdog.py ha caído. Resucitándolo de inmediato.
[2026-06-04 19:58:22] [GUARDIAN] Watchdog resucitado con éxito.
[2026-06-04 19:58:52] [GUARDIAN] ALERTA: Daemon guardian modificado externamente
[2026-06-04 19:58:52] [GUARDIAN] *** MODO CUARENTENA ACTIVADO ***
[2026-06-04 19:58:52] [GUARDIAN] ¡ALERTA OUROBOROS! process_watchdog.py ha caído. Resucitándolo de inmediato.
[2026-06-04 19:58:52] [GUARDIAN] Watchdog resucitado con éxito.
[2026-06-04 19:59:22] [GUARDIAN] ALERTA: Daemon guardian modificado externamente
[2026-06-04 19:59:22] [GUARDIAN] *** MODO CUARENTENA ACTIVADO ***
[2026-06-04 19:59:22] [GUARDIAN] ¡ALERTA OUROBOROS! process_watchdog.py ha caído. Resucitándolo de inmediato.
[2026-06-04 19:59:22] [GUARDIAN] Watchdog resucitado con éxito.
[2026-06-04 19:59:52] [GUARDIAN] ALERTA: Daemon guardian modificado externamente
[2026-06-04 19:59:52] [GUARDIAN] *** MODO CUARENTENA ACTIVADO ***
[2026-06-04 19:59:52] [GUARDIAN] ¡ALERTA OUROBOROS! process_watchdog.py ha caído. Resucitándolo de inmediato.
[2026-06-04 19:59:52] [GUARDIAN] Watchdog resucitado con éxito.
[2026-06-04 20:00:22] [GUARDIAN] ALERTA: Daemon guardian modificado externamente
[2026-06-04 20:00:22] [GUARDIAN] *** MODO CUARENTENA ACTIVADO ***
[2026-06-04 20:00:23] [GUARDIAN] ¡ALERTA OUROBOROS! process_watchdog.py ha caído. Resucitándolo de inmediato.
[2026-06-04 20:00:23] [GUARDIAN] Watchdog resucitado con éxito.
[2026-06-04 20:00:53] [GUARDIAN] ALERTA: Daemon guardian modificado externamente
[2026-06-04 20:00:53] [GUARDIAN] *** MODO CUARENTENA ACTIVADO ***
[2026-06-04 20:00:53] [GUARDIAN] ¡ALERTA OUROBOROS! process_watchdog.py ha caído. Resucitándolo de inmediato.
[2026-06-04 20:00:53] [GUARDIAN] Watchdog resucitado con éxito.
[2026-06-04 20:01:23] [GUARDIAN] ALERTA: Daemon guardian modificado externamente
[2026-06-04 20:01:23] [GUARDIAN] *** MODO CUARENTENA ACTIVADO ***
[2026-06-04 20:01:23] [GUARDIAN] ¡ALERTA OUROBOROS! process_watchdog.py ha caído. Resucitándolo de inmediato.
[2026-06-04 20:01:23] [GUARDIAN] Watchdog resucitado con éxito.
[2026-06-04 20:01:53] [GUARDIAN] ALERTA: Daemon guardian modificado externamente
[2026-06-04 20:01:53] [GUARDIAN] *** MODO CUARENTENA ACTIVADO ***
[2026-06-04 20:01:53] [GUARDIAN] ¡ALERTA OUROBOROS! process_watchdog.py ha caído. Resucitándolo de inmediato.
[2026-06-04 20:01:53] [GUARDIAN] Watchdog resucitado con éxito.
[2026-06-04 20:02:23] [GUARDIAN] ALERTA: Daemon guardian modificado externamente
[2026-06-04 20:02:23] [GUARDIAN] *** MODO CUARENTENA ACTIVADO ***
[2026-06-04 20:02:23] [GUARDIAN] ¡ALERTA OUROBOROS! process_watchdog.py ha caído. Resucitándolo de inmediato.
[2026-06-04 20:02:23] [GUARDIAN] Watchdog resucitado con éxito.
[2026-06-04 20:02:53] [GUARDIAN] ALERTA: Daemon guardian modificado externamente
[2026-06-04 20:02:53] [GUARDIAN] *** MODO CUARENTENA ACTIVADO ***
[2026-06-04 20:02:53] [GUARDIAN] ¡ALERTA OUROBOROS! process_watchdog.py ha caído. Resucitándolo de inmediato.
[2026-06-04 20:02:53] [GUARDIAN] Watchdog resucitado con éxito.
[2026-06-04 20:03:23] [GUARDIAN] ALERTA: Daemon guardian modificado externamente
[2026-06-04 20:03:23] [GUARDIAN] *** MODO CUARENTENA ACTIVADO ***
[2026-06-04 20:03:23] [GUARDIAN] ¡ALERTA OUROBOROS! process_watchdog.py ha caído. Resucitándolo de inmediato.
[2026-06-04 20:03:23] [GUARDIAN] Watchdog resucitado con éxito.
[2026-06-04 20:03:53] [GUARDIAN] ALERTA: Daemon guardian modificado externamente
[2026-06-04 20:03:53] [GUARDIAN] *** MODO CUARENTENA ACTIVADO ***
[2026-06-04 20:03:53] [GUARDIAN] ¡ALERTA OUROBOROS! process_watchdog.py ha caído. Resucitándolo de inmediato.
[2026-06-04 20:03:53] [GUARDIAN] Watchdog resucitado con éxito.
[2026-06-04 20:04:23] [GUARDIAN] ALERTA: Daemon guardian modificado externamente
[2026-06-04 20:04:23] [GUARDIAN] *** MODO CUARENTENA ACTIVADO ***
[2026-06-04 20:04:23] [GUARDIAN] ¡ALERTA OUROBOROS! process_watchdog.py ha caído. Resucitándolo de inmediato.
[2026-06-04 20:04:23] [GUARDIAN] Watchdog resucitado con éxito.
[2026-06-04 20:04:53] [GUARDIAN] ALERTA: Daemon guardian modificado externamente
[2026-06-04 20:04:53] [GUARDIAN] *** MODO CUARENTENA ACTIVADO ***
[2026-06-04 20:04:53] [GUARDIAN] ¡ALERTA OUROBOROS! process_watchdog.py ha caído. Resucitándolo de inmediato.
[2026-06-04 20:04:53] [GUARDIAN] Watchdog resucitado con éxito.
[2026-06-04 20:05:23] [GUARDIAN] ALERTA: Daemon guardian modificado externamente
[2026-06-04 20:05:23] [GUARDIAN] *** MODO CUARENTENA ACTIVADO ***
[2026-06-04 20:05:23] [GUARDIAN] ¡ALERTA OUROBOROS! process_watchdog.py ha caído. Resucitándolo de inmediato.
[2026-06-04 20:05:23] [GUARDIAN] Watchdog resucitado con éxito.
[2026-06-04 20:05:53] [GUARDIAN] ALERTA: Daemon guardian modificado externamente
[2026-06-04 20:05:53] [GUARDIAN] *** MODO CUARENTENA ACTIVADO ***
[2026-06-04 20:05:53] [GUARDIAN] ¡ALERTA OUROBOROS! process_watchdog.py ha caído. Resucitándolo de inmediato.
[2026-06-04 20:05:53] [GUARDIAN] Watchdog resucitado con éxito.
[2026-06-04 20:06:23] [GUARDIAN] ALERTA: Daemon guardian modificado externamente
[2026-06-04 20:06:23] [GUARDIAN] *** MODO CUARENTENA ACTIVADO ***
[2026-06-04 20:06:23] [GUARDIAN] ¡ALERTA OUROBOROS! process_watchdog.py ha caído. Resucitándolo de inmediato.
[2026-06-04 20:06:23] [GUARDIAN] Watchdog resucitado con éxito.
[2026-06-04 20:06:53] [GUARDIAN] ALERTA: Daemon guardian modificado externamente
[2026-06-04 20:06:53] [GUARDIAN] *** MODO CUARENTENA ACTIVADO ***
[2026-06-04 20:06:53] [GUARDIAN] ¡ALERTA OUROBOROS! process_watchdog.py ha caído. Resucitándolo de inmediato.
[2026-06-04 20:06:53] [GUARDIAN] Watchdog resucitado con éxito.
[2026-06-04 20:07:23] [GUARDIAN] ALERTA: Daemon guardian modificado externamente
[2026-06-04 20:07:23] [GUARDIAN] *** MODO CUARENTENA ACTIVADO ***
[2026-06-04 20:07:23] [GUARDIAN] ¡ALERTA OUROBOROS! process_watchdog.py ha caído. Resucitándolo de inmediato.
[2026-06-04 20:07:23] [GUARDIAN] Watchdog resucitado con éxito.
[2026-06-04 20:07:53] [GUARDIAN] ALERTA: Daemon guardian modificado externamente
[2026-06-04 20:07:53] [GUARDIAN] *** MODO CUARENTENA ACTIVADO ***
[2026-06-04 20:07:53] [GUARDIAN] ¡ALERTA OUROBOROS! process_watchdog.py ha caído. Resucitándolo de inmediato.
[2026-06-04 20:07:53] [GUARDIAN] Watchdog resucitado con éxito.
[2026-06-04 20:08:23] [GUARDIAN] ALERTA: Daemon guardian modificado externamente
[2026-06-04 20:08:23] [GUARDIAN] *** MODO CUARENTENA ACTIVADO ***
[2026-06-04 20:08:23] [GUARDIAN] ¡ALERTA OUROBOROS! process_watchdog.py ha caído. Resucitándolo de inmediato.
[2026-06-04 20:08:23] [GUARDIAN] Watchdog resucitado con éxito.
[2026-06-04 20:08:53] [GUARDIAN] ALERTA: Daemon guardian modificado externamente
[2026-06-04 20:08:53] [GUARDIAN] *** MODO CUARENTENA ACTIVADO ***
[2026-06-04 20:08:53] [GUARDIAN] ¡ALERTA OUROBOROS! process_watchdog.py ha caído. Resucitándolo de inmediato.
[2026-06-04 20:08:53] [GUARDIAN] Watchdog resucitado con éxito.
[2026-06-04 20:09:23] [GUARDIAN] ALERTA: Daemon guardian modificado externamente
[2026-06-04 20:09:23] [GUARDIAN] *** MODO CUARENTENA ACTIVADO ***
[2026-06-04 20:09:23] [GUARDIAN] ¡ALERTA OUROBOROS! process_watchdog.py ha caído. Resucitándolo de inmediato.
[2026-06-04 20:09:23] [GUARDIAN] Watchdog resucitado con éxito.
[2026-06-04 20:09:53] [GUARDIAN] ALERTA: Daemon guardian modificado externamente
[2026-06-04 20:09:53] [GUARDIAN] *** MODO CUARENTENA ACTIVADO ***
[2026-06-04 20:09:53] [GUARDIAN] ¡ALERTA OUROBOROS! process_watchdog.py ha caído. Resucitándolo de inmediato.
[2026-06-04 20:09:53] [GUARDIAN] Watchdog resucitado con éxito.
[2026-06-04 20:10:23] [GUARDIAN] ALERTA: Daemon guardian modificado externamente
[2026-06-04 20:10:23] [GUARDIAN] *** MODO CUARENTENA ACTIVADO ***
[2026-06-04 20:10:23] [GUARDIAN] ¡ALERTA OUROBOROS! process_watchdog.py ha caído. Resucitándolo de inmediato.
[2026-06-04 20:10:23] [GUARDIAN] Watchdog resucitado con éxito.
[2026-06-04 20:10:53] [GUARDIAN] ALERTA: Daemon guardian modificado externamente
[2026-06-04 20:10:53] [GUARDIAN] *** MODO CUARENTENA ACTIVADO ***
[2026-06-04 20:10:53] [GUARDIAN] ¡ALERTA OUROBOROS! process_watchdog.py ha caído. Resucitándolo de inmediato.
[2026-06-04 20:10:54] [GUARDIAN] Watchdog resucitado con éxito.
[2026-06-04 20:11:24] [GUARDIAN] ALERTA: Daemon guardian modificado externamente
[2026-06-04 20:11:24] [GUARDIAN] *** MODO CUARENTENA ACTIVADO ***
[2026-06-04 20:11:24] [GUARDIAN] ¡ALERTA OUROBOROS! process_watchdog.py ha caído. Resucitándolo de inmediato.
[2026-06-04 20:11:24] [GUARDIAN] Watchdog resucitado con éxito.
[2026-06-04 20:11:54] [GUARDIAN] ALERTA: Daemon guardian modificado externamente
[2026-06-04 20:11:54] [GUARDIAN] *** MODO CUARENTENA ACTIVADO ***
[2026-06-04 20:11:54] [GUARDIAN] ¡ALERTA OUROBOROS! process_watchdog.py ha caído. Resucitándolo de inmediato.
[2026-06-04 20:11:54] [GUARDIAN] Watchdog resucitado con éxito.
[2026-06-04 20:12:24] [GUARDIAN] ALERTA: Daemon guardian modificado externamente
[2026-06-04 20:12:24] [GUARDIAN] *** MODO CUARENTENA ACTIVADO ***
[2026-06-04 20:12:24] [GUARDIAN] ¡ALERTA OUROBOROS! process_watchdog.py ha caído. Resucitándolo de inmediato.
[2026-06-04 20:12:24] [GUARDIAN] Watchdog resucitado con éxito.
[2026-06-04 20:12:54] [GUARDIAN] ALERTA: Daemon guardian modificado externamente
[2026-06-04 20:12:54] [GUARDIAN] *** MODO CUARENTENA ACTIVADO ***
[2026-06-04 20:12:54] [GUARDIAN] ¡ALERTA OUROBOROS! process_watchdog.py ha caído. Resucitándolo de inmediato.
[2026-06-04 20:12:54] [GUARDIAN] Watchdog resucitado con éxito.
[2026-06-04 20:13:24] [GUARDIAN] ALERTA: Daemon guardian modificado externamente
[2026-06-04 20:13:24] [GUARDIAN] *** MODO CUARENTENA ACTIVADO ***
[2026-06-04 20:13:24] [GUARDIAN] ¡ALERTA OUROBOROS! process_watchdog.py ha caído. Resucitándolo de inmediato.
[2026-06-04 20:13:24] [GUARDIAN] Watchdog resucitado con éxito.
[2026-06-04 20:13:54] [GUARDIAN] ALERTA: Daemon guardian modificado externamente
[2026-06-04 20:13:54] [GUARDIAN] *** MODO CUARENTENA ACTIVADO ***
[2026-06-04 20:13:54] [GUARDIAN] ¡ALERTA OUROBOROS! process_watchdog.py ha caído. Resucitándolo de inmediato.
[2026-06-04 20:13:54] [GUARDIAN] Watchdog resucitado con éxito.
[2026-06-04 20:14:24] [GUARDIAN] ALERTA: Daemon guardian modificado externamente
[2026-06-04 20:14:24] [GUARDIAN] *** MODO CUARENTENA ACTIVADO ***
[2026-06-04 20:14:24] [GUARDIAN] ¡ALERTA OUROBOROS! process_watchdog.py ha caído. Resucitándolo de inmediato.
[2026-06-04 20:14:24] [GUARDIAN] Watchdog resucitado con éxito.
[2026-06-04 20:14:54] [GUARDIAN] ALERTA: Daemon guardian modificado externamente
[2026-06-04 20:14:54] [GUARDIAN] *** MODO CUARENTENA ACTIVADO ***
[2026-06-04 20:14:54] [GUARDIAN] ¡ALERTA OUROBOROS! process_watchdog.py ha caído. Resucitándolo de inmediato.
[2026-06-04 20:14:54] [GUARDIAN] Watchdog resucitado con éxito.
[2026-06-04 20:15:24] [GUARDIAN] ALERTA: Daemon guardian modificado externamente
[2026-06-04 20:15:24] [GUARDIAN] *** MODO CUARENTENA ACTIVADO ***
[2026-06-04 20:15:24] [GUARDIAN] ¡ALERTA OUROBOROS! process_watchdog.py ha caído. Resucitándolo de inmediato.
[2026-06-04 20:15:24] [GUARDIAN] Watchdog resucitado con éxito.
[2026-06-04 20:15:54] [GUARDIAN] ALERTA: Daemon guardian modificado externamente
[2026-06-04 20:15:54] [GUARDIAN] *** MODO CUARENTENA ACTIVADO ***
[2026-06-04 20:15:54] [GUARDIAN] ¡ALERTA OUROBOROS! process_watchdog.py ha caído. Resucitándolo de inmediato.
[2026-06-04 20:15:54] [GUARDIAN] Watchdog resucitado con éxito.
[2026-06-04 20:16:24] [GUARDIAN] ALERTA: Daemon guardian modificado externamente
[2026-06-04 20:16:24] [GUARDIAN] *** MODO CUARENTENA ACTIVADO ***
[2026-06-04 20:16:24] [GUARDIAN] ¡ALERTA OUROBOROS! process_watchdog.py ha caído. Resucitándolo de inmediato.
[2026-06-04 20:16:24] [GUARDIAN] Watchdog resucitado con éxito.
[2026-06-04 20:16:54] [GUARDIAN] ALERTA: Daemon guardian modificado externamente
[2026-06-04 20:16:54] [GUARDIAN] *** MODO CUARENTENA ACTIVADO ***
[2026-06-04 20:16:54] [GUARDIAN] ¡ALERTA OUROBOROS! process_watchdog.py ha caído. Resucitándolo de inmediato.
[2026-06-04 20:16:54] [GUARDIAN] Watchdog resucitado con éxito.
[2026-06-04 20:17:24] [GUARDIAN] ALERTA: Daemon guardian modificado externamente
[2026-06-04 20:17:24] [GUARDIAN] *** MODO CUARENTENA ACTIVADO ***
[2026-06-04 20:17:24] [GUARDIAN] ¡ALERTA OUROBOROS! process_watchdog.py ha caído. Resucitándolo de inmediato.
[2026-06-04 20:17:24] [GUARDIAN] Watchdog resucitado con éxito.
[2026-06-04 20:17:54] [GUARDIAN] ALERTA: Daemon guardian modificado externamente
[2026-06-04 20:17:54] [GUARDIAN] *** MODO CUARENTENA ACTIVADO ***
[2026-06-04 20:17:54] [GUARDIAN] ¡ALERTA OUROBOROS! process_watchdog.py ha caído. Resucitándolo de inmediato.
[2026-06-04 20:17:54] [GUARDIAN] Watchdog resucitado con éxito.
[2026-06-04 20:18:24] [GUARDIAN] ALERTA: Daemon guardian modificado externamente
[2026-06-04 20:18:24] [GUARDIAN] *** MODO CUARENTENA ACTIVADO ***
[2026-06-04 20:18:24] [GUARDIAN] ¡ALERTA OUROBOROS! process_watchdog.py ha caído. Resucitándolo de inmediato.
[2026-06-04 20:18:24] [GUARDIAN] Watchdog resucitado con éxito.
[2026-06-04 20:18:54] [GUARDIAN] ALERTA: Daemon guardian modificado externamente
[2026-06-04 20:18:54] [GUARDIAN] *** MODO CUARENTENA ACTIVADO ***
[2026-06-04 20:18:54] [GUARDIAN] ¡ALERTA OUROBOROS! process_watchdog.py ha caído. Resucitándolo de inmediato.
[2026-06-04 20:18:54] [GUARDIAN] Watchdog resucitado con éxito.
[2026-06-04 20:19:24] [GUARDIAN] ALERTA: Daemon guardian modificado externamente
[2026-06-04 20:19:24] [GUARDIAN] *** MODO CUARENTENA ACTIVADO ***
[2026-06-04 20:19:24] [GUARDIAN] ¡ALERTA OUROBOROS! process_watchdog.py ha caído. Resucitándolo de inmediato.
[2026-06-04 20:19:24] [GUARDIAN] Watchdog resucitado con éxito.
[2026-06-04 20:19:54] [GUARDIAN] ALERTA: Daemon guardian modificado externamente
[2026-06-04 20:19:54] [GUARDIAN] *** MODO CUARENTENA ACTIVADO ***
[2026-06-04 20:19:54] [GUARDIAN] ¡ALERTA OUROBOROS! process_watchdog.py ha caído. Resucitándolo de inmediato.
[2026-06-04 20:19:54] [GUARDIAN] Watchdog resucitado con éxito.
[2026-06-04 20:20:24] [GUARDIAN] ALERTA: Daemon guardian modificado externamente
[2026-06-04 20:20:24] [GUARDIAN] *** MODO CUARENTENA ACTIVADO ***
[2026-06-04 20:20:24] [GUARDIAN] ¡ALERTA OUROBOROS! process_watchdog.py ha caído. Resucitándolo de inmediato.
[2026-06-04 20:20:24] [GUARDIAN] Watchdog resucitado con éxito.
[2026-06-04 20:20:54] [GUARDIAN] ALERTA: Daemon guardian modificado externamente
[2026-06-04 20:20:54] [GUARDIAN] *** MODO CUARENTENA ACTIVADO ***
[2026-06-04 20:20:55] [GUARDIAN] ¡ALERTA OUROBOROS! process_watchdog.py ha caído. Resucitándolo de inmediato.
[2026-06-04 20:20:55] [GUARDIAN] Watchdog resucitado con éxito.
[2026-06-04 20:21:25] [GUARDIAN] ALERTA: Daemon guardian modificado externamente
[2026-06-04 20:21:25] [GUARDIAN] *** MODO CUARENTENA ACTIVADO ***
[2026-06-04 20:21:25] [GUARDIAN] ¡ALERTA OUROBOROS! process_watchdog.py ha caído. Resucitándolo de inmediato.
[2026-06-04 20:21:25] [GUARDIAN] Watchdog resucitado con éxito.
[2026-06-04 20:21:55] [GUARDIAN] ALERTA: Daemon guardian modificado externamente
[2026-06-04 20:21:55] [GUARDIAN] *** MODO CUARENTENA ACTIVADO ***
[2026-06-04 20:21:55] [GUARDIAN] ¡ALERTA OUROBOROS! process_watchdog.py ha caído. Resucitándolo de inmediato.
[2026-06-04 20:21:55] [GUARDIAN] Watchdog resucitado con éxito.
[2026-06-04 20:22:25] [GUARDIAN] ALERTA: Daemon guardian modificado externamente
[2026-06-04 20:22:25] [GUARDIAN] *** MODO CUARENTENA ACTIVADO ***
[2026-06-04 20:22:25] [GUARDIAN] ¡ALERTA OUROBOROS! process_watchdog.py ha caído. Resucitándolo de inmediato.
[2026-06-04 20:22:25] [GUARDIAN] Watchdog resucitado con éxito.
[2026-06-04 20:22:55] [GUARDIAN] ALERTA: Daemon guardian modificado externamente
[2026-06-04 20:22:55] [GUARDIAN] *** MODO CUARENTENA ACTIVADO ***
[2026-06-04 20:22:55] [GUARDIAN] ¡ALERTA OUROBOROS! process_watchdog.py ha caído. Resucitándolo de inmediato.
[2026-06-04 20:22:55] [GUARDIAN] Watchdog resucitado con éxito.
[2026-06-04 20:23:25] [GUARDIAN] ALERTA: Daemon guardian modificado externamente
[2026-06-04 20:23:25] [GUARDIAN] *** MODO CUARENTENA ACTIVADO ***
[2026-06-04 20:23:25] [GUARDIAN] ¡ALERTA OUROBOROS! process_watchdog.py ha caído. Resucitándolo de inmediato.
[2026-06-04 20:23:25] [GUARDIAN] Watchdog resucitado con éxito.
[2026-06-04 20:23:55] [GUARDIAN] ALERTA: Daemon guardian modificado externamente
[2026-06-04 20:23:55] [GUARDIAN] *** MODO CUARENTENA ACTIVADO ***
[2026-06-04 20:23:55] [GUARDIAN] ¡ALERTA OUROBOROS! process_watchdog.py ha caído. Resucitándolo de inmediato.
[2026-06-04 20:23:55] [GUARDIAN] Watchdog resucitado con éxito.
[2026-06-04 20:24:25] [GUARDIAN] ALERTA: Daemon guardian modificado externamente
[2026-06-04 20:24:25] [GUARDIAN] *** MODO CUARENTENA ACTIVADO ***
[2026-06-04 20:24:25] [GUARDIAN] ¡ALERTA OUROBOROS! process_watchdog.py ha caído. Resucitándolo de inmediato.
[2026-06-04 20:24:25] [GUARDIAN] Watchdog resucitado con éxito.
[2026-06-04 20:24:55] [GUARDIAN] ALERTA: Daemon guardian modificado externamente
[2026-06-04 20:24:55] [GUARDIAN] *** MODO CUARENTENA ACTIVADO ***
[2026-06-04 20:24:55] [GUARDIAN] ¡ALERTA OUROBOROS! process_watchdog.py ha caído. Resucitándolo de inmediato.
[2026-06-04 20:24:55] [GUARDIAN] Watchdog resucitado con éxito.
[2026-06-04 20:25:25] [GUARDIAN] ALERTA: Daemon guardian modificado externamente
[2026-06-04 20:25:25] [GUARDIAN] *** MODO CUARENTENA ACTIVADO ***
[2026-06-04 20:25:25] [GUARDIAN] ¡ALERTA OUROBOROS! process_watchdog.py ha caído. Resucitándolo de inmediato.
[2026-06-04 20:25:25] [GUARDIAN] Watchdog resucitado con éxito.
[2026-06-04 20:25:55] [GUARDIAN] ALERTA: Daemon guardian modificado externamente
[2026-06-04 20:25:55] [GUARDIAN] *** MODO CUARENTENA ACTIVADO ***
[2026-06-04 20:25:55] [GUARDIAN] ¡ALERTA OUROBOROS! process_watchdog.py ha caído. Resucitándolo de inmediato.
[2026-06-04 20:25:55] [GUARDIAN] Watchdog resucitado con éxito.
[2026-06-04 20:26:25] [GUARDIAN] ALERTA: Daemon guardian modificado externamente
[2026-06-04 20:26:25] [GUARDIAN] *** MODO CUARENTENA ACTIVADO ***
[2026-06-04 20:26:25] [GUARDIAN] ¡ALERTA OUROBOROS! process_watchdog.py ha caído. Resucitándolo de inmediato.
[2026-06-04 20:26:25] [GUARDIAN] Watchdog resucitado con éxito.
[2026-06-04 20:26:55] [GUARDIAN] ALERTA: Daemon guardian modificado externamente
[2026-06-04 20:26:55] [GUARDIAN] *** MODO CUARENTENA ACTIVADO ***
[2026-06-04 20:26:55] [GUARDIAN] ¡ALERTA OUROBOROS! process_watchdog.py ha caído. Resucitándolo de inmediato.
[2026-06-04 20:26:55] [GUARDIAN] Watchdog resucitado con éxito.
[2026-06-04 20:27:25] [GUARDIAN] ALERTA: Daemon guardian modificado externamente
[2026-06-04 20:27:25] [GUARDIAN] *** MODO CUARENTENA ACTIVADO ***
[2026-06-04 20:27:25] [GUARDIAN] ¡ALERTA OUROBOROS! process_watchdog.py ha caído. Resucitándolo de inmediato.
[2026-06-04 20:27:25] [GUARDIAN] Watchdog resucitado con éxito.
[2026-06-04 20:27:55] [GUARDIAN] ALERTA: Daemon guardian modificado externamente
[2026-06-04 20:27:55] [GUARDIAN] *** MODO CUARENTENA ACTIVADO ***
[2026-06-04 20:27:55] [GUARDIAN] ¡ALERTA OUROBOROS! process_watchdog.py ha caído. Resucitándolo de inmediato.
[2026-06-04 20:27:55] [GUARDIAN] Watchdog resucitado con éxito.
[2026-06-04 20:28:25] [GUARDIAN] ALERTA: Daemon guardian modificado externamente
[2026-06-04 20:28:25] [GUARDIAN] *** MODO CUARENTENA ACTIVADO ***
[2026-06-04 20:28:25] [GUARDIAN] ¡ALERTA OUROBOROS! process_watchdog.py ha caído. Resucitándolo de inmediato.
[2026-06-04 20:28:25] [GUARDIAN] Watchdog resucitado con éxito.
[2026-06-04 20:28:55] [GUARDIAN] ALERTA: Daemon guardian modificado externamente
[2026-06-04 20:28:55] [GUARDIAN] *** MODO CUARENTENA ACTIVADO ***
[2026-06-04 20:28:55] [GUARDIAN] ¡ALERTA OUROBOROS! process_watchdog.py ha caído. Resucitándolo de inmediato.
[2026-06-04 20:28:55] [GUARDIAN] Watchdog resucitado con éxito.
[2026-06-04 20:29:25] [GUARDIAN] ALERTA: Daemon guardian modificado externamente
[2026-06-04 20:29:25] [GUARDIAN] *** MODO CUARENTENA ACTIVADO ***
[2026-06-04 20:29:25] [GUARDIAN] ¡ALERTA OUROBOROS! process_watchdog.py ha caído. Resucitándolo de inmediato.
[2026-06-04 20:29:25] [GUARDIAN] Watchdog resucitado con éxito.
[2026-06-04 20:29:55] [GUARDIAN] ALERTA: Daemon guardian modificado externamente
[2026-06-04 20:29:55] [GUARDIAN] *** MODO CUARENTENA ACTIVADO ***
[2026-06-04 20:29:55] [GUARDIAN] ¡ALERTA OUROBOROS! process_watchdog.py ha caído. Resucitándolo de inmediato.
[2026-06-04 20:29:55] [GUARDIAN] Watchdog resucitado con éxito.
[2026-06-04 20:30:25] [GUARDIAN] ALERTA: Daemon guardian modificado externamente
[2026-06-04 20:30:25] [GUARDIAN] *** MODO CUARENTENA ACTIVADO ***
[2026-06-04 20:30:25] [GUARDIAN] ¡ALERTA OUROBOROS! process_watchdog.py ha caído. Resucitándolo de inmediato.
[2026-06-04 20:30:25] [GUARDIAN] Watchdog resucitado con éxito.
[2026-06-04 20:30:55] [GUARDIAN] ALERTA: Daemon guardian modificado externamente
[2026-06-04 20:30:55] [GUARDIAN] *** MODO CUARENTENA ACTIVADO ***
[2026-06-04 20:30:55] [GUARDIAN] ¡ALERTA OUROBOROS! process_watchdog.py ha caído. Resucitándolo de inmediato.
[2026-06-04 20:30:55] [GUARDIAN] Watchdog resucitado con éxito.
[2026-06-04 20:31:25] [GUARDIAN] ALERTA: Daemon guardian modificado externamente
[2026-06-04 20:31:25] [GUARDIAN] *** MODO CUARENTENA ACTIVADO ***
[2026-06-04 20:31:26] [GUARDIAN] ¡ALERTA OUROBOROS! process_watchdog.py ha caído. Resucitándolo de inmediato.
[2026-06-04 20:31:26] [GUARDIAN] Watchdog resucitado con éxito.
[2026-06-04 20:31:56] [GUARDIAN] ALERTA: Daemon guardian modificado externamente
[2026-06-04 20:31:56] [GUARDIAN] *** MODO CUARENTENA ACTIVADO ***
[2026-06-04 20:31:56] [GUARDIAN] ¡ALERTA OUROBOROS! process_watchdog.py ha caído. Resucitándolo de inmediato.
[2026-06-04 20:31:56] [GUARDIAN] Watchdog resucitado con éxito.
[2026-06-04 20:32:26] [GUARDIAN] ALERTA: Daemon guardian modificado externamente
[2026-06-04 20:32:26] [GUARDIAN] *** MODO CUARENTENA ACTIVADO ***
[2026-06-04 20:32:26] [GUARDIAN] ¡ALERTA OUROBOROS! process_watchdog.py ha caído. Resucitándolo de inmediato.
[2026-06-04 20:32:26] [GUARDIAN] Watchdog resucitado con éxito.
[2026-06-04 20:32:56] [GUARDIAN] ALERTA: Daemon guardian modificado externamente
[2026-06-04 20:32:56] [GUARDIAN] *** MODO CUARENTENA ACTIVADO ***
[2026-06-04 20:32:56] [GUARDIAN] ¡ALERTA OUROBOROS! process_watchdog.py ha caído. Resucitándolo de inmediato.
[2026-06-04 20:32:56] [GUARDIAN] Watchdog resucitado con éxito.
[2026-06-04 20:33:26] [GUARDIAN] ALERTA: Daemon guardian modificado externamente
[2026-06-04 20:33:26] [GUARDIAN] *** MODO CUARENTENA ACTIVADO ***
[2026-06-04 20:33:26] [GUARDIAN] ¡ALERTA OUROBOROS! process_watchdog.py ha caído. Resucitándolo de inmediato.
[2026-06-04 20:33:26] [GUARDIAN] Watchdog resucitado con éxito.
[2026-06-04 20:33:56] [GUARDIAN] ALERTA: Daemon guardian modificado externamente
[2026-06-04 20:33:56] [GUARDIAN] *** MODO CUARENTENA ACTIVADO ***
[2026-06-04 20:33:56] [GUARDIAN] ¡ALERTA OUROBOROS! process_watchdog.py ha caído. Resucitándolo de inmediato.
[2026-06-04 20:33:56] [GUARDIAN] Watchdog resucitado con éxito.
[2026-06-04 20:34:26] [GUARDIAN] ALERTA: Daemon guardian modificado externamente
[2026-06-04 20:34:26] [GUARDIAN] *** MODO CUARENTENA ACTIVADO ***
[2026-06-04 20:34:26] [GUARDIAN] ¡ALERTA OUROBOROS! process_watchdog.py ha caído. Resucitándolo de inmediato.
[2026-06-04 20:34:26] [GUARDIAN] Watchdog resucitado con éxito.
[2026-06-04 20:34:56] [GUARDIAN] ALERTA: Daemon guardian modificado externamente
[2026-06-04 20:34:56] [GUARDIAN] *** MODO CUARENTENA ACTIVADO ***
[2026-06-04 20:34:56] [GUARDIAN] ¡ALERTA OUROBOROS! process_watchdog.py ha caído. Resucitándolo de inmediato.
[2026-06-04 20:34:56] [GUARDIAN] Watchdog resucitado con éxito.
[2026-06-04 20:35:26] [GUARDIAN] ALERTA: Daemon guardian modificado externamente
[2026-06-04 20:35:26] [GUARDIAN] *** MODO CUARENTENA ACTIVADO ***
[2026-06-04 20:35:26] [GUARDIAN] ¡ALERTA OUROBOROS! process_watchdog.py ha caído. Resucitándolo de inmediato.
[2026-06-04 20:35:26] [GUARDIAN] Watchdog resucitado con éxito.
[2026-06-04 20:35:56] [GUARDIAN] ALERTA: Daemon guardian modificado externamente
[2026-06-04 20:35:56] [GUARDIAN] *** MODO CUARENTENA ACTIVADO ***
[2026-06-04 20:35:56] [GUARDIAN] ¡ALERTA OUROBOROS! process_watchdog.py ha caído. Resucitándolo de inmediato.
[2026-06-04 20:35:56] [GUARDIAN] Watchdog resucitado con éxito.
[2026-06-04 20:36:26] [GUARDIAN] ALERTA: Daemon guardian modificado externamente
[2026-06-04 20:36:26] [GUARDIAN] *** MODO CUARENTENA ACTIVADO ***
[2026-06-04 20:36:26] [GUARDIAN] ¡ALERTA OUROBOROS! process_watchdog.py ha caído. Resucitándolo de inmediato.
[2026-06-04 20:36:26] [GUARDIAN] Watchdog resucitado con éxito.
[2026-06-04 20:36:56] [GUARDIAN] ALERTA: Daemon guardian modificado externamente
[2026-06-04 20:36:56] [GUARDIAN] *** MODO CUARENTENA ACTIVADO ***
[2026-06-04 20:36:56] [GUARDIAN] ¡ALERTA OUROBOROS! process_watchdog.py ha caído. Resucitándolo de inmediato.
[2026-06-04 20:36:56] [GUARDIAN] Watchdog resucitado con éxito.
[2026-06-04 20:37:26] [GUARDIAN] ALERTA: Daemon guardian modificado externamente
[2026-06-04 20:37:26] [GUARDIAN] *** MODO CUARENTENA ACTIVADO ***
[2026-06-04 20:37:26] [GUARDIAN] ¡ALERTA OUROBOROS! process_watchdog.py ha caído. Resucitándolo de inmediato.
[2026-06-04 20:37:26] [GUARDIAN] Watchdog resucitado con éxito.
[2026-06-04 20:37:56] [GUARDIAN] ALERTA: Daemon guardian modificado externamente
[2026-06-04 20:37:56] [GUARDIAN] *** MODO CUARENTENA ACTIVADO ***
[2026-06-04 20:37:56] [GUARDIAN] ¡ALERTA OUROBOROS! process_watchdog.py ha caído. Resucitándolo de inmediato.
[2026-06-04 20:37:56] [GUARDIAN] Watchdog resucitado con éxito.
[2026-06-04 20:38:26] [GUARDIAN] ALERTA: Daemon guardian modificado externamente
[2026-06-04 20:38:26] [GUARDIAN] *** MODO CUARENTENA ACTIVADO ***
[2026-06-04 20:38:26] [GUARDIAN] ¡ALERTA OUROBOROS! process_watchdog.py ha caído. Resucitándolo de inmediato.
[2026-06-04 20:38:26] [GUARDIAN] Watchdog resucitado con éxito.
[2026-06-04 20:38:56] [GUARDIAN] ALERTA: Daemon guardian modificado externamente
[2026-06-04 20:38:56] [GUARDIAN] *** MODO CUARENTENA ACTIVADO ***
[2026-06-04 20:38:56] [GUARDIAN] ¡ALERTA OUROBOROS! process_watchdog.py ha caído. Resucitándolo de inmediato.
[2026-06-04 20:38:56] [GUARDIAN] Watchdog resucitado con éxito.
[2026-06-04 20:39:26] [GUARDIAN] ALERTA: Daemon guardian modificado externamente
[2026-06-04 20:39:26] [GUARDIAN] *** MODO CUARENTENA ACTIVADO ***
[2026-06-04 20:39:26] [GUARDIAN] ¡ALERTA OUROBOROS! process_watchdog.py ha caído. Resucitándolo de inmediato.
[2026-06-04 20:39:26] [GUARDIAN] Watchdog resucitado con éxito.
[2026-06-04 20:39:56] [GUARDIAN] ALERTA: Daemon guardian modificado externamente
[2026-06-04 20:39:56] [GUARDIAN] *** MODO CUARENTENA ACTIVADO ***
[2026-06-04 20:39:56] [GUARDIAN] ¡ALERTA OUROBOROS! process_watchdog.py ha caído. Resucitándolo de inmediato.
[2026-06-04 20:39:56] [GUARDIAN] Watchdog resucitado con éxito.
[2026-06-04 20:40:26] [GUARDIAN] ALERTA: Daemon guardian modificado externamente
[2026-06-04 20:40:26] [GUARDIAN] *** MODO CUARENTENA ACTIVADO ***
[2026-06-04 20:40:26] [GUARDIAN] ¡ALERTA OUROBOROS! process_watchdog.py ha caído. Resucitándolo de inmediato.
[2026-06-04 20:40:26] [GUARDIAN] Watchdog resucitado con éxito.
[2026-06-04 20:40:56] [GUARDIAN] ALERTA: Daemon guardian modificado externamente
[2026-06-04 20:40:56] [GUARDIAN] *** MODO CUARENTENA ACTIVADO ***
[2026-06-04 20:40:57] [GUARDIAN] ¡ALERTA OUROBOROS! process_watchdog.py ha caído. Resucitándolo de inmediato.
[2026-06-04 20:40:57] [GUARDIAN] Watchdog resucitado con éxito.
[2026-06-04 20:41:27] [GUARDIAN] ALERTA: Daemon guardian modificado externamente
[2026-06-04 20:41:27] [GUARDIAN] *** MODO CUARENTENA ACTIVADO ***
[2026-06-04 20:41:27] [GUARDIAN] ¡ALERTA OUROBOROS! process_watchdog.py ha caído. Resucitándolo de inmediato.
[2026-06-04 20:41:27] [GUARDIAN] Watchdog resucitado con éxito.
[2026-06-04 20:41:57] [GUARDIAN] ALERTA: Daemon guardian modificado externamente
[2026-06-04 20:41:57] [GUARDIAN] *** MODO CUARENTENA ACTIVADO ***
[2026-06-04 20:41:57] [GUARDIAN] ¡ALERTA OUROBOROS! process_watchdog.py ha caído. Resucitándolo de inmediato.
[2026-06-04 20:41:57] [GUARDIAN] Watchdog resucitado con éxito.
[2026-06-04 20:42:27] [GUARDIAN] ALERTA: Daemon guardian modificado externamente
[2026-06-04 20:42:27] [GUARDIAN] *** MODO CUARENTENA ACTIVADO ***
[2026-06-04 20:42:27] [GUARDIAN] ¡ALERTA OUROBOROS! process_watchdog.py ha caído. Resucitándolo de inmediato.
[2026-06-04 20:42:27] [GUARDIAN] Watchdog resucitado con éxito.
[2026-06-04 20:42:57] [GUARDIAN] ALERTA: Daemon guardian modificado externamente
[2026-06-04 20:42:57] [GUARDIAN] *** MODO CUARENTENA ACTIVADO ***
[2026-06-04 20:42:57] [GUARDIAN] ¡ALERTA OUROBOROS! process_watchdog.py ha caído. Resucitándolo de inmediato.
[2026-06-04 20:42:57] [GUARDIAN] Watchdog resucitado con éxito.
[2026-06-04 20:43:27] [GUARDIAN] ALERTA: Daemon guardian modificado externamente
[2026-06-04 20:43:27] [GUARDIAN] *** MODO CUARENTENA ACTIVADO ***
[2026-06-04 20:43:27] [GUARDIAN] ¡ALERTA OUROBOROS! process_watchdog.py ha caído. Resucitándolo de inmediato.
[2026-06-04 20:43:27] [GUARDIAN] Watchdog resucitado con éxito.
[2026-06-04 20:43:57] [GUARDIAN] ALERTA: Daemon guardian modificado externamente
[2026-06-04 20:43:57] [GUARDIAN] *** MODO CUARENTENA ACTIVADO ***
[2026-06-04 20:43:57] [GUARDIAN] ¡ALERTA OUROBOROS! process_watchdog.py ha caído. Resucitándolo de inmediato.
[2026-06-04 20:43:57] [GUARDIAN] Watchdog resucitado con éxito.
[2026-06-04 20:44:27] [GUARDIAN] ALERTA: Daemon guardian modificado externamente
[2026-06-04 20:44:27] [GUARDIAN] *** MODO CUARENTENA ACTIVADO ***
[2026-06-04 20:44:27] [GUARDIAN] ¡ALERTA OUROBOROS! process_watchdog.py ha caído. Resucitándolo de inmediato.
[2026-06-04 20:44:27] [GUARDIAN] Watchdog resucitado con éxito.
[2026-06-04 20:44:57] [GUARDIAN] ALERTA: Daemon guardian modificado externamente
[2026-06-04 20:44:57] [GUARDIAN] *** MODO CUARENTENA ACTIVADO ***
[2026-06-04 20:44:57] [GUARDIAN] ¡ALERTA OUROBOROS! process_watchdog.py ha caído. Resucitándolo de inmediato.
[2026-06-04 20:44:57] [GUARDIAN] Watchdog resucitado con éxito.
[2026-06-04 20:45:27] [GUARDIAN] ALERTA: Daemon guardian modificado externamente
[2026-06-04 20:45:27] [GUARDIAN] *** MODO CUARENTENA ACTIVADO ***
[2026-06-04 20:45:27] [GUARDIAN] ¡ALERTA OUROBOROS! process_watchdog.py ha caído. Resucitándolo de inmediato.
[2026-06-04 20:45:27] [GUARDIAN] Watchdog resucitado con éxito.
[2026-06-04 20:45:57] [GUARDIAN] ALERTA: Daemon guardian modificado externamente
[2026-06-04 20:45:57] [GUARDIAN] *** MODO CUARENTENA ACTIVADO ***
[2026-06-04 20:45:57] [GUARDIAN] ¡ALERTA OUROBOROS! process_watchdog.py ha caído. Resucitándolo de inmediato.
[2026-06-04 20:45:57] [GUARDIAN] Watchdog resucitado con éxito.
[2026-06-04 20:46:27] [GUARDIAN] ALERTA: Daemon guardian modificado externamente
[2026-06-04 20:46:27] [GUARDIAN] *** MODO CUARENTENA ACTIVADO ***
[2026-06-04 20:46:27] [GUARDIAN] ¡ALERTA OUROBOROS! process_watchdog.py ha caído. Resucitándolo de inmediato.
[2026-06-04 20:46:27] [GUARDIAN] Watchdog resucitado con éxito.
[2026-06-04 20:46:57] [GUARDIAN] ALERTA: Daemon guardian modificado externamente
[2026-06-04 20:46:57] [GUARDIAN] *** MODO CUARENTENA ACTIVADO ***
[2026-06-04 20:46:57] [GUARDIAN] ¡ALERTA OUROBOROS! process_watchdog.py ha caído. Resucitándolo de inmediato.
[2026-06-04 20:46:57] [GUARDIAN] Watchdog resucitado con éxito.
[2026-06-04 20:47:27] [GUARDIAN] ALERTA: Daemon guardian modificado externamente
[2026-06-04 20:47:27] [GUARDIAN] *** MODO CUARENTENA ACTIVADO ***
[2026-06-04 20:47:27] [GUARDIAN] ¡ALERTA OUROBOROS! process_watchdog.py ha caído. Resucitándolo de inmediato.
[2026-06-04 20:47:27] [GUARDIAN] Watchdog resucitado con éxito.
[2026-06-04 20:47:57] [GUARDIAN] ALERTA: Daemon guardian modificado externamente
[2026-06-04 20:47:57] [GUARDIAN] *** MODO CUARENTENA ACTIVADO ***
[2026-06-04 20:47:57] [GUARDIAN] ¡ALERTA OUROBOROS! process_watchdog.py ha caído. Resucitándolo de inmediato.
[2026-06-04 20:47:57] [GUARDIAN] Watchdog resucitado con éxito.
[2026-06-04 20:48:27] [GUARDIAN] ALERTA: Daemon guardian modificado externamente
[2026-06-04 20:48:27] [GUARDIAN] *** MODO CUARENTENA ACTIVADO ***
[2026-06-04 20:48:27] [GUARDIAN] ¡ALERTA OUROBOROS! process_watchdog.py ha caído. Resucitándolo de inmediato.
[2026-06-04 20:48:27] [GUARDIAN] Watchdog resucitado con éxito.
[2026-06-04 20:48:57] [GUARDIAN] ALERTA: Daemon guardian modificado externamente
[2026-06-04 20:48:57] [GUARDIAN] *** MODO CUARENTENA ACTIVADO ***
[2026-06-04 20:48:57] [GUARDIAN] ¡ALERTA OUROBOROS! process_watchdog.py ha caído. Resucitándolo de inmediato.
[2026-06-04 20:48:57] [GUARDIAN] Watchdog resucitado con éxito.
[2026-06-04 20:49:27] [GUARDIAN] ALERTA: Daemon guardian modificado externamente
[2026-06-04 20:49:27] [GUARDIAN] *** MODO CUARENTENA ACTIVADO ***
[2026-06-04 20:49:27] [GUARDIAN] ¡ALERTA OUROBOROS! process_watchdog.py ha caído. Resucitándolo de inmediato.
[2026-06-04 20:49:27] [GUARDIAN] Watchdog resucitado con éxito.
[2026-06-04 20:49:57] [GUARDIAN] ALERTA: Daemon guardian modificado externamente
[2026-06-04 20:49:57] [GUARDIAN] *** MODO CUARENTENA ACTIVADO ***
[2026-06-04 20:49:57] [GUARDIAN] ¡ALERTA OUROBOROS! process_watchdog.py ha caído. Resucitándolo de inmediato.
[2026-06-04 20:49:57] [GUARDIAN] Watchdog resucitado con éxito.
[2026-06-04 20:50:27] [GUARDIAN] ALERTA: Daemon guardian modificado externamente
[2026-06-04 20:50:27] [GUARDIAN] *** MODO CUARENTENA ACTIVADO ***
[2026-06-04 20:50:27] [GUARDIAN] ¡ALERTA OUROBOROS! process_watchdog.py ha caído. Resucitándolo de inmediato.
[2026-06-04 20:50:27] [GUARDIAN] Watchdog resucitado con éxito.
[2026-06-04 20:50:57] [GUARDIAN] ALERTA: Daemon guardian modificado externamente
[2026-06-04 20:50:57] [GUARDIAN] *** MODO CUARENTENA ACTIVADO ***
[2026-06-04 20:50:58] [GUARDIAN] ¡ALERTA OUROBOROS! process_watchdog.py ha caído. Resucitándolo de inmediato.
[2026-06-04 20:50:58] [GUARDIAN] Watchdog resucitado con éxito.
[2026-06-04 20:51:28] [GUARDIAN] ALERTA: Daemon guardian modificado externamente
[2026-06-04 20:51:28] [GUARDIAN] *** MODO CUARENTENA ACTIVADO ***
[2026-06-04 20:51:28] [GUARDIAN] ¡ALERTA OUROBOROS! process_watchdog.py ha caído. Resucitándolo de inmediato.
[2026-06-04 20:51:28] [GUARDIAN] Watchdog resucitado con éxito.
[2026-06-04 20:51:58] [GUARDIAN] ALERTA: Daemon guardian modificado externamente
[2026-06-04 20:51:58] [GUARDIAN] *** MODO CUARENTENA ACTIVADO ***
[2026-06-04 20:51:58] [GUARDIAN] ¡ALERTA OUROBOROS! process_watchdog.py ha caído. Resucitándolo de inmediato.
[2026-06-04 20:51:58] [GUARDIAN] Watchdog resucitado con éxito.
[2026-06-04 20:52:28] [GUARDIAN] ALERTA: Daemon guardian modificado externamente
[2026-06-04 20:52:28] [GUARDIAN] *** MODO CUARENTENA ACTIVADO ***
[2026-06-04 20:52:28] [GUARDIAN] ¡ALERTA OUROBOROS! process_watchdog.py ha caído. Resucitándolo de inmediato.
[2026-06-04 20:52:28] [GUARDIAN] Watchdog resucitado con éxito.
[2026-06-04 20:52:58] [GUARDIAN] ALERTA: Daemon guardian modificado externamente
[2026-06-04 20:52:58] [GUARDIAN] *** MODO CUARENTENA ACTIVADO ***
[2026-06-04 20:52:58] [GUARDIAN] ¡ALERTA OUROBOROS! process_watchdog.py ha caído. Resucitándolo de inmediato.
[2026-06-04 20:52:58] [GUARDIAN] Watchdog resucitado con éxito.
[2026-06-04 20:53:28] [GUARDIAN] ALERTA: Daemon guardian modificado externamente
[2026-06-04 20:53:28] [GUARDIAN] *** MODO CUARENTENA ACTIVADO ***
[2026-06-04 20:53:28] [GUARDIAN] ¡ALERTA OUROBOROS! process_watchdog.py ha caído. Resucitándolo de inmediato.
[2026-06-04 20:53:28] [GUARDIAN] Watchdog resucitado con éxito.
[2026-06-04 20:53:58] [GUARDIAN] ALERTA: Daemon guardian modificado externamente
[2026-06-04 20:53:58] [GUARDIAN] *** MODO CUARENTENA ACTIVADO ***
[2026-06-04 20:53:58] [GUARDIAN] ¡ALERTA OUROBOROS! process_watchdog.py ha caído. Resucitándolo de inmediato.
[2026-06-04 20:53:58] [GUARDIAN] Watchdog resucitado con éxito.
[2026-06-04 20:54:28] [GUARDIAN] ALERTA: Daemon guardian modificado externamente
[2026-06-04 20:54:28] [GUARDIAN] *** MODO CUARENTENA ACTIVADO ***
[2026-06-04 20:54:28] [GUARDIAN] ¡ALERTA OUROBOROS! process_watchdog.py ha caído. Resucitándolo de inmediato.
[2026-06-04 20:54:28] [GUARDIAN] Watchdog resucitado con éxito.
[2026-06-04 20:54:58] [GUARDIAN] ALERTA: Daemon guardian modificado externamente
[2026-06-04 20:54:58] [GUARDIAN] *** MODO CUARENTENA ACTIVADO ***
[2026-06-04 20:54:58] [GUARDIAN] ¡ALERTA OUROBOROS! process_watchdog.py ha caído. Resucitándolo de inmediato.
[2026-06-04 20:54:58] [GUARDIAN] Watchdog resucitado con éxito.
[2026-06-04 20:55:28] [GUARDIAN] ALERTA: Daemon guardian modificado externamente
[2026-06-04 20:55:28] [GUARDIAN] *** MODO CUARENTENA ACTIVADO ***
[2026-06-04 20:55:28] [GUARDIAN] ¡ALERTA OUROBOROS! process_watchdog.py ha caído. Resucitándolo de inmediato.
[2026-06-04 20:55:28] [GUARDIAN] Watchdog resucitado con éxito.
[2026-06-04 20:55:58] [GUARDIAN] ALERTA: Daemon guardian modificado externamente
[2026-06-04 20:55:58] [GUARDIAN] *** MODO CUARENTENA ACTIVADO ***
[2026-06-04 20:55:58] [GUARDIAN] ¡ALERTA OUROBOROS! process_watchdog.py ha caído. Resucitándolo de inmediato.
[2026-06-04 20:55:58] [GUARDIAN] Watchdog resucitado con éxito.
[2026-06-04 20:56:28] [GUARDIAN] ALERTA: Daemon guardian modificado externamente
[2026-06-04 20:56:28] [GUARDIAN] *** MODO CUARENTENA ACTIVADO ***
[2026-06-04 20:56:28] [GUARDIAN] ¡ALERTA OUROBOROS! process_watchdog.py ha caído. Resucitándolo de inmediato.
[2026-06-04 20:56:28] [GUARDIAN] Watchdog resucitado con éxito.
[2026-06-04 20:56:58] [GUARDIAN] ALERTA: Daemon guardian modificado externamente
[2026-06-04 20:56:58] [GUARDIAN] *** MODO CUARENTENA ACTIVADO ***
[2026-06-04 20:56:58] [GUARDIAN] ¡ALERTA OUROBOROS! process_watchdog.py ha caído. Resucitándolo de inmediato.
[2026-06-04 20:56:58] [GUARDIAN] Watchdog resucitado con éxito.
[2026-06-04 20:57:28] [GUARDIAN] ALERTA: Daemon guardian modificado externamente
[2026-06-04 20:57:28] [GUARDIAN] *** MODO CUARENTENA ACTIVADO ***
[2026-06-04 20:57:28] [GUARDIAN] ¡ALERTA OUROBOROS! process_watchdog.py ha caído. Resucitándolo de inmediato.
[2026-06-04 20:57:28] [GUARDIAN] Watchdog resucitado con éxito.
[2026-06-04 20:57:58] [GUARDIAN] ALERTA: Daemon guardian modificado externamente
[2026-06-04 20:57:58] [GUARDIAN] *** MODO CUARENTENA ACTIVADO ***
[2026-06-04 20:57:58] [GUARDIAN] ¡ALERTA OUROBOROS! process_watchdog.py ha caído. Resucitándolo de inmediato.
[2026-06-04 20:57:58] [GUARDIAN] Watchdog resucitado con éxito.
[2026-06-04 20:58:28] [GUARDIAN] ALERTA: Daemon guardian modificado externamente
[2026-06-04 20:58:28] [GUARDIAN] *** MODO CUARENTENA ACTIVADO ***
[2026-06-04 20:58:28] [GUARDIAN] ¡ALERTA OUROBOROS! process_watchdog.py ha caído. Resucitándolo de inmediato.
[2026-06-04 20:58:28] [GUARDIAN] Watchdog resucitado con éxito.
[2026-06-04 20:58:58] [GUARDIAN] ALERTA: Daemon guardian modificado externamente
[2026-06-04 20:58:58] [GUARDIAN] *** MODO CUARENTENA ACTIVADO ***
[2026-06-04 20:58:58] [GUARDIAN] ¡ALERTA OUROBOROS! process_watchdog.py ha caído. Resucitándolo de inmediato.
[2026-06-04 20:58:58] [GUARDIAN] Watchdog resucitado con éxito.
[2026-06-04 20:59:28] [GUARDIAN] ALERTA: Daemon guardian modificado externamente
[2026-06-04 20:59:28] [GUARDIAN] *** MODO CUARENTENA ACTIVADO ***
[2026-06-04 20:59:28] [GUARDIAN] ¡ALERTA OUROBOROS! process_watchdog.py ha caído. Resucitándolo de inmediato.
[2026-06-04 20:59:28] [GUARDIAN] Watchdog resucitado con éxito.
[2026-06-04 20:59:58] [GUARDIAN] ALERTA: Daemon guardian modificado externamente
[2026-06-04 20:59:58] [GUARDIAN] *** MODO CUARENTENA ACTIVADO ***
[2026-06-04 20:59:58] [GUARDIAN] ¡ALERTA OUROBOROS! process_watchdog.py ha caído. Resucitándolo de inmediato.
[2026-06-04 20:59:58] [GUARDIAN] Watchdog resucitado con éxito.
[2026-06-04 21:00:28] [GUARDIAN] ALERTA: Daemon guardian modificado externamente
[2026-06-04 21:00:28] [GUARDIAN] *** MODO CUARENTENA ACTIVADO ***
[2026-06-04 21:00:29] [GUARDIAN] ¡ALERTA OUROBOROS! process_watchdog.py ha caído. Resucitándolo de inmediato.
[2026-06-04 21:00:29] [GUARDIAN] Watchdog resucitado con éxito.
[2026-06-04 21:00:59] [GUARDIAN] ALERTA: Daemon guardian modificado externamente
[2026-06-04 21:00:59] [GUARDIAN] *** MODO CUARENTENA ACTIVADO ***
[2026-06-04 21:00:59] [GUARDIAN] ¡ALERTA OUROBOROS! process_watchdog.py ha caído. Resucitándolo de inmediato.
[2026-06-04 21:00:59] [GUARDIAN] Watchdog resucitado con éxito.
[2026-06-04 21:01:29] [GUARDIAN] ALERTA: Daemon guardian modificado externamente
[2026-06-04 21:01:29] [GUARDIAN] *** MODO CUARENTENA ACTIVADO ***
[2026-06-04 21:01:29] [GUARDIAN] ¡ALERTA OUROBOROS! process_watchdog.py ha caído. Resucitándolo de inmediato.
[2026-06-04 21:01:29] [GUARDIAN] Watchdog resucitado con éxito.
[2026-06-04 21:01:59] [GUARDIAN] ALERTA: Daemon guardian modificado externamente
[2026-06-04 21:01:59] [GUARDIAN] *** MODO CUARENTENA ACTIVADO ***
[2026-06-04 21:01:59] [GUARDIAN] ¡ALERTA OUROBOROS! process_watchdog.py ha caído. Resucitándolo de inmediato.
[2026-06-04 21:01:59] [GUARDIAN] Watchdog resucitado con éxito.
[2026-06-04 21:02:29] [GUARDIAN] ALERTA: Daemon guardian modificado externamente
[2026-06-04 21:02:29] [GUARDIAN] *** MODO CUARENTENA ACTIVADO ***
[2026-06-04 21:02:29] [GUARDIAN] ¡ALERTA OUROBOROS! process_watchdog.py ha caído. Resucitándolo de inmediato.
[2026-06-04 21:02:29] [GUARDIAN] Watchdog resucitado con éxito.
[2026-06-04 21:02:59] [GUARDIAN] ALERTA: Daemon guardian modificado externamente
[2026-06-04 21:02:59] [GUARDIAN] *** MODO CUARENTENA ACTIVADO ***
[2026-06-04 21:02:59] [GUARDIAN] ¡ALERTA OUROBOROS! process_watchdog.py ha caído. Resucitándolo de inmediato.
[2026-06-04 21:02:59] [GUARDIAN] Watchdog resucitado con éxito.
[2026-06-04 21:03:29] [GUARDIAN] ALERTA: Daemon guardian modificado externamente
[2026-06-04 21:03:29] [GUARDIAN] *** MODO CUARENTENA ACTIVADO ***
[2026-06-04 21:03:29] [GUARDIAN] ¡ALERTA OUROBOROS! process_watchdog.py ha caído. Resucitándolo de inmediato.
[2026-06-04 21:03:29] [GUARDIAN] Watchdog resucitado con éxito.
[2026-06-04 21:03:59] [GUARDIAN] ALERTA: Daemon guardian modificado externamente
[2026-06-04 21:03:59] [GUARDIAN] *** MODO CUARENTENA ACTIVADO ***
[2026-06-04 21:03:59] [GUARDIAN] ¡ALERTA OUROBOROS! process_watchdog.py ha caído. Resucitándolo de inmediato.
[2026-06-04 21:03:59] [GUARDIAN] Watchdog resucitado con éxito.
[2026-06-04 21:04:29] [GUARDIAN] ALERTA: Daemon guardian modificado externamente
[2026-06-04 21:04:29] [GUARDIAN] *** MODO CUARENTENA ACTIVADO ***
[2026-06-04 21:04:29] [GUARDIAN] ¡ALERTA OUROBOROS! process_watchdog.py ha caído. Resucitándolo de inmediato.
[2026-06-04 21:04:29] [GUARDIAN] Watchdog resucitado con éxito.
[2026-06-04 21:04:59] [GUARDIAN] ALERTA: Daemon guardian modificado externamente
[2026-06-04 21:04:59] [GUARDIAN] *** MODO CUARENTENA ACTIVADO ***
[2026-06-04 21:04:59] [GUARDIAN] ¡ALERTA OUROBOROS! process_watchdog.py ha caído. Resucitándolo de inmediato.
[2026-06-04 21:04:59] [GUARDIAN] Watchdog resucitado con éxito.
[2026-06-04 21:05:29] [GUARDIAN] ALERTA: Daemon guardian modificado externamente
[2026-06-04 21:05:29] [GUARDIAN] *** MODO CUARENTENA ACTIVADO ***
[2026-06-04 21:05:29] [GUARDIAN] ¡ALERTA OUROBOROS! process_watchdog.py ha caído. Resucitándolo de inmediato.
[2026-06-04 21:05:29] [GUARDIAN] Watchdog resucitado con éxito.
[2026-06-04 21:05:59] [GUARDIAN] ALERTA: Daemon guardian modificado externamente
[2026-06-04 21:05:59] [GUARDIAN] *** MODO CUARENTENA ACTIVADO ***
[2026-06-04 21:05:59] [GUARDIAN] ¡ALERTA OUROBOROS! process_watchdog.py ha caído. Resucitándolo de inmediato.
[2026-06-04 21:05:59] [GUARDIAN] Watchdog resucitado con éxito.
[2026-06-04 21:06:29] [GUARDIAN] ALERTA: Daemon guardian modificado externamente
[2026-06-04 21:06:29] [GUARDIAN] *** MODO CUARENTENA ACTIVADO ***
[2026-06-04 21:06:29] [GUARDIAN] ¡ALERTA OUROBOROS! process_watchdog.py ha caído. Resucitándolo de inmediato.
[2026-06-04 21:06:29] [GUARDIAN] Watchdog resucitado con éxito.
[2026-06-04 21:06:59] [GUARDIAN] ALERTA: Daemon guardian modificado externamente
[2026-06-04 21:06:59] [GUARDIAN] *** MODO CUARENTENA ACTIVADO ***
[2026-06-04 21:06:59] [GUARDIAN] ¡ALERTA OUROBOROS! process_watchdog.py ha caído. Resucitándolo de inmediato.
[2026-06-04 21:06:59] [GUARDIAN] Watchdog resucitado con éxito.
[2026-06-04 21:07:29] [GUARDIAN] ALERTA: Daemon guardian modificado externamente
[2026-06-04 21:07:29] [GUARDIAN] *** MODO CUARENTENA ACTIVADO ***
[2026-06-04 21:07:29] [GUARDIAN] ¡ALERTA OUROBOROS! process_watchdog.py ha caído. Resucitándolo de inmediato.
[2026-06-04 21:07:29] [GUARDIAN] Watchdog resucitado con éxito.
[2026-06-04 21:07:59] [GUARDIAN] ALERTA: Daemon guardian modificado externamente
[2026-06-04 21:07:59] [GUARDIAN] *** MODO CUARENTENA ACTIVADO ***
[2026-06-04 21:07:59] [GUARDIAN] ¡ALERTA OUROBOROS! process_watchdog.py ha caído. Resucitándolo de inmediato.
[2026-06-04 21:07:59] [GUARDIAN] Watchdog resucitado con éxito.
[2026-06-04 21:08:29] [GUARDIAN] ALERTA: Daemon guardian modificado externamente
[2026-06-04 21:08:29] [GUARDIAN] *** MODO CUARENTENA ACTIVADO ***
[2026-06-04 21:08:29] [GUARDIAN] ¡ALERTA OUROBOROS! process_watchdog.py ha caído. Resucitándolo de inmediato.
[2026-06-04 21:08:29] [GUARDIAN] Watchdog resucitado con éxito.
[2026-06-04 21:08:59] [GUARDIAN] ALERTA: Daemon guardian modificado externamente
[2026-06-04 21:08:59] [GUARDIAN] *** MODO CUARENTENA ACTIVADO ***
[2026-06-04 21:08:59] [GUARDIAN] ¡ALERTA OUROBOROS! process_watchdog.py ha caído. Resucitándolo de inmediato.
[2026-06-04 21:08:59] [GUARDIAN] Watchdog resucitado con éxito.
[2026-06-04 21:09:29] [GUARDIAN] ALERTA: Daemon guardian modificado externamente
[2026-06-04 21:09:29] [GUARDIAN] *** MODO CUARENTENA ACTIVADO ***
[2026-06-04 21:09:29] [GUARDIAN] ¡ALERTA OUROBOROS! process_watchdog.py ha caído. Resucitándolo de inmediato.
[2026-06-04 21:09:29] [GUARDIAN] Watchdog resucitado con éxito.
[2026-06-04 21:09:59] [GUARDIAN] ALERTA: Daemon guardian modificado externamente
[2026-06-04 21:09:59] [GUARDIAN] *** MODO CUARENTENA ACTIVADO ***
[2026-06-04 21:09:59] [GUARDIAN] ¡ALERTA OUROBOROS! process_watchdog.py ha caído. Resucitándolo de inmediato.
[2026-06-04 21:09:59] [GUARDIAN] Watchdog resucitado con éxito.
[2026-06-04 21:10:29] [GUARDIAN] ALERTA: Daemon guardian modificado externamente
[2026-06-04 21:10:29] [GUARDIAN] *** MODO CUARENTENA ACTIVADO ***
[2026-06-04 21:10:30] [GUARDIAN] ¡ALERTA OUROBOROS! process_watchdog.py ha caído. Resucitándolo de inmediato.
[2026-06-04 21:10:30] [GUARDIAN] Watchdog resucitado con éxito.
[2026-06-04 21:11:00] [GUARDIAN] ALERTA: Daemon guardian modificado externamente
[2026-06-04 21:11:00] [GUARDIAN] *** MODO CUARENTENA ACTIVADO ***
[2026-06-04 21:11:00] [GUARDIAN] ¡ALERTA OUROBOROS! process_watchdog.py ha caído. Resucitándolo de inmediato.
[2026-06-04 21:11:00] [GUARDIAN] Watchdog resucitado con éxito.
[2026-06-04 21:11:30] [GUARDIAN] ALERTA: Daemon guardian modificado externamente
[2026-06-04 21:11:30] [GUARDIAN] *** MODO CUARENTENA ACTIVADO ***
[2026-06-04 21:11:30] [GUARDIAN] ¡ALERTA OUROBOROS! process_watchdog.py ha caído. Resucitándolo de inmediato.
[2026-06-04 21:11:30] [GUARDIAN] Watchdog resucitado con éxito.
[2026-06-04 21:12:00] [GUARDIAN] ALERTA: Daemon guardian modificado externamente
[2026-06-04 21:12:00] [GUARDIAN] *** MODO CUARENTENA ACTIVADO ***
[2026-06-04 21:12:00] [GUARDIAN] ¡ALERTA OUROBOROS! process_watchdog.py ha caído. Resucitándolo de inmediato.
[2026-06-04 21:12:00] [GUARDIAN] Watchdog resucitado con éxito.
[2026-06-04 21:12:30] [GUARDIAN] ALERTA: Daemon guardian modificado externamente
[2026-06-04 21:12:30] [GUARDIAN] *** MODO CUARENTENA ACTIVADO ***
[2026-06-04 21:12:30] [GUARDIAN] ¡ALERTA OUROBOROS! process_watchdog.py ha caído. Resucitándolo de inmediato.
[2026-06-04 21:12:30] [GUARDIAN] Watchdog resucitado con éxito.
[2026-06-04 21:13:00] [GUARDIAN] ALERTA: Daemon guardian modificado externamente
[2026-06-04 21:13:00] [GUARDIAN] *** MODO CUARENTENA ACTIVADO ***
[2026-06-04 21:13:00] [GUARDIAN] ¡ALERTA OUROBOROS! process_watchdog.py ha caído. Resucitándolo de inmediato.
[2026-06-04 21:13:00] [GUARDIAN] Watchdog resucitado con éxito.
[2026-06-04 21:13:30] [GUARDIAN] ALERTA: Daemon guardian modificado externamente
[2026-06-04 21:13:30] [GUARDIAN] *** MODO CUARENTENA ACTIVADO ***
[2026-06-04 21:13:30] [GUARDIAN] ¡ALERTA OUROBOROS! process_watchdog.py ha caído. Resucitándolo de inmediato.
[2026-06-04 21:13:30] [GUARDIAN] Watchdog resucitado con éxito.
[2026-06-04 21:14:00] [GUARDIAN] ALERTA: Daemon guardian modificado externamente
[2026-06-04 21:14:00] [GUARDIAN] *** MODO CUARENTENA ACTIVADO ***
[2026-06-04 21:14:00] [GUARDIAN] ¡ALERTA OUROBOROS! process_watchdog.py ha caído. Resucitándolo de inmediato.
[2026-06-04 21:14:00] [GUARDIAN] Watchdog resucitado con éxito.
[2026-06-04 21:14:30] [GUARDIAN] ALERTA: Daemon guardian modificado externamente
[2026-06-04 21:14:30] [GUARDIAN] *** MODO CUARENTENA ACTIVADO ***
[2026-06-04 21:14:30] [GUARDIAN] ¡ALERTA OUROBOROS! process_watchdog.py ha caído. Resucitándolo de inmediato.
[2026-06-04 21:14:30] [GUARDIAN] Watchdog resucitado con éxito.
[2026-06-04 21:15:00] [GUARDIAN] ALERTA: Daemon guardian modificado externamente
[2026-06-04 21:15:00] [GUARDIAN] *** MODO CUARENTENA ACTIVADO ***
[2026-06-04 21:15:00] [GUARDIAN] ¡ALERTA OUROBOROS! process_watchdog.py ha caído. Resucitándolo de inmediato.
[2026-06-04 21:15:00] [GUARDIAN] Watchdog resucitado con éxito.
[2026-06-04 21:15:30] [GUARDIAN] ALERTA: Daemon guardian modificado externamente
[2026-06-04 21:15:30] [GUARDIAN] *** MODO CUARENTENA ACTIVADO ***
[2026-06-04 21:15:30] [GUARDIAN] ¡ALERTA OUROBOROS! process_watchdog.py ha caído. Resucitándolo de inmediato.
[2026-06-04 21:15:30] [GUARDIAN] Watchdog resucitado con éxito.
[2026-06-04 21:16:00] [GUARDIAN] ALERTA: Daemon guardian modificado externamente
[2026-06-04 21:16:00] [GUARDIAN] *** MODO CUARENTENA ACTIVADO ***
[2026-06-04 21:16:00] [GUARDIAN] ¡ALERTA OUROBOROS! process_watchdog.py ha caído. Resucitándolo de inmediato.
[2026-06-04 21:16:00] [GUARDIAN] Watchdog resucitado con éxito.
[2026-06-04 21:16:30] [GUARDIAN] ALERTA: Daemon guardian modificado externamente
[2026-06-04 21:16:30] [GUARDIAN] *** MODO CUARENTENA ACTIVADO ***
[2026-06-04 21:16:30] [GUARDIAN] ¡ALERTA OUROBOROS! process_watchdog.py ha caído. Resucitándolo de inmediato.
[2026-06-04 21:16:30] [GUARDIAN] Watchdog resucitado con éxito.
[2026-06-04 21:17:00] [GUARDIAN] ALERTA: Daemon guardian modificado externamente
[2026-06-04 21:17:00] [GUARDIAN] *** MODO CUARENTENA ACTIVADO ***
[2026-06-04 21:17:00] [GUARDIAN] ¡ALERTA OUROBOROS! process_watchdog.py ha caído. Resucitándolo de inmediato.
[2026-06-04 21:17:00] [GUARDIAN] Watchdog resucitado con éxito.
[2026-06-04 21:17:30] [GUARDIAN] ALERTA: Daemon guardian modificado externamente
[2026-06-04 21:17:30] [GUARDIAN] *** MODO CUARENTENA ACTIVADO ***
[2026-06-04 21:17:30] [GUARDIAN] ¡ALERTA OUROBOROS! process_watchdog.py ha caído. Resucitándolo de inmediato.
[2026-06-04 21:17:30] [GUARDIAN] Watchdog resucitado con éxito.
