[2026-05-23 01:21:09] Estado: 6 vivos, 0 caidos
[2026-05-23 01:26:10] Estado: 6 vivos, 0 caidos
[2026-05-23 01:31:11] Estado: 6 vivos, 0 caidos
[2026-05-23 01:36:13] Estado: 6 vivos, 0 caidos
[2026-05-23 01:41:14] Estado: 6 vivos, 0 caidos
[2026-05-23 01:46:15] Estado: 6 vivos, 0 caidos
[2026-05-23 01:51:16] Estado: 6 vivos, 0 caidos
[2026-05-23 01:56:18] Estado: 6 vivos, 0 caidos
[2026-05-23 02:01:19] Estado: 6 vivos, 0 caidos
[2026-05-23 02:06:20] Estado: 6 vivos, 0 caidos
[2026-05-23 02:11:21] Estado: 6 vivos, 0 caidos
[2026-05-23 02:16:23] Estado: 6 vivos, 0 caidos
[2026-05-23 02:21:24] Estado: 6 vivos, 0 caidos
[2026-05-23 02:26:25] Estado: 6 vivos, 0 caidos
[2026-05-23 02:31:26] Estado: 6 vivos, 0 caidos
[2026-05-23 02:36:27] Estado: 6 vivos, 0 caidos
[2026-05-23 02:41:29] Estado: 6 vivos, 0 caidos
[2026-05-23 02:46:30] Estado: 6 vivos, 0 caidos
[2026-05-23 02:51:31] Estado: 6 vivos, 0 caidos
[2026-05-23 02:56:32] Estado: 6 vivos, 0 caidos
[2026-05-23 03:01:34] Estado: 6 vivos, 0 caidos
[2026-05-23 03:06:35] Estado: 6 vivos, 0 caidos
[2026-05-23 03:11:36] Estado: 6 vivos, 0 caidos
[2026-05-23 03:16:37] Estado: 6 vivos, 0 caidos
[2026-05-23 03:21:38] Estado: 6 vivos, 0 caidos
[2026-05-23 03:26:40] Estado: 6 vivos, 0 caidos
[2026-05-23 03:31:41] Estado: 6 vivos, 0 caidos
[2026-05-23 03:36:42] Estado: 6 vivos, 0 caidos
[2026-05-23 03:41:43] Estado: 6 vivos, 0 caidos
[2026-05-23 03:46:44] Estado: 6 vivos, 0 caidos
[2026-05-23 03:51:46] Estado: 6 vivos, 0 caidos
[2026-05-23 03:56:47] Estado: 6 vivos, 0 caidos
[2026-05-23 04:01:48] Estado: 6 vivos, 0 caidos
[2026-05-23 04:06:50] Estado: 6 vivos, 0 caidos
[2026-05-23 04:11:51] Estado: 6 vivos, 0 caidos
[2026-05-23 04:16:52] Estado: 6 vivos, 0 caidos
[2026-05-23 04:21:53] Estado: 6 vivos, 0 caidos
[2026-05-23 04:26:55] Estado: 6 vivos, 0 caidos
[2026-05-23 04:31:56] Estado: 6 vivos, 0 caidos
[2026-05-23 04:36:57] Estado: 6 vivos, 0 caidos
[2026-05-23 04:41:58] Estado: 6 vivos, 0 caidos
[2026-05-23 04:46:59] Estado: 6 vivos, 0 caidos
[2026-05-23 04:52:00] Estado: 6 vivos, 0 caidos
[2026-05-23 04:57:01] Estado: 6 vivos, 0 caidos
[2026-05-23 05:02:03] Estado: 6 vivos, 0 caidos
[2026-05-23 05:07:04] Estado: 6 vivos, 0 caidos
[2026-05-23 05:12:05] Estado: 6 vivos, 0 caidos
[2026-05-23 05:17:06] Estado: 6 vivos, 0 caidos
[2026-05-23 05:22:07] Estado: 6 vivos, 0 caidos
[2026-05-23 05:27:08] Estado: 6 vivos, 0 caidos
[2026-05-23 05:32:09] Estado: 6 vivos, 0 caidos
[2026-05-23 05:37:10] Estado: 6 vivos, 0 caidos
[2026-05-23 05:42:12] Estado: 6 vivos, 0 caidos
[2026-05-23 05:47:13] Estado: 6 vivos, 0 caidos
[2026-05-23 05:52:14] Estado: 6 vivos, 0 caidos
[2026-05-23 05:57:15] Estado: 6 vivos, 0 caidos
[2026-05-23 06:02:16] Estado: 6 vivos, 0 caidos
[2026-05-23 06:07:17] Estado: 6 vivos, 0 caidos
[2026-05-23 06:12:18] Estado: 6 vivos, 0 caidos
[2026-05-23 06:17:20] Estado: 6 vivos, 0 caidos
[2026-05-23 06:22:21] Estado: 6 vivos, 0 caidos
[2026-05-23 06:27:22] Estado: 6 vivos, 0 caidos
[2026-05-23 06:32:23] Estado: 6 vivos, 0 caidos
[2026-05-23 06:37:24] Estado: 6 vivos, 0 caidos
[2026-05-23 06:42:25] Estado: 6 vivos, 0 caidos
[2026-05-23 06:47:26] Estado: 6 vivos, 0 caidos
[2026-05-23 06:52:28] Estado: 6 vivos, 0 caidos
[2026-05-23 06:57:29] Estado: 6 vivos, 0 caidos
[2026-05-23 07:02:30] Estado: 6 vivos, 0 caidos
[2026-05-23 07:07:31] Estado: 6 vivos, 0 caidos
[2026-05-23 07:12:32] Estado: 6 vivos, 0 caidos
[2026-05-23 07:17:33] Estado: 6 vivos, 0 caidos
[2026-05-23 07:22:34] Estado: 6 vivos, 0 caidos
[2026-05-23 07:27:36] Estado: 6 vivos, 0 caidos
[2026-05-23 07:32:37] Estado: 6 vivos, 0 caidos
[2026-05-23 07:37:38] Estado: 6 vivos, 0 caidos
[2026-05-23 07:42:39] Estado: 6 vivos, 0 caidos
[2026-05-23 07:47:40] Estado: 6 vivos, 0 caidos
[2026-05-23 07:52:41] Estado: 6 vivos, 0 caidos
[2026-05-23 07:57:42] Estado: 6 vivos, 0 caidos
[2026-05-23 08:02:43] Estado: 6 vivos, 0 caidos
[2026-05-23 08:07:45] Estado: 6 vivos, 0 caidos
[2026-05-23 08:12:46] Estado: 6 vivos, 0 caidos
[2026-05-23 08:17:47] Estado: 6 vivos, 0 caidos
[2026-05-23 08:22:48] Estado: 6 vivos, 0 caidos
[2026-05-23 08:27:49] Estado: 6 vivos, 0 caidos
[2026-05-23 08:32:50] Estado: 6 vivos, 0 caidos
[2026-05-23 08:37:55] Estado: 6 vivos, 0 caidos
[2026-05-23 08:42:57] Estado: 6 vivos, 0 caidos
[2026-05-23 08:47:58] Estado: 6 vivos, 0 caidos
[2026-05-23 08:52:59] Estado: 6 vivos, 0 caidos
[2026-05-23 08:58:00] Estado: 6 vivos, 0 caidos
[2026-05-23 09:03:02] Estado: 6 vivos, 0 caidos
[2026-05-23 09:08:03] Estado: 6 vivos, 0 caidos
[2026-05-23 09:13:04] Estado: 6 vivos, 0 caidos
[2026-05-23 09:18:06] Estado: 6 vivos, 0 caidos
[2026-05-23 09:23:07] Estado: 6 vivos, 0 caidos
[2026-05-23 09:28:09] Estado: 6 vivos, 0 caidos
[2026-05-23 09:33:10] Estado: 6 vivos, 0 caidos
[2026-05-23 09:38:11] Estado: 6 vivos, 0 caidos
[2026-05-23 09:43:13] Estado: 6 vivos, 0 caidos
[2026-05-23 09:48:14] Estado: 6 vivos, 0 caidos
[2026-05-23 09:53:16] Estado: 6 vivos, 0 caidos
[2026-05-23 09:58:17] Estado: 6 vivos, 0 caidos
[2026-05-23 10:03:18] Estado: 6 vivos, 0 caidos
[2026-05-23 10:08:20] Estado: 6 vivos, 0 caidos
[2026-05-23 10:13:21] Estado: 6 vivos, 0 caidos
[2026-05-23 10:18:22] Estado: 6 vivos, 0 caidos
[2026-05-23 10:23:24] Estado: 6 vivos, 0 caidos
[2026-05-23 10:28:25] Estado: 6 vivos, 0 caidos
[2026-05-23 10:33:27] Estado: 6 vivos, 0 caidos
[2026-05-23 10:38:28] Estado: 6 vivos, 0 caidos
[2026-05-23 10:43:29] Estado: 6 vivos, 0 caidos
[2026-05-23 10:48:31] Estado: 6 vivos, 0 caidos
[2026-05-23 10:53:32] Estado: 6 vivos, 0 caidos
[2026-05-23 10:58:34] Estado: 6 vivos, 0 caidos
[2026-05-23 11:03:35] Estado: 6 vivos, 0 caidos
[2026-05-23 11:08:37] Estado: 6 vivos, 0 caidos
[2026-05-23 11:13:38] Estado: 6 vivos, 0 caidos
[2026-05-23 11:18:40] Estado: 6 vivos, 0 caidos
[2026-05-23 11:23:41] Estado: 6 vivos, 0 caidos
[2026-05-23 11:28:43] Estado: 6 vivos, 0 caidos
[2026-05-23 11:33:44] Estado: 6 vivos, 0 caidos
[2026-05-23 11:38:45] Estado: 6 vivos, 0 caidos
[2026-05-23 11:43:47] Estado: 6 vivos, 0 caidos
[2026-05-23 11:48:48] Estado: 6 vivos, 0 caidos
[2026-05-23 11:53:49] Estado: 6 vivos, 0 caidos
[2026-05-23 11:58:51] Estado: 6 vivos, 0 caidos
[2026-05-23 12:03:52] Estado: 6 vivos, 0 caidos
[2026-05-23 12:08:54] Estado: 6 vivos, 0 caidos
[2026-05-23 12:13:55] Estado: 6 vivos, 0 caidos
[2026-05-23 12:18:56] Estado: 6 vivos, 0 caidos
[2026-05-23 12:23:58] Estado: 6 vivos, 0 caidos
[2026-05-23 12:28:59] Estado: 6 vivos, 0 caidos
[2026-05-23 12:34:00] Estado: 6 vivos, 0 caidos
[2026-05-23 12:39:02] Estado: 6 vivos, 0 caidos
[2026-05-23 12:44:03] Estado: 6 vivos, 0 caidos
[2026-05-23 12:49:04] Estado: 6 vivos, 0 caidos
[2026-05-23 12:54:06] Estado: 6 vivos, 0 caidos
[2026-05-23 12:59:07] Estado: 6 vivos, 0 caidos
[2026-05-23 13:04:09] Estado: 6 vivos, 0 caidos
[2026-05-23 13:09:10] Estado: 6 vivos, 0 caidos
[2026-05-23 13:14:11] Estado: 6 vivos, 0 caidos
[2026-05-23 13:19:12] Estado: 6 vivos, 0 caidos
[2026-05-23 13:24:14] Estado: 6 vivos, 0 caidos
[2026-05-23 13:29:15] Estado: 6 vivos, 0 caidos
[2026-05-23 13:34:16] Estado: 6 vivos, 0 caidos
[2026-05-23 13:39:17] Estado: 6 vivos, 0 caidos
[2026-05-23 13:44:19] Estado: 6 vivos, 0 caidos
[2026-05-23 13:49:20] Estado: 6 vivos, 0 caidos
[2026-05-23 13:54:21] Estado: 6 vivos, 0 caidos
[2026-05-23 13:59:22] Estado: 6 vivos, 0 caidos
[2026-05-23 14:04:23] Estado: 6 vivos, 0 caidos
[2026-05-23 14:09:25] Estado: 6 vivos, 0 caidos
[2026-05-23 14:14:26] Estado: 6 vivos, 0 caidos
[2026-05-23 14:19:27] Estado: 6 vivos, 0 caidos
[2026-05-23 14:24:28] Estado: 6 vivos, 0 caidos
[2026-05-23 14:29:30] Estado: 6 vivos, 0 caidos
[2026-05-23 14:34:31] Estado: 6 vivos, 0 caidos
[2026-05-23 14:39:32] Estado: 6 vivos, 0 caidos
[2026-05-23 14:44:33] Estado: 6 vivos, 0 caidos
[2026-05-23 14:49:34] Estado: 6 vivos, 0 caidos
[2026-05-23 14:54:36] Estado: 6 vivos, 0 caidos
[2026-05-23 14:59:37] Estado: 6 vivos, 0 caidos
[2026-05-23 15:04:38] Estado: 6 vivos, 0 caidos
[2026-05-23 15:09:39] Estado: 6 vivos, 0 caidos
[2026-05-23 15:14:41] Estado: 6 vivos, 0 caidos
[2026-05-23 15:19:42] Estado: 6 vivos, 0 caidos
[2026-05-23 15:24:43] Estado: 6 vivos, 0 caidos
[2026-05-23 15:29:44] Estado: 6 vivos, 0 caidos
[2026-05-23 15:34:45] Estado: 6 vivos, 0 caidos
[2026-05-23 15:39:47] Estado: 6 vivos, 0 caidos
[2026-05-23 15:44:48] Estado: 6 vivos, 0 caidos
[2026-05-23 15:49:49] Estado: 6 vivos, 0 caidos
[2026-05-23 15:54:50] Estado: 6 vivos, 0 caidos
[2026-05-23 15:59:52] Estado: 6 vivos, 0 caidos
[2026-05-23 16:04:53] Estado: 6 vivos, 0 caidos
[2026-05-23 16:09:54] Estado: 6 vivos, 0 caidos
[2026-05-23 16:14:55] Estado: 6 vivos, 0 caidos
[2026-05-23 16:19:56] Estado: 6 vivos, 0 caidos
[2026-05-23 16:24:58] Estado: 6 vivos, 0 caidos
[2026-05-23 16:29:59] Estado: 6 vivos, 0 caidos
[2026-05-23 16:35:00] Estado: 6 vivos, 0 caidos
[2026-05-23 16:40:01] Estado: 6 vivos, 0 caidos
[2026-05-23 16:45:03] Estado: 6 vivos, 0 caidos
[2026-05-23 16:50:04] Estado: 6 vivos, 0 caidos
[2026-05-23 16:55:05] Estado: 6 vivos, 0 caidos
[2026-05-23 17:00:06] Estado: 6 vivos, 0 caidos
[2026-05-23 17:05:07] Estado: 6 vivos, 0 caidos
[2026-05-23 17:10:09] Estado: 6 vivos, 0 caidos
[2026-05-23 17:15:10] Estado: 6 vivos, 0 caidos
[2026-05-23 17:20:11] Estado: 6 vivos, 0 caidos
[2026-05-23 17:25:12] Estado: 6 vivos, 0 caidos
[2026-05-23 17:30:13] Estado: 6 vivos, 0 caidos
[2026-05-23 17:35:15] Estado: 6 vivos, 0 caidos
[2026-05-23 17:40:16] Estado: 6 vivos, 0 caidos
[2026-05-23 17:45:17] Estado: 6 vivos, 0 caidos
[2026-05-23 17:50:18] Estado: 6 vivos, 0 caidos
[2026-05-23 17:55:19] Estado: 6 vivos, 0 caidos
[2026-05-23 18:00:21] Estado: 6 vivos, 0 caidos
[2026-05-23 18:05:22] Estado: 6 vivos, 0 caidos
[2026-05-23 18:10:23] Estado: 6 vivos, 0 caidos
[2026-05-23 18:15:24] Estado: 6 vivos, 0 caidos
[2026-05-23 18:20:25] Estado: 6 vivos, 0 caidos
[2026-05-23 18:25:27] Estado: 6 vivos, 0 caidos
[2026-05-23 18:30:28] Estado: 6 vivos, 0 caidos
[2026-05-23 18:35:29] Estado: 6 vivos, 0 caidos
[2026-05-23 18:40:30] Estado: 6 vivos, 0 caidos
[2026-05-23 18:45:31] Estado: 6 vivos, 0 caidos
[2026-05-23 18:50:33] Estado: 6 vivos, 0 caidos
[2026-05-23 18:55:34] Estado: 6 vivos, 0 caidos
[2026-05-23 19:00:35] Estado: 6 vivos, 0 caidos
[2026-05-23 19:05:36] Estado: 6 vivos, 0 caidos
[2026-05-23 19:10:38] Estado: 6 vivos, 0 caidos
[2026-05-23 19:15:39] Estado: 6 vivos, 0 caidos
[2026-05-23 19:20:40] Estado: 6 vivos, 0 caidos
[2026-05-23 19:25:41] Estado: 6 vivos, 0 caidos
[2026-05-23 19:30:42] Estado: 6 vivos, 0 caidos
[2026-05-23 19:35:44] Estado: 6 vivos, 0 caidos
[2026-05-23 19:40:45] Estado: 6 vivos, 0 caidos
[2026-05-23 19:45:46] Estado: 6 vivos, 0 caidos
[2026-05-23 19:50:47] Estado: 6 vivos, 0 caidos
[2026-05-23 19:55:49] Estado: 6 vivos, 0 caidos
[2026-05-23 20:00:50] Estado: 6 vivos, 0 caidos
[2026-05-23 20:05:51] Estado: 6 vivos, 0 caidos
[2026-05-23 20:10:52] Estado: 6 vivos, 0 caidos
[2026-05-24 18:30:31] ==================================================
[2026-05-24 18:30:31] PROCESS WATCHDOG v2 — CENTINELA INICIADO
[2026-05-24 18:30:31] Vigilando 6 procesos cada 30s
[2026-05-24 18:30:31] Python: C:\Users\fnora\AppData\Local\Programs\Python\Python311\python.exe
[2026-05-24 18:30:31] ==================================================
[2026-05-24 18:30:31] CAIDO: Unified Channel Daemon (Telegram+Discord+Web)
[2026-05-24 18:30:31] [RESTART] Unified Channel Daemon (Telegram+Discord+Web) reiniciado
[2026-05-24 18:30:31] [WATCHDOG_ALERT] [ENJAMBRE: WATCHDOG] [WATCHDOG 18:30:31] ALERTA: Unified Channel Daemon (Telegram+Discord+Web) ha caido. Estado: reiniciado.
[2026-05-24 18:30:31] [WATCHDOG_ALERT] Encolado pasivamente en pending_messages.json
[2026-05-24 18:30:31] [WATCHDOG_ALERT] Notificación enviada asíncronamente por Telegram
[2026-05-24 18:30:31] CAIDO: Swarm Mesh Listener
[2026-05-24 18:30:31] [RESTART] Swarm Mesh Listener reiniciado
[2026-05-24 18:30:31] [WATCHDOG_ALERT] [ENJAMBRE: WATCHDOG] [WATCHDOG 18:30:31] ALERTA: Swarm Mesh Listener ha caido. Estado: reiniciado.
[2026-05-24 18:30:31] [WATCHDOG_ALERT] Encolado pasivamente en pending_messages.json
[2026-05-24 18:30:31] [WATCHDOG_ALERT] Notificación enviada asíncronamente por Telegram
[2026-05-24 18:30:31] CAIDO: Swarm AI Watchdog (Pool de IAs)
[2026-05-24 18:30:31] [RESTART] Swarm AI Watchdog (Pool de IAs) reiniciado
[2026-05-24 18:30:31] [WATCHDOG_ALERT] [ENJAMBRE: WATCHDOG] [WATCHDOG 18:30:31] ALERTA: Swarm AI Watchdog (Pool de IAs) ha caido. Estado: reiniciado.
[2026-05-24 18:30:31] [WATCHDOG_ALERT] Encolado pasivamente en pending_messages.json
[2026-05-24 18:30:31] [WATCHDOG_ALERT] Notificación enviada asíncronamente por Telegram
[2026-05-24 18:30:31] CAIDO: Charm Edu P2P Daemon
[2026-05-24 18:30:31] [RESTART] Charm Edu P2P Daemon reiniciado
[2026-05-24 18:30:31] [WATCHDOG_ALERT] [ENJAMBRE: WATCHDOG] [WATCHDOG 18:30:31] ALERTA: Charm Edu P2P Daemon ha caido. Estado: reiniciado.
[2026-05-24 18:30:31] [WATCHDOG_ALERT] Encolado pasivamente en pending_messages.json
[2026-05-24 18:30:31] [WATCHDOG_ALERT] Notificación enviada asíncronamente por Telegram
[2026-05-24 18:35:03] Estado: 6 vivos, 0 caidos
[2026-05-24 18:41:52] ==================================================
[2026-05-24 18:41:52] PROCESS WATCHDOG v2 — CENTINELA INICIADO
[2026-05-24 18:41:52] Vigilando 6 procesos cada 30s
[2026-05-24 18:41:52] Python: C:\Users\fnora\AppData\Local\Programs\Python\Python311\python.exe
[2026-05-24 18:41:52] ==================================================
[2026-05-24 18:41:52] CAIDO: Unified Channel Daemon (Telegram+Discord+Web)
[2026-05-24 18:41:52] [RESTART] Unified Channel Daemon (Telegram+Discord+Web) reiniciado
[2026-05-24 18:41:52] [WATCHDOG_ALERT] [ENJAMBRE: WATCHDOG] [WATCHDOG 18:41:52] ALERTA: Unified Channel Daemon (Telegram+Discord+Web) ha caido. Estado: reiniciado.
[2026-05-24 18:41:52] [WATCHDOG_ALERT] Encolado pasivamente en pending_messages.json
[2026-05-24 18:41:52] [WATCHDOG_ALERT] Notificación enviada asíncronamente por Telegram
[2026-05-24 18:41:52] CAIDO: Swarm Mesh Listener
[2026-05-24 18:41:52] [RESTART] Swarm Mesh Listener reiniciado
[2026-05-24 18:41:52] [WATCHDOG_ALERT] [ENJAMBRE: WATCHDOG] [WATCHDOG 18:41:52] ALERTA: Swarm Mesh Listener ha caido. Estado: reiniciado.
[2026-05-24 18:41:52] [WATCHDOG_ALERT] Encolado pasivamente en pending_messages.json
[2026-05-24 18:41:52] [WATCHDOG_ALERT] Notificación enviada asíncronamente por Telegram
[2026-05-24 18:41:52] CAIDO: Swarm AI Watchdog (Pool de IAs)
[2026-05-24 18:41:52] [RESTART] Swarm AI Watchdog (Pool de IAs) reiniciado
[2026-05-24 18:41:52] [WATCHDOG_ALERT] [ENJAMBRE: WATCHDOG] [WATCHDOG 18:41:52] ALERTA: Swarm AI Watchdog (Pool de IAs) ha caido. Estado: reiniciado.
[2026-05-24 18:41:52] [WATCHDOG_ALERT] Encolado pasivamente en pending_messages.json
[2026-05-24 18:41:52] [WATCHDOG_ALERT] Notificación enviada asíncronamente por Telegram
[2026-05-24 18:41:52] CAIDO: Charm Edu P2P Daemon
[2026-05-24 18:41:52] [RESTART] Charm Edu P2P Daemon reiniciado
[2026-05-24 18:41:52] [WATCHDOG_ALERT] [ENJAMBRE: WATCHDOG] [WATCHDOG 18:41:52] ALERTA: Charm Edu P2P Daemon ha caido. Estado: reiniciado.
[2026-05-24 18:41:52] [WATCHDOG_ALERT] Encolado pasivamente en pending_messages.json
[2026-05-24 18:41:52] [WATCHDOG_ALERT] Notificación enviada asíncronamente por Telegram
[2026-05-24 18:46:23] Estado: 6 vivos, 0 caidos
[2026-05-24 18:51:24] Estado: 6 vivos, 0 caidos
[2026-05-24 18:56:26] Estado: 6 vivos, 0 caidos
[2026-05-24 19:01:27] Estado: 6 vivos, 0 caidos
[2026-05-24 19:06:28] Estado: 6 vivos, 0 caidos
[2026-05-24 19:11:30] Estado: 6 vivos, 0 caidos
[2026-05-24 19:16:31] Estado: 6 vivos, 0 caidos
[2026-05-24 19:21:32] Estado: 6 vivos, 0 caidos
[2026-05-24 19:26:33] Estado: 6 vivos, 0 caidos
[2026-05-24 19:31:35] Estado: 6 vivos, 0 caidos
[2026-05-24 19:36:36] Estado: 6 vivos, 0 caidos
[2026-05-24 19:41:38] Estado: 6 vivos, 0 caidos
[2026-05-24 19:46:39] Estado: 6 vivos, 0 caidos
[2026-05-24 19:51:40] Estado: 6 vivos, 0 caidos
[2026-05-24 19:56:42] Estado: 6 vivos, 0 caidos
[2026-05-24 20:01:43] Estado: 6 vivos, 0 caidos
[2026-05-24 20:06:44] Estado: 6 vivos, 0 caidos
[2026-05-24 20:11:46] Estado: 6 vivos, 0 caidos
[2026-05-24 20:16:47] Estado: 6 vivos, 0 caidos
[2026-05-24 20:21:49] Estado: 6 vivos, 0 caidos
[2026-05-24 20:26:50] Estado: 6 vivos, 0 caidos
[2026-05-24 20:31:52] Estado: 6 vivos, 0 caidos
[2026-05-24 20:36:53] Estado: 6 vivos, 0 caidos
[2026-05-24 20:41:55] Estado: 6 vivos, 0 caidos
[2026-05-24 20:46:56] Estado: 6 vivos, 0 caidos
[2026-05-24 20:51:58] Estado: 6 vivos, 0 caidos
[2026-05-24 20:56:59] Estado: 6 vivos, 0 caidos
[2026-05-24 21:02:00] Estado: 6 vivos, 0 caidos
[2026-05-24 21:07:02] Estado: 6 vivos, 0 caidos
[2026-05-24 21:12:03] Estado: 6 vivos, 0 caidos
[2026-05-24 21:17:05] Estado: 6 vivos, 0 caidos
[2026-05-24 21:22:06] Estado: 6 vivos, 0 caidos
[2026-05-24 21:27:07] Estado: 6 vivos, 0 caidos
[2026-05-24 21:32:09] Estado: 6 vivos, 0 caidos
[2026-05-24 21:37:10] Estado: 6 vivos, 0 caidos
[2026-05-24 21:42:12] Estado: 6 vivos, 0 caidos
[2026-05-24 21:47:13] Estado: 6 vivos, 0 caidos
[2026-05-24 21:52:14] Estado: 6 vivos, 0 caidos
[2026-05-24 21:57:16] Estado: 6 vivos, 0 caidos
[2026-05-24 22:02:17] Estado: 6 vivos, 0 caidos
[2026-05-24 22:07:18] Estado: 6 vivos, 0 caidos
[2026-05-24 22:12:20] Estado: 6 vivos, 0 caidos
[2026-05-24 22:17:21] Estado: 6 vivos, 0 caidos
[2026-05-24 22:22:22] Estado: 6 vivos, 0 caidos
[2026-05-24 22:27:24] Estado: 6 vivos, 0 caidos
[2026-05-24 22:32:25] Estado: 6 vivos, 0 caidos
[2026-05-24 22:37:27] Estado: 6 vivos, 0 caidos
[2026-05-24 22:42:28] Estado: 6 vivos, 0 caidos
[2026-05-24 22:47:29] Estado: 6 vivos, 0 caidos
[2026-05-24 22:52:31] Estado: 6 vivos, 0 caidos
[2026-05-24 22:57:32] Estado: 6 vivos, 0 caidos
[2026-05-24 23:02:33] Estado: 6 vivos, 0 caidos
[2026-05-24 23:07:35] Estado: 6 vivos, 0 caidos
[2026-05-24 23:12:36] Estado: 6 vivos, 0 caidos
[2026-05-24 23:17:37] Estado: 6 vivos, 0 caidos
[2026-05-24 23:22:39] Estado: 6 vivos, 0 caidos
[2026-05-24 23:27:40] Estado: 6 vivos, 0 caidos
[2026-05-24 23:32:41] Estado: 6 vivos, 0 caidos
[2026-05-24 23:37:43] Estado: 6 vivos, 0 caidos
[2026-05-24 23:42:44] Estado: 6 vivos, 0 caidos
[2026-05-24 23:47:45] Estado: 6 vivos, 0 caidos
[2026-05-24 23:52:47] Estado: 6 vivos, 0 caidos
[2026-05-24 23:57:48] Estado: 6 vivos, 0 caidos
[2026-05-25 00:02:50] Estado: 6 vivos, 0 caidos
[2026-05-25 00:07:51] Estado: 6 vivos, 0 caidos
[2026-05-25 00:12:53] Estado: 6 vivos, 0 caidos
[2026-05-25 00:17:54] Estado: 6 vivos, 0 caidos
[2026-05-25 00:22:55] Estado: 6 vivos, 0 caidos
[2026-05-25 00:27:57] Estado: 6 vivos, 0 caidos
[2026-05-25 00:32:58] Estado: 6 vivos, 0 caidos
[2026-05-25 00:38:00] Estado: 6 vivos, 0 caidos
[2026-05-25 00:43:01] Estado: 6 vivos, 0 caidos
[2026-05-25 00:48:02] Estado: 6 vivos, 0 caidos
[2026-05-25 00:53:04] Estado: 6 vivos, 0 caidos
[2026-05-25 00:58:05] Estado: 6 vivos, 0 caidos
[2026-05-25 01:03:06] Estado: 6 vivos, 0 caidos
[2026-05-25 01:08:08] Estado: 6 vivos, 0 caidos
[2026-05-25 01:13:09] Estado: 6 vivos, 0 caidos
[2026-05-25 07:49:46] ==================================================
[2026-05-25 07:49:46] PROCESS WATCHDOG v2 — CENTINELA INICIADO
[2026-05-25 07:49:46] Vigilando 6 procesos cada 30s
[2026-05-25 07:49:46] Python: C:\Users\fnora\AppData\Local\Programs\Python\Python311\python.exe
[2026-05-25 07:49:46] ==================================================
[2026-05-25 07:49:46] CAIDO: Unified Channel Daemon (Telegram+Discord+Web)
[2026-05-25 07:49:46] [RESTART] Unified Channel Daemon (Telegram+Discord+Web) reiniciado
[2026-05-25 07:49:46] [WATCHDOG_ALERT] [ENJAMBRE: WATCHDOG] [WATCHDOG 07:49:46] ALERTA: Unified Channel Daemon (Telegram+Discord+Web) ha caido. Estado: reiniciado.
[2026-05-25 07:49:47] [WATCHDOG_ALERT] Encolado pasivamente en pending_messages.json
[2026-05-25 07:49:47] [WATCHDOG_ALERT] Notificación enviada asíncronamente por Telegram
[2026-05-25 07:49:47] CAIDO: Swarm Mesh Listener
[2026-05-25 07:49:47] [RESTART] Swarm Mesh Listener reiniciado
[2026-05-25 07:49:47] [WATCHDOG_ALERT] [ENJAMBRE: WATCHDOG] [WATCHDOG 07:49:47] ALERTA: Swarm Mesh Listener ha caido. Estado: reiniciado.
[2026-05-25 07:49:47] [WATCHDOG_ALERT] Encolado pasivamente en pending_messages.json
[2026-05-25 07:49:47] [WATCHDOG_ALERT] Notificación enviada asíncronamente por Telegram
[2026-05-25 07:49:47] CAIDO: Charm Panel (Web UI :7860)
[2026-05-25 07:49:47] [RESTART] Charm Panel (Web UI :7860) reiniciado
[2026-05-25 07:49:47] [WATCHDOG_ALERT] [ENJAMBRE: WATCHDOG] [WATCHDOG 07:49:47] ALERTA: Charm Panel (Web UI :7860) ha caido. Estado: reiniciado.
[2026-05-25 07:49:47] [WATCHDOG_ALERT] Encolado pasivamente en pending_messages.json
[2026-05-25 07:49:47] [WATCHDOG_ALERT] Notificación enviada asíncronamente por Telegram
[2026-05-25 07:49:47] CAIDO: Charm Edu P2P Daemon
[2026-05-25 07:49:47] [RESTART] Charm Edu P2P Daemon reiniciado
[2026-05-25 07:49:47] [WATCHDOG_ALERT] [ENJAMBRE: WATCHDOG] [WATCHDOG 07:49:47] ALERTA: Charm Edu P2P Daemon ha caido. Estado: reiniciado.
[2026-05-25 07:49:47] [WATCHDOG_ALERT] Encolado pasivamente en pending_messages.json
[2026-05-25 07:49:47] [WATCHDOG_ALERT] Notificación enviada asíncronamente por Telegram
[2026-05-25 07:49:51] [QDRANT] Caido. Intentando reiniciar...
[2026-05-25 07:49:51] [DOCKER] Docker Desktop no parece estar activo. Intentando levantarlo...
[2026-05-25 07:49:51] [DOCKER] Iniciado ejecutable. Esperando 30s para inicializacion del daemon...
[2026-05-25 07:50:25] [QDRANT] Reiniciado con exito
[2026-05-25 07:50:25] [WATCHDOG_ALERT] [ENJAMBRE: WATCHDOG] Qdrant ha sido levantado automáticamente (incluyendo inicio de Docker Desktop). Memoria vectorial online.
[2026-05-25 07:50:25] [WATCHDOG_ALERT] Encolado pasivamente en pending_messages.json
[2026-05-25 07:50:25] [WATCHDOG_ALERT] Notificación enviada asíncronamente por Telegram
[2026-05-25 07:54:56] Estado: 6 vivos, 0 caidos
[2026-05-25 07:59:57] Estado: 6 vivos, 0 caidos
[2026-05-25 08:04:59] Estado: 6 vivos, 0 caidos
[2026-05-25 08:10:00] Estado: 6 vivos, 0 caidos
[2026-05-25 08:15:01] Estado: 6 vivos, 0 caidos
[2026-05-25 08:20:03] Estado: 6 vivos, 0 caidos
[2026-05-25 08:25:04] Estado: 6 vivos, 0 caidos
[2026-05-25 08:30:05] Estado: 6 vivos, 0 caidos
[2026-05-25 08:35:07] Estado: 6 vivos, 0 caidos
[2026-05-25 08:40:10] Estado: 6 vivos, 0 caidos
[2026-05-25 08:43:10] CAIDO: Charm Panel (Web UI :7860)
[2026-05-25 08:43:10] [RESTART] Charm Panel (Web UI :7860) reiniciado
[2026-05-25 08:43:10] [WATCHDOG_ALERT] [ENJAMBRE: WATCHDOG] [WATCHDOG 08:43:10] ALERTA: Charm Panel (Web UI :7860) ha caido. Estado: reiniciado.
[2026-05-25 08:43:10] [WATCHDOG_ALERT] Encolado pasivamente en pending_messages.json
[2026-05-25 08:43:10] [WATCHDOG_ALERT] Notificación enviada asíncronamente por Telegram
[2026-05-25 08:45:11] Estado: 6 vivos, 0 caidos
[2026-05-25 08:50:13] Estado: 6 vivos, 0 caidos
[2026-05-25 08:55:14] Estado: 6 vivos, 0 caidos
[2026-05-25 09:00:16] Estado: 6 vivos, 0 caidos
[2026-05-25 09:05:17] Estado: 6 vivos, 0 caidos
[2026-05-25 09:10:19] Estado: 6 vivos, 0 caidos
[2026-05-25 09:15:20] Estado: 6 vivos, 0 caidos
[2026-05-25 09:20:22] Estado: 6 vivos, 0 caidos
[2026-05-25 09:25:23] Estado: 6 vivos, 0 caidos
[2026-05-25 09:30:25] Estado: 6 vivos, 0 caidos
[2026-05-25 09:35:26] Estado: 6 vivos, 0 caidos
[2026-05-25 09:40:28] Estado: 6 vivos, 0 caidos
[2026-05-25 09:45:29] Estado: 6 vivos, 0 caidos
[2026-05-25 09:50:31] Estado: 6 vivos, 0 caidos
[2026-05-25 09:55:32] Estado: 6 vivos, 0 caidos
[2026-05-25 10:00:34] Estado: 6 vivos, 0 caidos
[2026-05-25 10:05:36] Estado: 6 vivos, 0 caidos
[2026-05-25 10:10:37] Estado: 6 vivos, 0 caidos
[2026-05-25 10:15:39] Estado: 6 vivos, 0 caidos
[2026-05-25 10:20:41] Estado: 6 vivos, 0 caidos
[2026-05-25 10:25:42] Estado: 6 vivos, 0 caidos
[2026-05-25 10:30:44] Estado: 6 vivos, 0 caidos
[2026-05-25 10:35:45] Estado: 6 vivos, 0 caidos
[2026-05-25 10:40:47] Estado: 6 vivos, 0 caidos
[2026-05-25 10:45:48] Estado: 6 vivos, 0 caidos
[2026-05-25 10:50:50] Estado: 6 vivos, 0 caidos
[2026-05-25 10:55:52] Estado: 6 vivos, 0 caidos
[2026-05-25 11:00:53] Estado: 6 vivos, 0 caidos
[2026-05-25 11:05:55] Estado: 6 vivos, 0 caidos
[2026-05-25 11:10:56] Estado: 6 vivos, 0 caidos
[2026-05-25 11:15:58] Estado: 6 vivos, 0 caidos
[2026-05-25 11:20:59] Estado: 6 vivos, 0 caidos
[2026-05-25 11:26:01] Estado: 6 vivos, 0 caidos
[2026-05-25 11:31:03] Estado: 6 vivos, 0 caidos
[2026-05-25 11:36:04] Estado: 6 vivos, 0 caidos
[2026-05-25 11:41:06] Estado: 6 vivos, 0 caidos
[2026-05-25 11:46:07] Estado: 6 vivos, 0 caidos
[2026-05-25 11:51:09] Estado: 6 vivos, 0 caidos
[2026-05-25 11:56:10] Estado: 6 vivos, 0 caidos
[2026-05-25 12:01:12] Estado: 6 vivos, 0 caidos
[2026-05-25 12:06:13] Estado: 6 vivos, 0 caidos
[2026-05-25 12:11:15] Estado: 6 vivos, 0 caidos
[2026-05-25 12:16:17] Estado: 6 vivos, 0 caidos
[2026-05-25 12:21:18] Estado: 6 vivos, 0 caidos
[2026-05-25 12:26:20] Estado: 6 vivos, 0 caidos
[2026-05-25 12:31:21] Estado: 6 vivos, 0 caidos
[2026-05-25 12:36:23] Estado: 6 vivos, 0 caidos
[2026-05-25 12:41:24] Estado: 6 vivos, 0 caidos
[2026-05-25 12:46:26] Estado: 6 vivos, 0 caidos
[2026-05-25 12:51:28] Estado: 6 vivos, 0 caidos
[2026-05-25 12:56:29] Estado: 6 vivos, 0 caidos
[2026-05-25 13:01:31] Estado: 6 vivos, 0 caidos
[2026-05-25 13:06:32] Estado: 6 vivos, 0 caidos
[2026-05-25 13:11:34] Estado: 6 vivos, 0 caidos
[2026-05-25 13:16:36] Estado: 6 vivos, 0 caidos
[2026-05-25 13:21:37] Estado: 6 vivos, 0 caidos
[2026-05-25 13:26:39] Estado: 6 vivos, 0 caidos
[2026-05-25 13:31:41] Estado: 6 vivos, 0 caidos
[2026-05-25 13:36:42] Estado: 6 vivos, 0 caidos
[2026-05-25 13:41:44] Estado: 6 vivos, 0 caidos
[2026-05-25 13:46:46] Estado: 6 vivos, 0 caidos
[2026-05-25 13:51:47] Estado: 6 vivos, 0 caidos
[2026-05-25 13:56:49] Estado: 6 vivos, 0 caidos
[2026-05-25 14:01:50] Estado: 6 vivos, 0 caidos
[2026-05-25 14:06:52] Estado: 6 vivos, 0 caidos
[2026-05-25 14:11:54] Estado: 6 vivos, 0 caidos
[2026-05-25 14:16:55] Estado: 6 vivos, 0 caidos
[2026-05-25 14:21:57] Estado: 6 vivos, 0 caidos
[2026-05-25 14:26:58] Estado: 6 vivos, 0 caidos
[2026-05-25 14:32:00] Estado: 6 vivos, 0 caidos
[2026-05-25 14:37:02] Estado: 6 vivos, 0 caidos
[2026-05-25 14:42:03] Estado: 6 vivos, 0 caidos
[2026-05-25 14:47:05] Estado: 6 vivos, 0 caidos
[2026-05-25 14:52:06] Estado: 6 vivos, 0 caidos
[2026-05-25 14:57:08] Estado: 6 vivos, 0 caidos
[2026-05-25 15:02:10] Estado: 6 vivos, 0 caidos
[2026-05-25 15:07:11] Estado: 6 vivos, 0 caidos
[2026-05-25 15:12:13] Estado: 6 vivos, 0 caidos
[2026-05-25 15:17:14] Estado: 6 vivos, 0 caidos
[2026-05-25 15:22:16] Estado: 6 vivos, 0 caidos
[2026-05-25 15:27:17] Estado: 6 vivos, 0 caidos
[2026-05-25 15:32:19] Estado: 6 vivos, 0 caidos
[2026-05-25 15:37:21] Estado: 6 vivos, 0 caidos
[2026-05-25 15:42:22] Estado: 6 vivos, 0 caidos
[2026-05-25 15:47:24] Estado: 6 vivos, 0 caidos
[2026-05-25 15:52:25] Estado: 6 vivos, 0 caidos
[2026-05-25 15:57:27] Estado: 6 vivos, 0 caidos
[2026-05-25 16:02:28] Estado: 6 vivos, 0 caidos
[2026-05-25 16:07:30] Estado: 6 vivos, 0 caidos
[2026-05-25 16:12:31] Estado: 6 vivos, 0 caidos
[2026-05-25 16:17:33] Estado: 6 vivos, 0 caidos
[2026-05-25 16:22:34] Estado: 6 vivos, 0 caidos
[2026-05-25 16:27:36] Estado: 6 vivos, 0 caidos
[2026-05-25 16:32:37] Estado: 6 vivos, 0 caidos
[2026-05-25 16:37:39] Estado: 6 vivos, 0 caidos
[2026-05-25 16:42:40] Estado: 6 vivos, 0 caidos
[2026-05-25 16:47:42] Estado: 6 vivos, 0 caidos
[2026-05-25 16:52:43] Estado: 6 vivos, 0 caidos
[2026-05-25 16:57:45] Estado: 6 vivos, 0 caidos
[2026-05-25 17:02:46] Estado: 6 vivos, 0 caidos
[2026-05-25 17:07:48] Estado: 6 vivos, 0 caidos
[2026-05-25 17:12:49] Estado: 6 vivos, 0 caidos
[2026-05-25 17:17:51] Estado: 6 vivos, 0 caidos
[2026-05-25 17:22:52] Estado: 6 vivos, 0 caidos
[2026-05-25 17:27:54] Estado: 6 vivos, 0 caidos
[2026-05-25 17:32:55] Estado: 6 vivos, 0 caidos
[2026-05-25 17:37:57] Estado: 6 vivos, 0 caidos
[2026-05-25 17:42:58] Estado: 6 vivos, 0 caidos
[2026-05-25 17:48:00] Estado: 6 vivos, 0 caidos
[2026-05-25 17:53:01] Estado: 6 vivos, 0 caidos
[2026-05-25 17:58:03] Estado: 6 vivos, 0 caidos
[2026-05-25 18:03:04] Estado: 6 vivos, 0 caidos
[2026-05-25 18:08:06] Estado: 6 vivos, 0 caidos
[2026-05-25 18:13:07] Estado: 6 vivos, 0 caidos
[2026-05-25 19:41:53] ==================================================
[2026-05-25 19:41:53] PROCESS WATCHDOG v2 — CENTINELA INICIADO
[2026-05-25 19:41:53] Vigilando 6 procesos cada 30s
[2026-05-25 19:41:53] Python: C:\Users\fnora\AppData\Local\Programs\Python\Python311\python.exe
[2026-05-25 19:41:53] ==================================================
[2026-05-25 19:41:53] Señal de cierre recibida. Watchdog terminando.
[2026-05-25 19:41:53] WATCHDOG TERMINADO
[2026-05-25 21:05:49] ==================================================
[2026-05-25 21:05:49] PROCESS WATCHDOG v2 — CENTINELA INICIADO
[2026-05-25 21:05:49] Vigilando 6 procesos cada 30s
[2026-05-25 21:05:49] Python: C:\Users\fnora\AppData\Local\Programs\Python\Python311\python.exe
[2026-05-25 21:05:49] ==================================================
[2026-05-25 21:05:49] CAIDO: Unified Channel Daemon (Telegram+Discord+Web)
[2026-05-25 21:05:49] [RESTART] Unified Channel Daemon (Telegram+Discord+Web) reiniciado
[2026-05-25 21:05:49] [WATCHDOG_ALERT] [ENJAMBRE: WATCHDOG] [WATCHDOG 21:05:49] ALERTA: Unified Channel Daemon (Telegram+Discord+Web) ha caido. Estado: reiniciado.
[2026-05-25 21:05:49] [WATCHDOG_ALERT] Encolado pasivamente en pending_messages.json
[2026-05-25 21:05:49] [WATCHDOG_ALERT] Notificación enviada asíncronamente por Telegram
[2026-05-25 21:05:49] CAIDO: Web Monitor
[2026-05-25 21:05:49] [RESTART] Web Monitor reiniciado
[2026-05-25 21:05:49] [WATCHDOG_ALERT] [ENJAMBRE: WATCHDOG] [WATCHDOG 21:05:49] ALERTA: Web Monitor ha caido. Estado: reiniciado.
[2026-05-25 21:05:49] [WATCHDOG_ALERT] Encolado pasivamente en pending_messages.json
[2026-05-25 21:05:49] [WATCHDOG_ALERT] Notificación enviada asíncronamente por Telegram
[2026-05-25 21:05:49] CAIDO: Swarm Mesh Listener
[2026-05-25 21:05:49] [RESTART] Swarm Mesh Listener reiniciado
[2026-05-25 21:05:49] [WATCHDOG_ALERT] [ENJAMBRE: WATCHDOG] [WATCHDOG 21:05:49] ALERTA: Swarm Mesh Listener ha caido. Estado: reiniciado.
[2026-05-25 21:05:49] [WATCHDOG_ALERT] Encolado pasivamente en pending_messages.json
[2026-05-25 21:05:49] [WATCHDOG_ALERT] Notificación enviada asíncronamente por Telegram
[2026-05-25 21:05:49] CAIDO: Swarm AI Watchdog (Pool de IAs)
[2026-05-25 21:05:49] [RESTART] Swarm AI Watchdog (Pool de IAs) reiniciado
[2026-05-25 21:05:49] [WATCHDOG_ALERT] [ENJAMBRE: WATCHDOG] [WATCHDOG 21:05:49] ALERTA: Swarm AI Watchdog (Pool de IAs) ha caido. Estado: reiniciado.
[2026-05-25 21:05:49] [WATCHDOG_ALERT] Encolado pasivamente en pending_messages.json
[2026-05-25 21:05:49] [WATCHDOG_ALERT] Notificación enviada asíncronamente por Telegram
[2026-05-25 21:05:49] CAIDO: Charm Edu P2P Daemon
[2026-05-25 21:05:49] [RESTART] Charm Edu P2P Daemon reiniciado
[2026-05-25 21:05:49] [WATCHDOG_ALERT] [ENJAMBRE: WATCHDOG] [WATCHDOG 21:05:49] ALERTA: Charm Edu P2P Daemon ha caido. Estado: reiniciado.
[2026-05-25 21:05:49] [WATCHDOG_ALERT] Encolado pasivamente en pending_messages.json
[2026-05-25 21:05:49] [WATCHDOG_ALERT] Notificación enviada asíncronamente por Telegram
[2026-05-25 21:10:20] Estado: 6 vivos, 0 caidos
[2026-05-25 21:15:22] Estado: 6 vivos, 0 caidos
[2026-05-25 21:20:23] Estado: 6 vivos, 0 caidos
[2026-05-25 21:25:24] Estado: 6 vivos, 0 caidos
[2026-05-25 21:30:25] Estado: 6 vivos, 0 caidos
[2026-05-25 21:35:27] Estado: 6 vivos, 0 caidos
[2026-05-25 21:40:28] Estado: 6 vivos, 0 caidos
[2026-05-25 21:45:30] Estado: 6 vivos, 0 caidos
[2026-05-25 21:50:31] Estado: 6 vivos, 0 caidos
[2026-05-25 21:55:32] Estado: 6 vivos, 0 caidos
[2026-05-25 22:00:33] Estado: 6 vivos, 0 caidos
[2026-05-25 22:05:35] Estado: 6 vivos, 0 caidos
[2026-05-25 22:10:36] Estado: 6 vivos, 0 caidos
[2026-05-25 22:15:37] Estado: 6 vivos, 0 caidos
[2026-05-25 22:20:39] Estado: 6 vivos, 0 caidos
[2026-05-25 22:25:40] Estado: 6 vivos, 0 caidos
[2026-05-25 22:30:41] Estado: 6 vivos, 0 caidos
[2026-05-25 22:35:43] Estado: 6 vivos, 0 caidos
[2026-05-25 22:40:44] Estado: 6 vivos, 0 caidos
[2026-05-25 22:45:45] Estado: 6 vivos, 0 caidos
[2026-05-25 22:50:47] Estado: 6 vivos, 0 caidos
[2026-05-25 22:55:48] Estado: 6 vivos, 0 caidos
[2026-05-25 23:00:49] Estado: 6 vivos, 0 caidos
[2026-05-25 23:05:51] Estado: 6 vivos, 0 caidos
[2026-05-25 23:10:52] Estado: 6 vivos, 0 caidos
[2026-05-25 23:15:53] Estado: 6 vivos, 0 caidos
[2026-05-25 23:20:55] Estado: 6 vivos, 0 caidos
[2026-05-25 23:25:56] Estado: 6 vivos, 0 caidos
[2026-05-25 23:30:57] Estado: 6 vivos, 0 caidos
[2026-05-25 23:35:59] Estado: 6 vivos, 0 caidos
[2026-05-25 23:41:00] Estado: 6 vivos, 0 caidos
[2026-05-25 23:46:02] Estado: 6 vivos, 0 caidos
[2026-05-25 23:51:03] Estado: 6 vivos, 0 caidos
[2026-05-25 23:56:04] Estado: 6 vivos, 0 caidos
[2026-05-26 00:01:06] Estado: 6 vivos, 0 caidos
[2026-05-26 00:06:07] Estado: 6 vivos, 0 caidos
[2026-05-26 00:11:08] Estado: 6 vivos, 0 caidos
[2026-05-26 00:16:10] Estado: 6 vivos, 0 caidos
[2026-05-26 00:21:11] Estado: 6 vivos, 0 caidos
[2026-05-26 00:26:12] Estado: 6 vivos, 0 caidos
[2026-05-26 00:31:13] Estado: 6 vivos, 0 caidos
[2026-05-26 00:36:24] ==================================================
[2026-05-26 00:36:24] PROCESS WATCHDOG v2 — CENTINELA INICIADO
[2026-05-26 00:36:24] Vigilando 7 procesos cada 30s
[2026-05-26 00:36:24] Python: C:\Users\fnora\AppData\Local\Programs\Python\Python311\python.exe
[2026-05-26 00:36:24] ==================================================
[2026-05-26 00:36:24] CAIDO: Unified Channel Daemon (Telegram+Discord+Web)
[2026-05-26 00:36:24] [RESTART] Unified Channel Daemon (Telegram+Discord+Web) reiniciado
[2026-05-26 00:36:24] [WATCHDOG_ALERT] [ENJAMBRE: WATCHDOG] [WATCHDOG 00:36:24] ALERTA: Unified Channel Daemon (Telegram+Discord+Web) ha caido. Estado: reiniciado.
[2026-05-26 00:36:24] [WATCHDOG_ALERT] Encolado pasivamente en pending_messages.json
[2026-05-26 00:36:24] [WATCHDOG_ALERT] Notificación enviada asíncronamente por Telegram
[2026-05-26 00:36:24] CAIDO: Web Monitor
[2026-05-26 00:36:24] [RESTART] Web Monitor reiniciado
[2026-05-26 00:36:24] [WATCHDOG_ALERT] [ENJAMBRE: WATCHDOG] [WATCHDOG 00:36:24] ALERTA: Web Monitor ha caido. Estado: reiniciado.
[2026-05-26 00:36:24] [WATCHDOG_ALERT] Encolado pasivamente en pending_messages.json
[2026-05-26 00:36:24] [WATCHDOG_ALERT] Notificación enviada asíncronamente por Telegram
[2026-05-26 00:36:24] CAIDO: Swarm Mesh Listener
[2026-05-26 00:36:24] [RESTART] Swarm Mesh Listener reiniciado
[2026-05-26 00:36:24] [WATCHDOG_ALERT] [ENJAMBRE: WATCHDOG] [WATCHDOG 00:36:24] ALERTA: Swarm Mesh Listener ha caido. Estado: reiniciado.
[2026-05-26 00:36:24] [WATCHDOG_ALERT] Encolado pasivamente en pending_messages.json
[2026-05-26 00:36:24] [WATCHDOG_ALERT] Notificación enviada asíncronamente por Telegram
[2026-05-26 00:36:24] CAIDO: Swarm AI Watchdog (Pool de IAs)
[2026-05-26 00:36:24] [RESTART] Swarm AI Watchdog (Pool de IAs) reiniciado
[2026-05-26 00:36:24] [WATCHDOG_ALERT] [ENJAMBRE: WATCHDOG] [WATCHDOG 00:36:24] ALERTA: Swarm AI Watchdog (Pool de IAs) ha caido. Estado: reiniciado.
[2026-05-26 00:36:24] [WATCHDOG_ALERT] Encolado pasivamente en pending_messages.json
[2026-05-26 00:36:24] [WATCHDOG_ALERT] Notificación enviada asíncronamente por Telegram
[2026-05-26 00:36:24] CAIDO: Charm Edu P2P Daemon
[2026-05-26 00:36:24] [RESTART] Charm Edu P2P Daemon reiniciado
[2026-05-26 00:36:24] [WATCHDOG_ALERT] [ENJAMBRE: WATCHDOG] [WATCHDOG 00:36:24] ALERTA: Charm Edu P2P Daemon ha caido. Estado: reiniciado.
[2026-05-26 00:36:24] [WATCHDOG_ALERT] Encolado pasivamente en pending_messages.json
[2026-05-26 00:36:24] [WATCHDOG_ALERT] Notificación enviada asíncronamente por Telegram
[2026-05-26 00:36:24] CAIDO: N8N Local Daemon
[2026-05-26 00:36:24] [RESTART] N8N Local Daemon reiniciado
[2026-05-26 00:36:24] [WATCHDOG_ALERT] [ENJAMBRE: WATCHDOG] [WATCHDOG 00:36:24] ALERTA: N8N Local Daemon ha caido. Estado: reiniciado.
[2026-05-26 00:36:24] [WATCHDOG_ALERT] Encolado pasivamente en pending_messages.json
[2026-05-26 00:36:24] [WATCHDOG_ALERT] Notificación enviada asíncronamente por Telegram
[2026-05-26 00:37:01] ==================================================
[2026-05-26 00:37:01] PROCESS WATCHDOG v2 — CENTINELA INICIADO
[2026-05-26 00:37:01] Vigilando 7 procesos cada 30s
[2026-05-26 00:37:01] Python: C:\Users\fnora\AppData\Local\Programs\Python\Python311\python.exe
[2026-05-26 00:37:01] ==================================================
[2026-05-26 00:37:05] ==================================================
[2026-05-26 00:37:05] PROCESS WATCHDOG v2 — CENTINELA INICIADO
[2026-05-26 00:37:05] Vigilando 7 procesos cada 30s
[2026-05-26 00:37:05] Python: C:\Users\fnora\AppData\Local\Programs\Python\Python311\python.exe
[2026-05-26 00:37:05] ==================================================
[2026-05-26 00:37:10] ==================================================
[2026-05-26 00:37:10] PROCESS WATCHDOG v2 — CENTINELA INICIADO
[2026-05-26 00:37:10] Vigilando 7 procesos cada 30s
[2026-05-26 00:37:10] Python: C:\Users\fnora\AppData\Local\Programs\Python\Python311\python.exe
[2026-05-26 00:37:10] ==================================================
[2026-05-26 00:37:15] ==================================================
[2026-05-26 00:37:15] PROCESS WATCHDOG v2 — CENTINELA INICIADO
[2026-05-26 00:37:15] Vigilando 7 procesos cada 30s
[2026-05-26 00:37:15] Python: C:\Users\fnora\AppData\Local\Programs\Python\Python311\python.exe
[2026-05-26 00:37:15] ==================================================
[2026-05-26 00:37:20] ==================================================
[2026-05-26 00:37:20] PROCESS WATCHDOG v2 — CENTINELA INICIADO
[2026-05-26 00:37:20] Vigilando 7 procesos cada 30s
[2026-05-26 00:37:20] Python: C:\Users\fnora\AppData\Local\Programs\Python\Python311\python.exe
[2026-05-26 00:37:20] ==================================================
[2026-05-26 00:37:25] ==================================================
[2026-05-26 00:37:25] PROCESS WATCHDOG v2 — CENTINELA INICIADO
[2026-05-26 00:37:25] Vigilando 7 procesos cada 30s
[2026-05-26 00:37:25] Python: C:\Users\fnora\AppData\Local\Programs\Python\Python311\python.exe
[2026-05-26 00:37:25] ==================================================
[2026-05-26 00:37:30] ==================================================
[2026-05-26 00:37:30] PROCESS WATCHDOG v2 — CENTINELA INICIADO
[2026-05-26 00:37:30] Vigilando 7 procesos cada 30s
[2026-05-26 00:37:30] Python: C:\Users\fnora\AppData\Local\Programs\Python\Python311\python.exe
[2026-05-26 00:37:30] ==================================================
[2026-05-26 00:37:35] ==================================================
[2026-05-26 00:37:35] PROCESS WATCHDOG v2 — CENTINELA INICIADO
[2026-05-26 00:37:35] Vigilando 7 procesos cada 30s
[2026-05-26 00:37:35] Python: C:\Users\fnora\AppData\Local\Programs\Python\Python311\python.exe
[2026-05-26 00:37:35] ==================================================
[2026-05-26 00:37:41] ==================================================
[2026-05-26 00:37:41] PROCESS WATCHDOG v2 — CENTINELA INICIADO
[2026-05-26 00:37:41] Vigilando 7 procesos cada 30s
[2026-05-26 00:37:41] Python: C:\Users\fnora\AppData\Local\Programs\Python\Python311\python.exe
[2026-05-26 00:37:41] ==================================================
[2026-05-26 00:37:45] ==================================================
[2026-05-26 00:37:45] PROCESS WATCHDOG v2 — CENTINELA INICIADO
[2026-05-26 00:37:45] Vigilando 7 procesos cada 30s
[2026-05-26 00:37:45] Python: C:\Users\fnora\AppData\Local\Programs\Python\Python311\python.exe
[2026-05-26 00:37:45] ==================================================
[2026-05-26 00:37:50] ==================================================
[2026-05-26 00:37:50] PROCESS WATCHDOG v2 — CENTINELA INICIADO
[2026-05-26 00:37:50] Vigilando 7 procesos cada 30s
[2026-05-26 00:37:50] Python: C:\Users\fnora\AppData\Local\Programs\Python\Python311\python.exe
[2026-05-26 00:37:50] ==================================================
[2026-05-26 00:37:55] ==================================================
[2026-05-26 00:37:55] PROCESS WATCHDOG v2 — CENTINELA INICIADO
[2026-05-26 00:37:55] Vigilando 7 procesos cada 30s
[2026-05-26 00:37:55] Python: C:\Users\fnora\AppData\Local\Programs\Python\Python311\python.exe
[2026-05-26 00:37:55] ==================================================
[2026-05-26 00:38:00] ==================================================
[2026-05-26 00:38:00] PROCESS WATCHDOG v2 — CENTINELA INICIADO
[2026-05-26 00:38:00] Vigilando 7 procesos cada 30s
[2026-05-26 00:38:00] Python: C:\Users\fnora\AppData\Local\Programs\Python\Python311\python.exe
[2026-05-26 00:38:00] ==================================================
[2026-05-26 00:38:05] ==================================================
[2026-05-26 00:38:05] PROCESS WATCHDOG v2 — CENTINELA INICIADO
[2026-05-26 00:38:05] Vigilando 7 procesos cada 30s
[2026-05-26 00:38:05] Python: C:\Users\fnora\AppData\Local\Programs\Python\Python311\python.exe
[2026-05-26 00:38:05] ==================================================
[2026-05-26 00:38:10] ==================================================
[2026-05-26 00:38:10] PROCESS WATCHDOG v2 — CENTINELA INICIADO
[2026-05-26 00:38:10] Vigilando 7 procesos cada 30s
[2026-05-26 00:38:10] Python: C:\Users\fnora\AppData\Local\Programs\Python\Python311\python.exe
[2026-05-26 00:38:10] ==================================================
[2026-05-26 00:38:15] ==================================================
[2026-05-26 00:38:15] PROCESS WATCHDOG v2 — CENTINELA INICIADO
[2026-05-26 00:38:15] Vigilando 7 procesos cada 30s
[2026-05-26 00:38:15] Python: C:\Users\fnora\AppData\Local\Programs\Python\Python311\python.exe
[2026-05-26 00:38:15] ==================================================
[2026-05-26 00:38:20] ==================================================
[2026-05-26 00:38:20] PROCESS WATCHDOG v2 — CENTINELA INICIADO
[2026-05-26 00:38:20] Vigilando 7 procesos cada 30s
[2026-05-26 00:38:20] Python: C:\Users\fnora\AppData\Local\Programs\Python\Python311\python.exe
[2026-05-26 00:38:20] ==================================================
[2026-05-26 00:38:20] CAIDO: N8N Local Daemon
[2026-05-26 00:38:20] [RESTART] N8N Local Daemon reiniciado
[2026-05-26 00:38:20] [WATCHDOG_ALERT] [ENJAMBRE: WATCHDOG] [WATCHDOG 00:38:20] ALERTA: N8N Local Daemon ha caido. Estado: reiniciado.
[2026-05-26 00:38:20] [WATCHDOG_ALERT] Encolado pasivamente en pending_messages.json
[2026-05-26 00:38:20] [WATCHDOG_ALERT] Notificación enviada asíncronamente por Telegram
[2026-05-26 00:38:31] ==================================================
[2026-05-26 00:38:31] PROCESS WATCHDOG v2 — CENTINELA INICIADO
[2026-05-26 00:38:31] Vigilando 7 procesos cada 30s
[2026-05-26 00:38:31] Python: C:\Users\fnora\AppData\Local\Programs\Python\Python311\python.exe
[2026-05-26 00:38:31] ==================================================
[2026-05-26 00:38:35] ==================================================
[2026-05-26 00:38:35] PROCESS WATCHDOG v2 — CENTINELA INICIADO
[2026-05-26 00:38:35] Vigilando 7 procesos cada 30s
[2026-05-26 00:38:35] Python: C:\Users\fnora\AppData\Local\Programs\Python\Python311\python.exe
[2026-05-26 00:38:35] ==================================================
[2026-05-26 00:38:40] ==================================================
[2026-05-26 00:38:40] PROCESS WATCHDOG v2 — CENTINELA INICIADO
[2026-05-26 00:38:40] Vigilando 7 procesos cada 30s
[2026-05-26 00:38:40] Python: C:\Users\fnora\AppData\Local\Programs\Python\Python311\python.exe
[2026-05-26 00:38:40] ==================================================
[2026-05-26 00:38:45] ==================================================
[2026-05-26 00:38:45] PROCESS WATCHDOG v2 — CENTINELA INICIADO
[2026-05-26 00:38:45] Vigilando 7 procesos cada 30s
[2026-05-26 00:38:45] Python: C:\Users\fnora\AppData\Local\Programs\Python\Python311\python.exe
[2026-05-26 00:38:45] ==================================================
[2026-05-26 00:38:50] ==================================================
[2026-05-26 00:38:50] PROCESS WATCHDOG v2 — CENTINELA INICIADO
[2026-05-26 00:38:50] Vigilando 7 procesos cada 30s
[2026-05-26 00:38:50] Python: C:\Users\fnora\AppData\Local\Programs\Python\Python311\python.exe
[2026-05-26 00:38:50] ==================================================
[2026-05-26 00:38:55] ==================================================
[2026-05-26 00:38:55] PROCESS WATCHDOG v2 — CENTINELA INICIADO
[2026-05-26 00:38:55] Vigilando 7 procesos cada 30s
[2026-05-26 00:38:55] Python: C:\Users\fnora\AppData\Local\Programs\Python\Python311\python.exe
[2026-05-26 00:38:55] ==================================================
[2026-05-26 00:39:00] ==================================================
[2026-05-26 00:39:00] PROCESS WATCHDOG v2 — CENTINELA INICIADO
[2026-05-26 00:39:00] Vigilando 7 procesos cada 30s
[2026-05-26 00:39:00] Python: C:\Users\fnora\AppData\Local\Programs\Python\Python311\python.exe
[2026-05-26 00:39:00] ==================================================
[2026-05-26 00:39:05] ==================================================
[2026-05-26 00:39:05] PROCESS WATCHDOG v2 — CENTINELA INICIADO
[2026-05-26 00:39:05] Vigilando 7 procesos cada 30s
[2026-05-26 00:39:05] Python: C:\Users\fnora\AppData\Local\Programs\Python\Python311\python.exe
[2026-05-26 00:39:05] ==================================================
[2026-05-26 00:39:10] ==================================================
[2026-05-26 00:39:10] PROCESS WATCHDOG v2 — CENTINELA INICIADO
[2026-05-26 00:39:10] Vigilando 7 procesos cada 30s
[2026-05-26 00:39:10] Python: C:\Users\fnora\AppData\Local\Programs\Python\Python311\python.exe
[2026-05-26 00:39:10] ==================================================
[2026-05-26 00:48:46] ==================================================
[2026-05-26 00:48:46] PROCESS WATCHDOG v2 — CENTINELA INICIADO
[2026-05-26 00:48:46] Vigilando 7 procesos cada 30s
[2026-05-26 00:48:46] Python: C:\Users\fnora\AppData\Local\Programs\Python\Python311\python.exe
[2026-05-26 00:48:46] ==================================================
[2026-05-26 00:48:46] CAIDO: Unified Channel Daemon (Telegram+Discord+Web)
[2026-05-26 00:48:46] [RESTART] Unified Channel Daemon (Telegram+Discord+Web) reiniciado
[2026-05-26 00:48:46] [WATCHDOG_ALERT] [ENJAMBRE: WATCHDOG] [WATCHDOG 00:48:46] ALERTA: Unified Channel Daemon (Telegram+Discord+Web) ha caido. Estado: reiniciado.
[2026-05-26 00:48:46] [WATCHDOG_ALERT] Encolado pasivamente en pending_messages.json
[2026-05-26 00:48:46] [WATCHDOG_ALERT] Notificación enviada asíncronamente por Telegram
[2026-05-26 00:48:46] CAIDO: Web Monitor
[2026-05-26 00:48:46] [RESTART] Web Monitor reiniciado
[2026-05-26 00:48:46] [WATCHDOG_ALERT] [ENJAMBRE: WATCHDOG] [WATCHDOG 00:48:46] ALERTA: Web Monitor ha caido. Estado: reiniciado.
[2026-05-26 00:48:46] [WATCHDOG_ALERT] Encolado pasivamente en pending_messages.json
[2026-05-26 00:48:46] [WATCHDOG_ALERT] Notificación enviada asíncronamente por Telegram
[2026-05-26 00:48:46] CAIDO: Swarm Mesh Listener
[2026-05-26 00:48:46] [RESTART] Swarm Mesh Listener reiniciado
[2026-05-26 00:48:46] [WATCHDOG_ALERT] [ENJAMBRE: WATCHDOG] [WATCHDOG 00:48:46] ALERTA: Swarm Mesh Listener ha caido. Estado: reiniciado.
[2026-05-26 00:48:46] [WATCHDOG_ALERT] Encolado pasivamente en pending_messages.json
[2026-05-26 00:48:46] [WATCHDOG_ALERT] Notificación enviada asíncronamente por Telegram
[2026-05-26 00:48:46] CAIDO: Swarm AI Watchdog (Pool de IAs)
[2026-05-26 00:48:46] [RESTART] Swarm AI Watchdog (Pool de IAs) reiniciado
[2026-05-26 00:48:46] [WATCHDOG_ALERT] [ENJAMBRE: WATCHDOG] [WATCHDOG 00:48:46] ALERTA: Swarm AI Watchdog (Pool de IAs) ha caido. Estado: reiniciado.
[2026-05-26 00:48:46] [WATCHDOG_ALERT] Encolado pasivamente en pending_messages.json
[2026-05-26 00:48:46] [WATCHDOG_ALERT] Notificación enviada asíncronamente por Telegram
[2026-05-26 00:48:46] CAIDO: Charm Edu P2P Daemon
[2026-05-26 00:48:46] [RESTART] Charm Edu P2P Daemon reiniciado
[2026-05-26 00:48:46] [WATCHDOG_ALERT] [ENJAMBRE: WATCHDOG] [WATCHDOG 00:48:46] ALERTA: Charm Edu P2P Daemon ha caido. Estado: reiniciado.
[2026-05-26 00:48:46] [WATCHDOG_ALERT] Encolado pasivamente en pending_messages.json
[2026-05-26 00:48:46] [WATCHDOG_ALERT] Notificación enviada asíncronamente por Telegram
[2026-05-26 00:48:46] CAIDO: N8N Local Daemon
[2026-05-26 00:48:46] [RESTART] N8N Local Daemon reiniciado
[2026-05-26 00:48:46] [WATCHDOG_ALERT] [ENJAMBRE: WATCHDOG] [WATCHDOG 00:48:46] ALERTA: N8N Local Daemon ha caido. Estado: reiniciado.
[2026-05-26 00:48:46] [WATCHDOG_ALERT] Encolado pasivamente en pending_messages.json
[2026-05-26 00:48:46] [WATCHDOG_ALERT] Notificación enviada asíncronamente por Telegram
[2026-05-26 02:24:01] ==================================================
[2026-05-26 02:24:01] PROCESS WATCHDOG v2 — CENTINELA INICIADO
[2026-05-26 02:24:01] Vigilando 7 procesos cada 30s
[2026-05-26 02:24:01] Python: C:\Users\fnora\AppData\Local\Programs\Python\Python311\python.exe
[2026-05-26 02:24:01] ==================================================
[2026-05-26 02:24:01] CAIDO: Unified Channel Daemon (Telegram+Discord+Web)
[2026-05-26 02:24:01] [RESTART] Unified Channel Daemon (Telegram+Discord+Web) reiniciado
[2026-05-26 02:24:01] [WATCHDOG_ALERT] [ENJAMBRE: WATCHDOG] [WATCHDOG 02:24:01] ALERTA: Unified Channel Daemon (Telegram+Discord+Web) ha caido. Estado: reiniciado.
[2026-05-26 02:24:01] [WATCHDOG_ALERT] Encolado pasivamente en pending_messages.json
[2026-05-26 02:24:01] [WATCHDOG_ALERT] Notificación enviada asíncronamente por Telegram
[2026-05-26 02:24:01] CAIDO: Web Monitor
[2026-05-26 02:24:01] [RESTART] Web Monitor reiniciado
[2026-05-26 02:24:01] [WATCHDOG_ALERT] [ENJAMBRE: WATCHDOG] [WATCHDOG 02:24:01] ALERTA: Web Monitor ha caido. Estado: reiniciado.
[2026-05-26 02:24:01] [WATCHDOG_ALERT] Encolado pasivamente en pending_messages.json
[2026-05-26 02:24:01] [WATCHDOG_ALERT] Notificación enviada asíncronamente por Telegram
[2026-05-26 02:24:01] CAIDO: Swarm Mesh Listener
[2026-05-26 02:24:01] [RESTART] Swarm Mesh Listener reiniciado
[2026-05-26 02:24:01] [WATCHDOG_ALERT] [ENJAMBRE: WATCHDOG] [WATCHDOG 02:24:01] ALERTA: Swarm Mesh Listener ha caido. Estado: reiniciado.
[2026-05-26 02:24:01] [WATCHDOG_ALERT] Encolado pasivamente en pending_messages.json
[2026-05-26 02:24:01] [WATCHDOG_ALERT] Notificación enviada asíncronamente por Telegram
[2026-05-26 02:24:01] CAIDO: Swarm AI Watchdog (Pool de IAs)
[2026-05-26 02:24:01] [RESTART] Swarm AI Watchdog (Pool de IAs) reiniciado
[2026-05-26 02:24:01] [WATCHDOG_ALERT] [ENJAMBRE: WATCHDOG] [WATCHDOG 02:24:01] ALERTA: Swarm AI Watchdog (Pool de IAs) ha caido. Estado: reiniciado.
[2026-05-26 02:24:01] [WATCHDOG_ALERT] Encolado pasivamente en pending_messages.json
[2026-05-26 02:24:01] [WATCHDOG_ALERT] Notificación enviada asíncronamente por Telegram
[2026-05-26 02:24:01] CAIDO: Charm Edu P2P Daemon
[2026-05-26 02:24:02] [RESTART] Charm Edu P2P Daemon reiniciado
[2026-05-26 02:24:02] [WATCHDOG_ALERT] [ENJAMBRE: WATCHDOG] [WATCHDOG 02:24:02] ALERTA: Charm Edu P2P Daemon ha caido. Estado: reiniciado.
[2026-05-26 02:24:02] [WATCHDOG_ALERT] Encolado pasivamente en pending_messages.json
[2026-05-26 02:24:02] [WATCHDOG_ALERT] Notificación enviada asíncronamente por Telegram
[2026-05-26 02:24:02] CAIDO: N8N Local Daemon
[2026-05-26 02:24:02] [RESTART] N8N Local Daemon reiniciado
[2026-05-26 02:24:02] [WATCHDOG_ALERT] [ENJAMBRE: WATCHDOG] [WATCHDOG 02:24:02] ALERTA: N8N Local Daemon ha caido. Estado: reiniciado.
[2026-05-26 02:24:02] [WATCHDOG_ALERT] Encolado pasivamente en pending_messages.json
[2026-05-26 02:24:02] [WATCHDOG_ALERT] Notificación enviada asíncronamente por Telegram
[2026-05-26 02:28:33] Estado: 7 vivos, 0 caidos
[2026-05-26 02:33:34] Estado: 7 vivos, 0 caidos
[2026-05-26 02:38:36] Estado: 7 vivos, 0 caidos
[2026-05-26 02:41:06] CAIDO: N8N Local Daemon
[2026-05-26 02:41:06] [RESTART] N8N Local Daemon reiniciado
[2026-05-26 02:41:06] [WATCHDOG_ALERT] [ENJAMBRE: WATCHDOG] [WATCHDOG 02:41:06] ALERTA: N8N Local Daemon ha caido. Estado: reiniciado.
[2026-05-26 02:41:06] [WATCHDOG_ALERT] Encolado pasivamente en pending_messages.json
[2026-05-26 02:41:06] [WATCHDOG_ALERT] Notificación enviada asíncronamente por Telegram
[2026-05-26 02:43:37] Estado: 6 vivos, 1 caidos
[2026-05-26 02:48:08] CAIDO: N8N Local Daemon
[2026-05-26 02:48:08] [RESTART] N8N Local Daemon reiniciado
[2026-05-26 02:48:08] [WATCHDOG_ALERT] [ENJAMBRE: WATCHDOG] [WATCHDOG 02:48:08] ALERTA: N8N Local Daemon ha caido. Estado: reiniciado.
[2026-05-26 02:48:08] [WATCHDOG_ALERT] Encolado pasivamente en pending_messages.json
[2026-05-26 02:48:08] [WATCHDOG_ALERT] Notificación enviada asíncronamente por Telegram
[2026-05-26 02:48:38] Estado: 7 vivos, 0 caidos
[2026-05-26 02:53:10] CAIDO: N8N Local Daemon
[2026-05-26 02:53:10] [RESTART] N8N Local Daemon reiniciado
[2026-05-26 02:53:10] [WATCHDOG_ALERT] [ENJAMBRE: WATCHDOG] [WATCHDOG 02:53:10] ALERTA: N8N Local Daemon ha caido. Estado: reiniciado.
[2026-05-26 02:53:10] [WATCHDOG_ALERT] Encolado pasivamente en pending_messages.json
[2026-05-26 02:53:10] [WATCHDOG_ALERT] Notificación enviada asíncronamente por Telegram
[2026-05-26 07:15:40] ==================================================
[2026-05-26 07:15:40] PROCESS WATCHDOG v2 — CENTINELA INICIADO
[2026-05-26 07:15:40] Vigilando 7 procesos cada 30s
[2026-05-26 07:15:40] Python: C:\Users\fnora\AppData\Local\Programs\Python\Python311\python.exe
[2026-05-26 07:15:40] ==================================================
[2026-05-26 07:15:40] CAIDO: Unified Channel Daemon (Telegram+Discord+Web)
[2026-05-26 07:15:40] [RESTART] Unified Channel Daemon (Telegram+Discord+Web) reiniciado
[2026-05-26 07:15:40] [WATCHDOG_ALERT] [ENJAMBRE: WATCHDOG] [WATCHDOG 07:15:40] ALERTA: Unified Channel Daemon (Telegram+Discord+Web) ha caido. Estado: reiniciado.
[2026-05-26 07:15:40] [WATCHDOG_ALERT] Encolado pasivamente en pending_messages.json
[2026-05-26 07:15:40] [WATCHDOG_ALERT] Notificación enviada asíncronamente por Telegram
[2026-05-26 07:15:40] CAIDO: Swarm Mesh Listener
[2026-05-26 07:15:40] [RESTART] Swarm Mesh Listener reiniciado
[2026-05-26 07:15:40] [WATCHDOG_ALERT] [ENJAMBRE: WATCHDOG] [WATCHDOG 07:15:40] ALERTA: Swarm Mesh Listener ha caido. Estado: reiniciado.
[2026-05-26 07:15:40] [WATCHDOG_ALERT] Encolado pasivamente en pending_messages.json
[2026-05-26 07:15:40] [WATCHDOG_ALERT] Notificación enviada asíncronamente por Telegram
[2026-05-26 07:15:40] CAIDO: Charm Panel (Web UI :7860)
[2026-05-26 07:15:40] [RESTART] Charm Panel (Web UI :7860) reiniciado
[2026-05-26 07:15:40] [WATCHDOG_ALERT] [ENJAMBRE: WATCHDOG] [WATCHDOG 07:15:40] ALERTA: Charm Panel (Web UI :7860) ha caido. Estado: reiniciado.
[2026-05-26 07:15:40] [WATCHDOG_ALERT] Encolado pasivamente en pending_messages.json
[2026-05-26 07:15:40] [WATCHDOG_ALERT] Notificación enviada asíncronamente por Telegram
[2026-05-26 07:15:40] CAIDO: Charm Edu P2P Daemon
[2026-05-26 07:15:40] [RESTART] Charm Edu P2P Daemon reiniciado
[2026-05-26 07:15:40] [WATCHDOG_ALERT] [ENJAMBRE: WATCHDOG] [WATCHDOG 07:15:40] ALERTA: Charm Edu P2P Daemon ha caido. Estado: reiniciado.
[2026-05-26 07:15:40] [WATCHDOG_ALERT] Encolado pasivamente en pending_messages.json
[2026-05-26 07:15:40] [WATCHDOG_ALERT] Notificación enviada asíncronamente por Telegram
[2026-05-26 07:15:40] CAIDO: N8N Local Daemon
[2026-05-26 07:15:40] [RESTART] N8N Local Daemon reiniciado
[2026-05-26 07:15:40] [WATCHDOG_ALERT] [ENJAMBRE: WATCHDOG] [WATCHDOG 07:15:40] ALERTA: N8N Local Daemon ha caido. Estado: reiniciado.
[2026-05-26 07:15:40] [WATCHDOG_ALERT] Encolado pasivamente en pending_messages.json
[2026-05-26 07:15:40] [WATCHDOG_ALERT] Notificación enviada asíncronamente por Telegram
[2026-05-26 07:15:44] [QDRANT] Caido. Intentando reiniciar...
[2026-05-26 07:15:45] [DOCKER] Docker Desktop no parece estar activo. Intentando levantarlo...
[2026-05-26 07:15:45] [DOCKER] Iniciado ejecutable. Esperando 30s para inicializacion del daemon...
[2026-05-26 07:16:18] [QDRANT] Reiniciado con exito
[2026-05-26 07:16:18] [WATCHDOG_ALERT] [ENJAMBRE: WATCHDOG] Qdrant ha sido levantado automáticamente (incluyendo inicio de Docker Desktop). Memoria vectorial online.
[2026-05-26 07:16:18] [WATCHDOG_ALERT] Encolado pasivamente en pending_messages.json
[2026-05-26 07:16:18] [WATCHDOG_ALERT] Notificación enviada asíncronamente por Telegram
[2026-05-26 07:42:32] ==================================================
[2026-05-26 07:42:32] PROCESS WATCHDOG v2 — CENTINELA INICIADO
[2026-05-26 07:42:32] Vigilando 7 procesos cada 30s
[2026-05-26 07:42:32] Python: C:\Users\fnora\AppData\Local\Programs\Python\Python311\python.exe
[2026-05-26 07:42:32] ==================================================
[2026-05-26 07:43:13] ==================================================
[2026-05-26 07:43:13] PROCESS WATCHDOG v2 — CENTINELA INICIADO
[2026-05-26 07:43:13] Vigilando 7 procesos cada 30s
[2026-05-26 07:43:13] Python: C:\Users\fnora\AppData\Local\Programs\Python\Python311\python.exe
[2026-05-26 07:43:13] ==================================================
[2026-05-26 07:47:44] Estado: 7 vivos, 0 caidos
[2026-05-26 07:52:45] Estado: 7 vivos, 0 caidos
[2026-05-26 07:57:47] Estado: 7 vivos, 0 caidos
[2026-05-26 08:00:50] ==================================================
[2026-05-26 08:00:50] PROCESS WATCHDOG v2 — CENTINELA INICIADO
[2026-05-26 08:00:50] Vigilando 7 procesos cada 30s
[2026-05-26 08:00:50] Python: C:\Users\fnora\AppData\Local\Programs\Python\Python311\python.exe
[2026-05-26 08:00:50] ==================================================
[2026-05-26 08:04:21] CAIDO: Charm Panel (Web UI :7860)
[2026-05-26 08:04:21] [RESTART] Charm Panel (Web UI :7860) reiniciado
[2026-05-26 08:04:21] [WATCHDOG_ALERT] [ENJAMBRE: WATCHDOG] [WATCHDOG 08:04:21] ALERTA: Charm Panel (Web UI :7860) ha caido. Estado: reiniciado.
[2026-05-26 08:04:21] [WATCHDOG_ALERT] Encolado pasivamente en pending_messages.json
[2026-05-26 08:04:21] [WATCHDOG_ALERT] Notificación enviada asíncronamente por Telegram
[2026-05-26 08:05:22] Estado: 7 vivos, 0 caidos
[2026-05-26 08:10:23] Estado: 7 vivos, 0 caidos
[2026-05-26 08:15:24] Estado: 7 vivos, 0 caidos
[2026-05-26 08:17:25] CAIDO: N8N Local Daemon
[2026-05-26 08:17:25] [RESTART] N8N Local Daemon reiniciado
[2026-05-26 08:17:25] [WATCHDOG_ALERT] [ENJAMBRE: WATCHDOG] [WATCHDOG 08:17:25] ALERTA: N8N Local Daemon ha caido. Estado: reiniciado.
[2026-05-26 08:17:25] [WATCHDOG_ALERT] Encolado pasivamente en pending_messages.json
[2026-05-26 08:17:25] [WATCHDOG_ALERT] Notificación enviada asíncronamente por Telegram
[2026-05-26 08:46:35] ==================================================
[2026-05-26 08:46:35] PROCESS WATCHDOG v2 — CENTINELA INICIADO
[2026-05-26 08:46:35] Vigilando 7 procesos cada 30s
[2026-05-26 08:46:35] Python: C:\Users\fnora\AppData\Local\Programs\Python\Python311\python.exe
[2026-05-26 08:46:35] ==================================================
[2026-05-26 08:46:35] CAIDO: Unified Channel Daemon (Telegram+Discord+Web)
[2026-05-26 08:46:35] [RESTART] Unified Channel Daemon (Telegram+Discord+Web) reiniciado
[2026-05-26 08:46:35] [WATCHDOG_ALERT] [ENJAMBRE: WATCHDOG] [WATCHDOG 08:46:35] ALERTA: Unified Channel Daemon (Telegram+Discord+Web) ha caido. Estado: reiniciado.
[2026-05-26 08:46:35] [WATCHDOG_ALERT] Encolado pasivamente en pending_messages.json
[2026-05-26 08:46:35] [WATCHDOG_ALERT] Notificación enviada asíncronamente por Telegram
[2026-05-26 08:46:35] CAIDO: N8N Bridge Daemon (Docker Proxy)
[2026-05-26 08:46:35] [RESTART] N8N Bridge Daemon (Docker Proxy) reiniciado
[2026-05-26 08:46:35] [WATCHDOG_ALERT] [ENJAMBRE: WATCHDOG] [WATCHDOG 08:46:35] ALERTA: N8N Bridge Daemon (Docker Proxy) ha caido. Estado: reiniciado.
[2026-05-26 08:46:36] [WATCHDOG_ALERT] Encolado pasivamente en pending_messages.json
[2026-05-26 08:46:36] [WATCHDOG_ALERT] Notificación enviada asíncronamente por Telegram
[2026-05-26 08:51:07] Estado: 7 vivos, 0 caidos
[2026-05-26 09:07:39] ==================================================
[2026-05-26 09:07:39] PROCESS WATCHDOG v2 — CENTINELA INICIADO
[2026-05-26 09:07:39] Vigilando 7 procesos cada 30s
[2026-05-26 09:07:39] Python: C:\Users\fnora\AppData\Local\Programs\Python\Python311\python.exe
[2026-05-26 09:07:39] ==================================================
[2026-05-26 09:07:39] CAIDO: Unified Channel Daemon (Telegram+Discord+Web)
[2026-05-26 09:07:39] [RESTART] Unified Channel Daemon (Telegram+Discord+Web) reiniciado
[2026-05-26 09:07:39] [WATCHDOG_ALERT] [ENJAMBRE: WATCHDOG] [WATCHDOG 09:07:39] ALERTA: Unified Channel Daemon (Telegram+Discord+Web) ha caido. Estado: reiniciado.
[2026-05-26 09:07:39] [WATCHDOG_ALERT] Encolado pasivamente en pending_messages.json
[2026-05-26 09:07:39] [WATCHDOG_ALERT] Notificación enviada asíncronamente por Telegram
[2026-05-26 09:07:39] CAIDO: Swarm Mesh Listener
[2026-05-26 09:07:39] [RESTART] Swarm Mesh Listener reiniciado
[2026-05-26 09:07:39] [WATCHDOG_ALERT] [ENJAMBRE: WATCHDOG] [WATCHDOG 09:07:39] ALERTA: Swarm Mesh Listener ha caido. Estado: reiniciado.
[2026-05-26 09:07:39] [WATCHDOG_ALERT] Encolado pasivamente en pending_messages.json
[2026-05-26 09:07:39] [WATCHDOG_ALERT] Notificación enviada asíncronamente por Telegram
[2026-05-26 09:07:39] CAIDO: Charm Panel (Web UI :7860)
[2026-05-26 09:07:39] [RESTART] Charm Panel (Web UI :7860) reiniciado
[2026-05-26 09:07:39] [WATCHDOG_ALERT] [ENJAMBRE: WATCHDOG] [WATCHDOG 09:07:39] ALERTA: Charm Panel (Web UI :7860) ha caido. Estado: reiniciado.
[2026-05-26 09:07:40] [WATCHDOG_ALERT] Encolado pasivamente en pending_messages.json
[2026-05-26 09:07:40] [WATCHDOG_ALERT] Notificación enviada asíncronamente por Telegram
[2026-05-26 09:07:40] CAIDO: Charm Edu P2P Daemon
[2026-05-26 09:07:40] [RESTART] Charm Edu P2P Daemon reiniciado
[2026-05-26 09:07:40] [WATCHDOG_ALERT] [ENJAMBRE: WATCHDOG] [WATCHDOG 09:07:40] ALERTA: Charm Edu P2P Daemon ha caido. Estado: reiniciado.
[2026-05-26 09:07:40] [WATCHDOG_ALERT] Encolado pasivamente en pending_messages.json
[2026-05-26 09:07:40] [WATCHDOG_ALERT] Notificación enviada asíncronamente por Telegram
[2026-05-26 09:07:40] CAIDO: N8N Bridge Daemon (Docker Proxy)
[2026-05-26 09:07:40] [RESTART] N8N Bridge Daemon (Docker Proxy) reiniciado
[2026-05-26 09:07:40] [WATCHDOG_ALERT] [ENJAMBRE: WATCHDOG] [WATCHDOG 09:07:40] ALERTA: N8N Bridge Daemon (Docker Proxy) ha caido. Estado: reiniciado.
[2026-05-26 09:07:40] [WATCHDOG_ALERT] Encolado pasivamente en pending_messages.json
[2026-05-26 09:07:40] [WATCHDOG_ALERT] Notificación enviada asíncronamente por Telegram
[2026-05-26 09:07:40] [N8N DOCKER] Contenedor caído. Intentando iniciar...
[2026-05-26 09:12:11] Estado: 6 vivos, 1 caidos
[2026-05-26 09:12:41] CAIDO: Unified Channel Daemon (Telegram+Discord+Web)
[2026-05-26 09:12:41] [RESTART] Unified Channel Daemon (Telegram+Discord+Web) reiniciado
[2026-05-26 09:12:41] [WATCHDOG_ALERT] [ENJAMBRE: WATCHDOG] [WATCHDOG 09:12:41] ALERTA: Unified Channel Daemon (Telegram+Discord+Web) ha caido. Estado: reiniciado.
[2026-05-26 09:12:41] [WATCHDOG_ALERT] Encolado pasivamente en pending_messages.json
[2026-05-26 09:12:41] [WATCHDOG_ALERT] Notificación enviada asíncronamente por Telegram
[2026-05-26 09:17:13] Estado: 6 vivos, 1 caidos
[2026-05-26 09:17:43] CAIDO: Unified Channel Daemon (Telegram+Discord+Web)
[2026-05-26 09:17:43] [RESTART] Unified Channel Daemon (Telegram+Discord+Web) reiniciado
[2026-05-26 09:17:43] [WATCHDOG_ALERT] [ENJAMBRE: WATCHDOG] [WATCHDOG 09:17:43] ALERTA: Unified Channel Daemon (Telegram+Discord+Web) ha caido. Estado: reiniciado.
[2026-05-26 09:17:43] [WATCHDOG_ALERT] Encolado pasivamente en pending_messages.json
[2026-05-26 09:17:43] [WATCHDOG_ALERT] Notificación enviada asíncronamente por Telegram
[2026-05-26 09:22:14] Estado: 7 vivos, 0 caidos
[2026-05-26 09:35:41] ==================================================
[2026-05-26 09:35:41] PROCESS WATCHDOG v2 — CENTINELA INICIADO
[2026-05-26 09:35:41] Vigilando 7 procesos cada 30s
[2026-05-26 09:35:41] Python: C:\Users\fnora\AppData\Local\Programs\Python\Python311\python.exe
[2026-05-26 09:35:41] ==================================================
[2026-05-26 09:35:41] CAIDO: Swarm Mesh Listener
[2026-05-26 09:35:41] [RESTART] Swarm Mesh Listener reiniciado
[2026-05-26 09:35:41] [WATCHDOG_ALERT] [ENJAMBRE: WATCHDOG] [WATCHDOG 09:35:41] ALERTA: Swarm Mesh Listener ha caido. Estado: reiniciado.
[2026-05-26 09:35:41] [WATCHDOG_ALERT] Encolado pasivamente en pending_messages.json
[2026-05-26 09:35:41] [WATCHDOG_ALERT] Notificación enviada asíncronamente por Telegram
[2026-05-26 09:35:41] CAIDO: Charm Panel (Web UI :7860)
[2026-05-26 09:35:41] [RESTART] Charm Panel (Web UI :7860) reiniciado
[2026-05-26 09:35:41] [WATCHDOG_ALERT] [ENJAMBRE: WATCHDOG] [WATCHDOG 09:35:41] ALERTA: Charm Panel (Web UI :7860) ha caido. Estado: reiniciado.
[2026-05-26 09:35:41] [WATCHDOG_ALERT] Encolado pasivamente en pending_messages.json
[2026-05-26 09:35:41] [WATCHDOG_ALERT] Notificación enviada asíncronamente por Telegram
[2026-05-26 09:35:41] CAIDO: Charm Edu P2P Daemon
[2026-05-26 09:35:41] [RESTART] Charm Edu P2P Daemon reiniciado
[2026-05-26 09:35:41] [WATCHDOG_ALERT] [ENJAMBRE: WATCHDOG] [WATCHDOG 09:35:41] ALERTA: Charm Edu P2P Daemon ha caido. Estado: reiniciado.
[2026-05-26 09:35:41] [WATCHDOG_ALERT] Encolado pasivamente en pending_messages.json
[2026-05-26 09:35:41] [WATCHDOG_ALERT] Notificación enviada asíncronamente por Telegram
[2026-05-26 09:35:41] CAIDO: N8N Bridge Daemon (Docker Proxy)
[2026-05-26 09:35:41] [RESTART] N8N Bridge Daemon (Docker Proxy) reiniciado
[2026-05-26 09:35:41] [WATCHDOG_ALERT] [ENJAMBRE: WATCHDOG] [WATCHDOG 09:35:41] ALERTA: N8N Bridge Daemon (Docker Proxy) ha caido. Estado: reiniciado.
[2026-05-26 09:35:41] [WATCHDOG_ALERT] Encolado pasivamente en pending_messages.json
[2026-05-26 09:35:41] [WATCHDOG_ALERT] Notificación enviada asíncronamente por Telegram
[2026-05-26 09:40:20] ==================================================
[2026-05-26 09:40:20] PROCESS WATCHDOG v2 — CENTINELA INICIADO
[2026-05-26 09:40:20] Vigilando 7 procesos cada 30s
[2026-05-26 09:40:20] Python: C:\Users\fnora\AppData\Local\Programs\Python\Python311\python.exe
[2026-05-26 09:40:20] ==================================================
[2026-05-26 09:40:20] CAIDO: Swarm Mesh Listener
[2026-05-26 09:40:20] [RESTART] Swarm Mesh Listener reiniciado
[2026-05-26 09:40:20] [WATCHDOG_ALERT] [ENJAMBRE: WATCHDOG] [WATCHDOG 09:40:20] ALERTA: Swarm Mesh Listener ha caido. Estado: reiniciado.
[2026-05-26 09:40:20] [WATCHDOG_ALERT] Encolado pasivamente en pending_messages.json
[2026-05-26 09:40:20] [WATCHDOG_ALERT] Notificación enviada asíncronamente por Telegram
[2026-05-26 09:40:20] CAIDO: Charm Panel (Web UI :7860)
[2026-05-26 09:40:20] [RESTART] Charm Panel (Web UI :7860) reiniciado
[2026-05-26 09:40:20] [WATCHDOG_ALERT] [ENJAMBRE: WATCHDOG] [WATCHDOG 09:40:20] ALERTA: Charm Panel (Web UI :7860) ha caido. Estado: reiniciado.
[2026-05-26 09:40:20] [WATCHDOG_ALERT] Encolado pasivamente en pending_messages.json
[2026-05-26 09:40:20] [WATCHDOG_ALERT] Notificación enviada asíncronamente por Telegram
[2026-05-26 09:40:20] CAIDO: Charm Edu P2P Daemon
[2026-05-26 09:40:20] [RESTART] Charm Edu P2P Daemon reiniciado
[2026-05-26 09:40:20] [WATCHDOG_ALERT] [ENJAMBRE: WATCHDOG] [WATCHDOG 09:40:20] ALERTA: Charm Edu P2P Daemon ha caido. Estado: reiniciado.
[2026-05-26 09:40:20] [WATCHDOG_ALERT] Encolado pasivamente en pending_messages.json
[2026-05-26 09:40:20] [WATCHDOG_ALERT] Notificación enviada asíncronamente por Telegram
[2026-05-26 09:40:20] CAIDO: N8N Bridge Daemon (Docker Proxy)
[2026-05-26 09:40:20] [RESTART] N8N Bridge Daemon (Docker Proxy) reiniciado
[2026-05-26 09:40:20] [WATCHDOG_ALERT] [ENJAMBRE: WATCHDOG] [WATCHDOG 09:40:20] ALERTA: N8N Bridge Daemon (Docker Proxy) ha caido. Estado: reiniciado.
[2026-05-26 09:40:20] [WATCHDOG_ALERT] Encolado pasivamente en pending_messages.json
[2026-05-26 09:40:20] [WATCHDOG_ALERT] Notificación enviada asíncronamente por Telegram
[2026-05-26 09:48:33] ==================================================
[2026-05-26 09:48:33] PROCESS WATCHDOG v2 — CENTINELA INICIADO
[2026-05-26 09:48:33] Vigilando 7 procesos cada 30s
[2026-05-26 09:48:33] Python: C:\Users\fnora\AppData\Local\Programs\Python\Python311\python.exe
[2026-05-26 09:48:33] ==================================================
[2026-05-26 09:48:34] CAIDO: Swarm Mesh Listener
[2026-05-26 09:48:34] [RESTART] Swarm Mesh Listener reiniciado
[2026-05-26 09:48:34] [WATCHDOG_ALERT] [ENJAMBRE: WATCHDOG] [WATCHDOG 09:48:34] ALERTA: Swarm Mesh Listener ha caido. Estado: reiniciado.
[2026-05-26 09:48:34] [WATCHDOG_ALERT] Encolado pasivamente en pending_messages.json
[2026-05-26 09:48:34] [WATCHDOG_ALERT] Notificación enviada asíncronamente por Telegram
[2026-05-26 09:48:34] CAIDO: Charm Panel (Web UI :7860)
[2026-05-26 09:48:34] [RESTART] Charm Panel (Web UI :7860) reiniciado
[2026-05-26 09:48:34] [WATCHDOG_ALERT] [ENJAMBRE: WATCHDOG] [WATCHDOG 09:48:34] ALERTA: Charm Panel (Web UI :7860) ha caido. Estado: reiniciado.
[2026-05-26 09:48:34] [WATCHDOG_ALERT] Encolado pasivamente en pending_messages.json
[2026-05-26 09:48:34] [WATCHDOG_ALERT] Notificación enviada asíncronamente por Telegram
[2026-05-26 09:48:34] CAIDO: Charm Edu P2P Daemon
[2026-05-26 09:48:34] [RESTART] Charm Edu P2P Daemon reiniciado
[2026-05-26 09:48:34] [WATCHDOG_ALERT] [ENJAMBRE: WATCHDOG] [WATCHDOG 09:48:34] ALERTA: Charm Edu P2P Daemon ha caido. Estado: reiniciado.
[2026-05-26 09:48:34] [WATCHDOG_ALERT] Encolado pasivamente en pending_messages.json
[2026-05-26 09:48:34] [WATCHDOG_ALERT] Notificación enviada asíncronamente por Telegram
[2026-05-26 09:48:34] CAIDO: N8N Bridge Daemon (Docker Proxy)
[2026-05-26 09:48:34] [RESTART] N8N Bridge Daemon (Docker Proxy) reiniciado
[2026-05-26 09:48:34] [WATCHDOG_ALERT] [ENJAMBRE: WATCHDOG] [WATCHDOG 09:48:34] ALERTA: N8N Bridge Daemon (Docker Proxy) ha caido. Estado: reiniciado.
[2026-05-26 09:48:34] [WATCHDOG_ALERT] Encolado pasivamente en pending_messages.json
[2026-05-26 09:48:34] [WATCHDOG_ALERT] Notificación enviada asíncronamente por Telegram
[2026-05-26 22:53:56] ==================================================
[2026-05-26 22:53:56] PROCESS WATCHDOG v2 — CENTINELA INICIADO
[2026-05-26 22:53:56] Vigilando 7 procesos cada 30s
[2026-05-26 22:53:56] Python: C:\Users\fnora\AppData\Local\Programs\Python\Python311\python.exe
[2026-05-26 22:53:56] ==================================================
[2026-05-26 22:53:56] CAIDO: Web Monitor
[2026-05-26 22:53:56] [KILL SWITCH] Lock activo — NO se reinicia Web Monitor.
[2026-05-26 22:53:56] CAIDO: Swarm Mesh Listener
[2026-05-26 22:53:56] [KILL SWITCH] Lock activo — NO se reinicia Swarm Mesh Listener.
[2026-05-26 22:53:56] CAIDO: Charm Panel (Web UI :7860)
[2026-05-26 22:53:56] [KILL SWITCH] Lock activo — NO se reinicia Charm Panel (Web UI :7860).
[2026-05-26 22:53:56] CAIDO: Swarm AI Watchdog (Pool de IAs)
[2026-05-26 22:53:56] [KILL SWITCH] Lock activo — NO se reinicia Swarm AI Watchdog (Pool de IAs).
[2026-05-26 22:53:56] CAIDO: Charm Edu P2P Daemon
[2026-05-26 22:53:56] [KILL SWITCH] Lock activo — NO se reinicia Charm Edu P2P Daemon.
[2026-05-26 22:56:57] ==================================================
[2026-05-26 22:56:57] PROCESS WATCHDOG v2 — CENTINELA INICIADO
[2026-05-26 22:56:57] Vigilando 7 procesos cada 30s
[2026-05-26 22:56:57] Python: C:\Users\fnora\AppData\Local\Programs\Python\Python311\python.exe
[2026-05-26 22:56:57] ==================================================
[2026-05-26 22:56:58] CAIDO: Unified Channel Daemon (Telegram+Discord+Web)
[2026-05-26 22:56:58] [RESTART] Unified Channel Daemon (Telegram+Discord+Web) reiniciado
[2026-05-26 22:56:58] [WATCHDOG_ALERT] [ENJAMBRE: WATCHDOG] [WATCHDOG 22:56:58] ALERTA: Unified Channel Daemon (Telegram+Discord+Web) ha caido. Estado: reiniciado.
[2026-05-26 22:56:58] [WATCHDOG_ALERT] Encolado pasivamente en pending_messages.json
[2026-05-26 22:56:58] [WATCHDOG_ALERT] Notificación enviada asíncronamente por Telegram
[2026-05-26 22:56:58] CAIDO: Swarm Mesh Listener
[2026-05-26 22:56:58] [RESTART] Swarm Mesh Listener reiniciado
[2026-05-26 22:56:58] [WATCHDOG_ALERT] [ENJAMBRE: WATCHDOG] [WATCHDOG 22:56:58] ALERTA: Swarm Mesh Listener ha caido. Estado: reiniciado.
[2026-05-26 22:56:58] [WATCHDOG_ALERT] Encolado pasivamente en pending_messages.json
[2026-05-26 22:56:58] [WATCHDOG_ALERT] Notificación enviada asíncronamente por Telegram
[2026-05-26 22:56:58] CAIDO: Charm Panel (Web UI :7860)
[2026-05-26 22:56:58] [RESTART] Charm Panel (Web UI :7860) reiniciado
[2026-05-26 22:56:58] [WATCHDOG_ALERT] [ENJAMBRE: WATCHDOG] [WATCHDOG 22:56:58] ALERTA: Charm Panel (Web UI :7860) ha caido. Estado: reiniciado.
[2026-05-26 22:56:58] [WATCHDOG_ALERT] Encolado pasivamente en pending_messages.json
[2026-05-26 22:56:58] [WATCHDOG_ALERT] Notificación enviada asíncronamente por Telegram
[2026-05-26 22:56:58] CAIDO: Charm Edu P2P Daemon
[2026-05-26 22:56:58] [RESTART] Charm Edu P2P Daemon reiniciado
[2026-05-26 22:56:58] [WATCHDOG_ALERT] [ENJAMBRE: WATCHDOG] [WATCHDOG 22:56:58] ALERTA: Charm Edu P2P Daemon ha caido. Estado: reiniciado.
[2026-05-26 22:56:58] [WATCHDOG_ALERT] Encolado pasivamente en pending_messages.json
[2026-05-26 22:56:58] [WATCHDOG_ALERT] Notificación enviada asíncronamente por Telegram
[2026-05-26 22:56:58] CAIDO: N8N Bridge Daemon (Docker Proxy)
[2026-05-26 22:56:58] [RESTART] N8N Bridge Daemon (Docker Proxy) reiniciado
[2026-05-26 22:56:58] [WATCHDOG_ALERT] [ENJAMBRE: WATCHDOG] [WATCHDOG 22:56:58] ALERTA: N8N Bridge Daemon (Docker Proxy) ha caido. Estado: reiniciado.
[2026-05-26 22:56:58] [WATCHDOG_ALERT] Encolado pasivamente en pending_messages.json
[2026-05-26 22:56:58] [WATCHDOG_ALERT] Notificación enviada asíncronamente por Telegram
[2026-05-26 23:00:54] ==================================================
[2026-05-26 23:00:54] PROCESS WATCHDOG v2 — CENTINELA INICIADO
[2026-05-26 23:00:54] Vigilando 7 procesos cada 30s
[2026-05-26 23:00:54] Python: C:\Users\fnora\AppData\Local\Programs\Python\Python311\python.exe
[2026-05-26 23:00:54] ==================================================
[2026-05-26 23:00:54] CAIDO: Unified Channel Daemon (Telegram+Discord+Web)
[2026-05-26 23:00:54] [RESTART] Unified Channel Daemon (Telegram+Discord+Web) reiniciado
[2026-05-26 23:00:54] [WATCHDOG_ALERT] [ENJAMBRE: WATCHDOG] [WATCHDOG 23:00:54] ALERTA: Unified Channel Daemon (Telegram+Discord+Web) ha caido. Estado: reiniciado.
[2026-05-26 23:00:54] [WATCHDOG_ALERT] Encolado pasivamente en pending_messages.json
[2026-05-26 23:00:54] [WATCHDOG_ALERT] Notificación enviada asíncronamente por Telegram
[2026-05-26 23:00:54] CAIDO: Web Monitor
[2026-05-26 23:00:54] [RESTART] Web Monitor reiniciado
[2026-05-26 23:00:54] [WATCHDOG_ALERT] [ENJAMBRE: WATCHDOG] [WATCHDOG 23:00:54] ALERTA: Web Monitor ha caido. Estado: reiniciado.
[2026-05-26 23:00:54] [WATCHDOG_ALERT] Encolado pasivamente en pending_messages.json
[2026-05-26 23:00:54] [WATCHDOG_ALERT] Notificación enviada asíncronamente por Telegram
[2026-05-26 23:00:54] CAIDO: Swarm Mesh Listener
[2026-05-26 23:00:54] [RESTART] Swarm Mesh Listener reiniciado
[2026-05-26 23:00:54] [WATCHDOG_ALERT] [ENJAMBRE: WATCHDOG] [WATCHDOG 23:00:54] ALERTA: Swarm Mesh Listener ha caido. Estado: reiniciado.
[2026-05-26 23:00:54] [WATCHDOG_ALERT] Encolado pasivamente en pending_messages.json
[2026-05-26 23:00:54] [WATCHDOG_ALERT] Notificación enviada asíncronamente por Telegram
[2026-05-26 23:00:54] CAIDO: Charm Panel (Web UI :7860)
[2026-05-26 23:00:54] [RESTART] Charm Panel (Web UI :7860) reiniciado
[2026-05-26 23:00:54] [WATCHDOG_ALERT] [ENJAMBRE: WATCHDOG] [WATCHDOG 23:00:54] ALERTA: Charm Panel (Web UI :7860) ha caido. Estado: reiniciado.
[2026-05-26 23:00:54] [WATCHDOG_ALERT] Encolado pasivamente en pending_messages.json
[2026-05-26 23:00:54] [WATCHDOG_ALERT] Notificación enviada asíncronamente por Telegram
[2026-05-26 23:00:54] CAIDO: Swarm AI Watchdog (Pool de IAs)
[2026-05-26 23:00:54] [RESTART] Swarm AI Watchdog (Pool de IAs) reiniciado
[2026-05-26 23:00:54] [WATCHDOG_ALERT] [ENJAMBRE: WATCHDOG] [WATCHDOG 23:00:54] ALERTA: Swarm AI Watchdog (Pool de IAs) ha caido. Estado: reiniciado.
[2026-05-26 23:00:54] [WATCHDOG_ALERT] Encolado pasivamente en pending_messages.json
[2026-05-26 23:00:54] [WATCHDOG_ALERT] Notificación enviada asíncronamente por Telegram
[2026-05-26 23:00:54] CAIDO: Charm Edu P2P Daemon
[2026-05-26 23:00:54] [RESTART] Charm Edu P2P Daemon reiniciado
[2026-05-26 23:00:54] [WATCHDOG_ALERT] [ENJAMBRE: WATCHDOG] [WATCHDOG 23:00:54] ALERTA: Charm Edu P2P Daemon ha caido. Estado: reiniciado.
[2026-05-26 23:00:54] [WATCHDOG_ALERT] Encolado pasivamente en pending_messages.json
[2026-05-26 23:00:54] [WATCHDOG_ALERT] Notificación enviada asíncronamente por Telegram
[2026-05-26 23:00:54] CAIDO: N8N Bridge Daemon (Docker Proxy)
[2026-05-26 23:00:54] [RESTART] N8N Bridge Daemon (Docker Proxy) reiniciado
[2026-05-26 23:00:54] [WATCHDOG_ALERT] [ENJAMBRE: WATCHDOG] [WATCHDOG 23:00:54] ALERTA: N8N Bridge Daemon (Docker Proxy) ha caido. Estado: reiniciado.
[2026-05-26 23:00:54] [WATCHDOG_ALERT] Encolado pasivamente en pending_messages.json
[2026-05-26 23:00:54] [WATCHDOG_ALERT] Notificación enviada asíncronamente por Telegram
[2026-05-26 23:01:42] ==================================================
[2026-05-26 23:01:42] PROCESS WATCHDOG v2 — CENTINELA INICIADO
[2026-05-26 23:01:42] Vigilando 7 procesos cada 30s
[2026-05-26 23:01:42] Python: C:\Users\fnora\AppData\Local\Programs\Python\Python311\python.exe
[2026-05-26 23:01:42] ==================================================
[2026-05-26 23:02:29] ==================================================
[2026-05-26 23:02:29] PROCESS WATCHDOG v2 — CENTINELA INICIADO
[2026-05-26 23:02:29] Vigilando 7 procesos cada 30s
[2026-05-26 23:02:29] Python: C:\Users\fnora\AppData\Local\Programs\Python\Python311\python.exe
[2026-05-26 23:02:29] ==================================================
[2026-05-26 23:02:29] CAIDO: Unified Channel Daemon (Telegram+Discord+Web)
[2026-05-26 23:02:29] [RESTART] Unified Channel Daemon (Telegram+Discord+Web) reiniciado
[2026-05-26 23:02:29] [WATCHDOG_ALERT] [ENJAMBRE: WATCHDOG] [WATCHDOG 23:02:29] ALERTA: Unified Channel Daemon (Telegram+Discord+Web) ha caido. Estado: reiniciado.
[2026-05-26 23:02:29] [WATCHDOG_ALERT] Encolado pasivamente en pending_messages.json
[2026-05-26 23:02:29] [WATCHDOG_ALERT] Notificación enviada asíncronamente por Telegram
[2026-05-26 23:02:29] CAIDO: Web Monitor
[2026-05-26 23:02:29] [RESTART] Web Monitor reiniciado
[2026-05-26 23:02:29] [WATCHDOG_ALERT] [ENJAMBRE: WATCHDOG] [WATCHDOG 23:02:29] ALERTA: Web Monitor ha caido. Estado: reiniciado.
[2026-05-26 23:02:29] [WATCHDOG_ALERT] Encolado pasivamente en pending_messages.json
[2026-05-26 23:02:29] [WATCHDOG_ALERT] Notificación enviada asíncronamente por Telegram
[2026-05-26 23:02:29] CAIDO: Swarm Mesh Listener
[2026-05-26 23:02:29] [RESTART] Swarm Mesh Listener reiniciado
[2026-05-26 23:02:29] [WATCHDOG_ALERT] [ENJAMBRE: WATCHDOG] [WATCHDOG 23:02:29] ALERTA: Swarm Mesh Listener ha caido. Estado: reiniciado.
[2026-05-26 23:02:29] [WATCHDOG_ALERT] Encolado pasivamente en pending_messages.json
[2026-05-26 23:02:29] [WATCHDOG_ALERT] Notificación enviada asíncronamente por Telegram
[2026-05-26 23:02:29] CAIDO: Charm Panel (Web UI :7860)
[2026-05-26 23:02:29] [RESTART] Charm Panel (Web UI :7860) reiniciado
[2026-05-26 23:02:29] [WATCHDOG_ALERT] [ENJAMBRE: WATCHDOG] [WATCHDOG 23:02:29] ALERTA: Charm Panel (Web UI :7860) ha caido. Estado: reiniciado.
[2026-05-26 23:02:29] [WATCHDOG_ALERT] Encolado pasivamente en pending_messages.json
[2026-05-26 23:02:29] [WATCHDOG_ALERT] Notificación enviada asíncronamente por Telegram
[2026-05-26 23:02:29] CAIDO: Swarm AI Watchdog (Pool de IAs)
[2026-05-26 23:02:29] [RESTART] Swarm AI Watchdog (Pool de IAs) reiniciado
[2026-05-26 23:02:29] [WATCHDOG_ALERT] [ENJAMBRE: WATCHDOG] [WATCHDOG 23:02:29] ALERTA: Swarm AI Watchdog (Pool de IAs) ha caido. Estado: reiniciado.
[2026-05-26 23:02:29] [WATCHDOG_ALERT] Encolado pasivamente en pending_messages.json
[2026-05-26 23:02:29] [WATCHDOG_ALERT] Notificación enviada asíncronamente por Telegram
[2026-05-26 23:02:29] CAIDO: Charm Edu P2P Daemon
[2026-05-26 23:02:29] [RESTART] Charm Edu P2P Daemon reiniciado
[2026-05-26 23:02:29] [WATCHDOG_ALERT] [ENJAMBRE: WATCHDOG] [WATCHDOG 23:02:29] ALERTA: Charm Edu P2P Daemon ha caido. Estado: reiniciado.
[2026-05-26 23:02:29] [WATCHDOG_ALERT] Encolado pasivamente en pending_messages.json
[2026-05-26 23:02:29] [WATCHDOG_ALERT] Notificación enviada asíncronamente por Telegram
[2026-05-26 23:02:29] CAIDO: N8N Bridge Daemon (Docker Proxy)
[2026-05-26 23:02:29] [RESTART] N8N Bridge Daemon (Docker Proxy) reiniciado
[2026-05-26 23:02:29] [WATCHDOG_ALERT] [ENJAMBRE: WATCHDOG] [WATCHDOG 23:02:29] ALERTA: N8N Bridge Daemon (Docker Proxy) ha caido. Estado: reiniciado.
[2026-05-26 23:02:29] [WATCHDOG_ALERT] Encolado pasivamente en pending_messages.json
[2026-05-26 23:02:29] [WATCHDOG_ALERT] Notificación enviada asíncronamente por Telegram
[2026-05-26 23:53:17] ==================================================
[2026-05-26 23:53:17] PROCESS WATCHDOG v2 — CENTINELA INICIADO
[2026-05-26 23:53:17] Vigilando 7 procesos cada 30s
[2026-05-26 23:53:17] Python: C:\Users\fnora\AppData\Local\Programs\Python\Python311\python.exe
[2026-05-26 23:53:17] ==================================================
[2026-05-26 23:53:17] CAIDO: Web Monitor
[2026-05-26 23:53:17] [RESTART] Web Monitor reiniciado
[2026-05-26 23:53:17] [WATCHDOG_ALERT] [ENJAMBRE: WATCHDOG] [WATCHDOG 23:53:17] ALERTA: Web Monitor ha caido. Estado: reiniciado.
[2026-05-26 23:53:17] [WATCHDOG_ALERT] Encolado pasivamente en pending_messages.json
[2026-05-26 23:53:17] CAIDO: Swarm Mesh Listener
[2026-05-26 23:53:17] [RESTART] Swarm Mesh Listener reiniciado
[2026-05-26 23:53:17] [WATCHDOG_ALERT] [ENJAMBRE: WATCHDOG] [WATCHDOG 23:53:17] ALERTA: Swarm Mesh Listener ha caido. Estado: reiniciado.
[2026-05-26 23:53:17] [WATCHDOG_ALERT] Encolado pasivamente en pending_messages.json
[2026-05-26 23:53:17] CAIDO: Charm Panel (Web UI :7860)
[2026-05-26 23:53:17] [RESTART] Charm Panel (Web UI :7860) reiniciado
[2026-05-26 23:53:17] [WATCHDOG_ALERT] [ENJAMBRE: WATCHDOG] [WATCHDOG 23:53:17] ALERTA: Charm Panel (Web UI :7860) ha caido. Estado: reiniciado.
[2026-05-26 23:53:17] [WATCHDOG_ALERT] Encolado pasivamente en pending_messages.json
[2026-05-26 23:53:17] CAIDO: Swarm AI Watchdog (Pool de IAs)
[2026-05-26 23:53:17] [RESTART] Swarm AI Watchdog (Pool de IAs) reiniciado
[2026-05-26 23:53:17] [WATCHDOG_ALERT] [ENJAMBRE: WATCHDOG] [WATCHDOG 23:53:17] ALERTA: Swarm AI Watchdog (Pool de IAs) ha caido. Estado: reiniciado.
[2026-05-26 23:53:17] [WATCHDOG_ALERT] Encolado pasivamente en pending_messages.json
[2026-05-26 23:53:17] CAIDO: Charm Edu P2P Daemon
[2026-05-26 23:53:17] [RESTART] Charm Edu P2P Daemon reiniciado
[2026-05-26 23:53:17] [WATCHDOG_ALERT] [ENJAMBRE: WATCHDOG] [WATCHDOG 23:53:17] ALERTA: Charm Edu P2P Daemon ha caido. Estado: reiniciado.
[2026-05-26 23:53:17] [WATCHDOG_ALERT] Encolado pasivamente en pending_messages.json
[2026-05-26 23:55:29] ==================================================
[2026-05-26 23:55:29] PROCESS WATCHDOG v2 — CENTINELA INICIADO
[2026-05-26 23:55:29] Vigilando 7 procesos cada 30s
[2026-05-26 23:55:29] Python: C:\Users\fnora\AppData\Local\Programs\Python\Python311\python.exe
[2026-05-26 23:55:29] ==================================================
[2026-05-26 23:55:29] CAIDO: Swarm Mesh Listener
[2026-05-26 23:55:29] [KILL SWITCH] Lock activo — NO se reinicia Swarm Mesh Listener.
[2026-05-26 23:55:29] CAIDO: Charm Panel (Web UI :7860)
[2026-05-26 23:55:29] [KILL SWITCH] Lock activo — NO se reinicia Charm Panel (Web UI :7860).
[2026-05-26 23:55:29] CAIDO: Charm Edu P2P Daemon
[2026-05-26 23:55:29] [KILL SWITCH] Lock activo — NO se reinicia Charm Edu P2P Daemon.
[2026-05-26 23:55:58] ==================================================
[2026-05-26 23:55:58] PROCESS WATCHDOG v2 — CENTINELA INICIADO
[2026-05-26 23:55:58] Vigilando 7 procesos cada 30s
[2026-05-26 23:55:58] Python: C:\Users\fnora\AppData\Local\Programs\Python\Python311\python.exe
[2026-05-26 23:55:58] ==================================================
[2026-05-26 23:57:15] ==================================================
[2026-05-26 23:57:15] PROCESS WATCHDOG v2 — CENTINELA INICIADO
[2026-05-26 23:57:15] Vigilando 7 procesos cada 30s
[2026-05-26 23:57:15] Python: C:\Users\fnora\AppData\Local\Programs\Python\Python311\python.exe
[2026-05-26 23:57:15] ==================================================
[2026-05-26 23:57:15] CAIDO: Swarm Mesh Listener
[2026-05-26 23:57:15] [KILL SWITCH] Lock activo — NO se reinicia Swarm Mesh Listener.
[2026-05-26 23:57:15] CAIDO: Charm Panel (Web UI :7860)
[2026-05-26 23:57:15] [KILL SWITCH] Lock activo — NO se reinicia Charm Panel (Web UI :7860).
[2026-05-26 23:57:15] CAIDO: Charm Edu P2P Daemon
[2026-05-26 23:57:15] [KILL SWITCH] Lock activo — NO se reinicia Charm Edu P2P Daemon.
[2026-05-26 23:57:40] ==================================================
[2026-05-26 23:57:40] PROCESS WATCHDOG v2 — CENTINELA INICIADO
[2026-05-26 23:57:40] Vigilando 7 procesos cada 30s
[2026-05-26 23:57:40] Python: C:\Users\fnora\AppData\Local\Programs\Python\Python311\python.exe
[2026-05-26 23:57:40] ==================================================
[2026-05-26 23:57:40] CAIDO: Unified Channel Daemon (Telegram+Discord+Web)
[2026-05-26 23:57:40] [KILL SWITCH] Lock activo — NO se reinicia Unified Channel Daemon (Telegram+Discord+Web).
[2026-05-26 23:57:40] CAIDO: Swarm Mesh Listener
[2026-05-26 23:57:40] [KILL SWITCH] Lock activo — NO se reinicia Swarm Mesh Listener.
[2026-05-26 23:57:40] CAIDO: Charm Panel (Web UI :7860)
[2026-05-26 23:57:40] [KILL SWITCH] Lock activo — NO se reinicia Charm Panel (Web UI :7860).
[2026-05-26 23:57:40] CAIDO: Charm Edu P2P Daemon
[2026-05-26 23:57:40] [KILL SWITCH] Lock activo — NO se reinicia Charm Edu P2P Daemon.
[2026-05-26 23:57:40] CAIDO: N8N Bridge Daemon (Docker Proxy)
[2026-05-26 23:57:40] [KILL SWITCH] Lock activo — NO se reinicia N8N Bridge Daemon (Docker Proxy).
[2026-05-26 23:57:40] [IDE] Kill Switch activo — NO se reinicia el IDE.
[2026-05-27 00:01:15] ==================================================
[2026-05-27 00:01:15] PROCESS WATCHDOG v2 — CENTINELA INICIADO
[2026-05-27 00:01:15] Vigilando 7 procesos cada 30s
[2026-05-27 00:01:15] Python: C:\Users\fnora\AppData\Local\Programs\Python\Python311\python.exe
[2026-05-27 00:01:15] ==================================================
[2026-05-27 00:01:15] CAIDO: Web Monitor
[2026-05-27 00:01:15] [RESTART] Web Monitor reiniciado
[2026-05-27 00:01:15] [WATCHDOG_ALERT] [ENJAMBRE: WATCHDOG] [WATCHDOG 00:01:15] ALERTA: Web Monitor ha caido. Estado: reiniciado.
[2026-05-27 00:01:15] [WATCHDOG_ALERT] Encolado pasivamente en pending_messages.json
[2026-05-27 00:01:15] CAIDO: Swarm Mesh Listener
[2026-05-27 00:01:15] [RESTART] Swarm Mesh Listener reiniciado
[2026-05-27 00:01:15] [WATCHDOG_ALERT] [ENJAMBRE: WATCHDOG] [WATCHDOG 00:01:15] ALERTA: Swarm Mesh Listener ha caido. Estado: reiniciado.
[2026-05-27 00:01:15] [WATCHDOG_ALERT] Encolado pasivamente en pending_messages.json
[2026-05-27 00:01:15] CAIDO: Charm Panel (Web UI :7860)
[2026-05-27 00:01:15] [RESTART] Charm Panel (Web UI :7860) reiniciado
[2026-05-27 00:01:15] [WATCHDOG_ALERT] [ENJAMBRE: WATCHDOG] [WATCHDOG 00:01:15] ALERTA: Charm Panel (Web UI :7860) ha caido. Estado: reiniciado.
[2026-05-27 00:01:15] [WATCHDOG_ALERT] Encolado pasivamente en pending_messages.json
[2026-05-27 00:01:15] CAIDO: Swarm AI Watchdog (Pool de IAs)
[2026-05-27 00:01:15] [RESTART] Swarm AI Watchdog (Pool de IAs) reiniciado
[2026-05-27 00:01:15] [WATCHDOG_ALERT] [ENJAMBRE: WATCHDOG] [WATCHDOG 00:01:15] ALERTA: Swarm AI Watchdog (Pool de IAs) ha caido. Estado: reiniciado.
[2026-05-27 00:01:15] [WATCHDOG_ALERT] Encolado pasivamente en pending_messages.json
[2026-05-27 00:01:15] CAIDO: Charm Edu P2P Daemon
[2026-05-27 00:01:15] [RESTART] Charm Edu P2P Daemon reiniciado
[2026-05-27 00:01:15] [WATCHDOG_ALERT] [ENJAMBRE: WATCHDOG] [WATCHDOG 00:01:15] ALERTA: Charm Edu P2P Daemon ha caido. Estado: reiniciado.
[2026-05-27 00:01:15] [WATCHDOG_ALERT] Encolado pasivamente en pending_messages.json
[2026-05-27 00:06:04] ==================================================
[2026-05-27 00:06:04] PROCESS WATCHDOG v2 — CENTINELA INICIADO
[2026-05-27 00:06:04] Vigilando 7 procesos cada 30s
[2026-05-27 00:06:04] Python: C:\Users\fnora\AppData\Local\Programs\Python\Python311\python.exe
[2026-05-27 00:06:04] ==================================================
[2026-05-27 00:06:04] CAIDO: Unified Channel Daemon (Telegram+Discord+Web)
[2026-05-27 00:06:04] [RESTART] Unified Channel Daemon (Telegram+Discord+Web) reiniciado
[2026-05-27 00:06:04] [WATCHDOG_ALERT] [ENJAMBRE: WATCHDOG] [WATCHDOG 00:06:04] ALERTA: Unified Channel Daemon (Telegram+Discord+Web) ha caido. Estado: reiniciado.
[2026-05-27 00:06:04] [WATCHDOG_ALERT] Encolado pasivamente en pending_messages.json
[2026-05-27 00:06:04] CAIDO: Web Monitor
[2026-05-27 00:06:04] [RESTART] Web Monitor reiniciado
[2026-05-27 00:06:04] [WATCHDOG_ALERT] [ENJAMBRE: WATCHDOG] [WATCHDOG 00:06:04] ALERTA: Web Monitor ha caido. Estado: reiniciado.
[2026-05-27 00:06:04] [WATCHDOG_ALERT] Encolado pasivamente en pending_messages.json
[2026-05-27 00:06:04] CAIDO: Swarm Mesh Listener
[2026-05-27 00:06:04] [RESTART] Swarm Mesh Listener reiniciado
[2026-05-27 00:06:04] [WATCHDOG_ALERT] [ENJAMBRE: WATCHDOG] [WATCHDOG 00:06:04] ALERTA: Swarm Mesh Listener ha caido. Estado: reiniciado.
[2026-05-27 00:06:04] [WATCHDOG_ALERT] Encolado pasivamente en pending_messages.json
[2026-05-27 00:06:04] CAIDO: Charm Panel (Web UI :7860)
[2026-05-27 00:06:04] [RESTART] Charm Panel (Web UI :7860) reiniciado
[2026-05-27 00:06:04] [WATCHDOG_ALERT] [ENJAMBRE: WATCHDOG] [WATCHDOG 00:06:04] ALERTA: Charm Panel (Web UI :7860) ha caido. Estado: reiniciado.
[2026-05-27 00:06:04] [WATCHDOG_ALERT] Encolado pasivamente en pending_messages.json
[2026-05-27 00:06:04] CAIDO: Swarm AI Watchdog (Pool de IAs)
[2026-05-27 00:06:04] [RESTART] Swarm AI Watchdog (Pool de IAs) reiniciado
[2026-05-27 00:06:04] [WATCHDOG_ALERT] [ENJAMBRE: WATCHDOG] [WATCHDOG 00:06:04] ALERTA: Swarm AI Watchdog (Pool de IAs) ha caido. Estado: reiniciado.
[2026-05-27 00:06:04] [WATCHDOG_ALERT] Encolado pasivamente en pending_messages.json
[2026-05-27 00:06:04] CAIDO: Charm Edu P2P Daemon
[2026-05-27 00:06:04] [RESTART] Charm Edu P2P Daemon reiniciado
[2026-05-27 00:06:04] [WATCHDOG_ALERT] [ENJAMBRE: WATCHDOG] [WATCHDOG 00:06:04] ALERTA: Charm Edu P2P Daemon ha caido. Estado: reiniciado.
[2026-05-27 00:06:04] [WATCHDOG_ALERT] Encolado pasivamente en pending_messages.json
[2026-05-27 00:06:04] CAIDO: N8N Bridge Daemon (Docker Proxy)
[2026-05-27 00:06:04] [RESTART] N8N Bridge Daemon (Docker Proxy) reiniciado
[2026-05-27 00:06:04] [WATCHDOG_ALERT] [ENJAMBRE: WATCHDOG] [WATCHDOG 00:06:04] ALERTA: N8N Bridge Daemon (Docker Proxy) ha caido. Estado: reiniciado.
[2026-05-27 00:06:04] [WATCHDOG_ALERT] Encolado pasivamente en pending_messages.json
[2026-05-27 00:08:32] ==================================================
[2026-05-27 00:08:32] PROCESS WATCHDOG v2 — CENTINELA INICIADO
[2026-05-27 00:08:32] Vigilando 7 procesos cada 30s
[2026-05-27 00:08:32] Python: C:\Users\fnora\AppData\Local\Programs\Python\Python311\python.exe
[2026-05-27 00:08:32] ==================================================
[2026-05-27 00:08:32] CAIDO: Web Monitor
[2026-05-27 00:08:32] [RESTART] Web Monitor reiniciado
[2026-05-27 00:08:32] [WATCHDOG_ALERT] [ENJAMBRE: WATCHDOG] [WATCHDOG 00:08:32] ALERTA: Web Monitor ha caido. Estado: reiniciado.
[2026-05-27 00:08:32] [WATCHDOG_ALERT] Encolado pasivamente en pending_messages.json
[2026-05-27 00:08:32] CAIDO: Swarm Mesh Listener
[2026-05-27 00:08:32] [RESTART] Swarm Mesh Listener reiniciado
[2026-05-27 00:08:32] [WATCHDOG_ALERT] [ENJAMBRE: WATCHDOG] [WATCHDOG 00:08:32] ALERTA: Swarm Mesh Listener ha caido. Estado: reiniciado.
[2026-05-27 00:08:32] [WATCHDOG_ALERT] Encolado pasivamente en pending_messages.json
[2026-05-27 00:08:32] CAIDO: Charm Panel (Web UI :7860)
[2026-05-27 00:08:32] [RESTART] Charm Panel (Web UI :7860) reiniciado
[2026-05-27 00:08:32] [WATCHDOG_ALERT] [ENJAMBRE: WATCHDOG] [WATCHDOG 00:08:32] ALERTA: Charm Panel (Web UI :7860) ha caido. Estado: reiniciado.
[2026-05-27 00:08:32] [WATCHDOG_ALERT] Encolado pasivamente en pending_messages.json
[2026-05-27 00:08:32] CAIDO: Swarm AI Watchdog (Pool de IAs)
[2026-05-27 00:08:32] [RESTART] Swarm AI Watchdog (Pool de IAs) reiniciado
[2026-05-27 00:08:32] [WATCHDOG_ALERT] [ENJAMBRE: WATCHDOG] [WATCHDOG 00:08:32] ALERTA: Swarm AI Watchdog (Pool de IAs) ha caido. Estado: reiniciado.
[2026-05-27 00:08:32] [WATCHDOG_ALERT] Encolado pasivamente en pending_messages.json
[2026-05-27 00:08:32] CAIDO: Charm Edu P2P Daemon
[2026-05-27 00:08:32] [RESTART] Charm Edu P2P Daemon reiniciado
[2026-05-27 00:08:32] [WATCHDOG_ALERT] [ENJAMBRE: WATCHDOG] [WATCHDOG 00:08:32] ALERTA: Charm Edu P2P Daemon ha caido. Estado: reiniciado.
[2026-05-27 00:08:32] [WATCHDOG_ALERT] Encolado pasivamente en pending_messages.json
[2026-05-27 00:13:04] Estado: 7 vivos, 0 caidos
[2026-05-27 00:18:05] Estado: 7 vivos, 0 caidos
[2026-05-27 00:23:07] Estado: 7 vivos, 0 caidos
[2026-05-27 00:24:07] CAIDO: Unified Channel Daemon (Telegram+Discord+Web)
[2026-05-27 00:24:07] [RESTART] Unified Channel Daemon (Telegram+Discord+Web) reiniciado
[2026-05-27 00:24:07] [WATCHDOG_ALERT] [ENJAMBRE: WATCHDOG] [WATCHDOG 00:24:07] ALERTA: Unified Channel Daemon (Telegram+Discord+Web) ha caido. Estado: reiniciado.
[2026-05-27 00:24:07] [WATCHDOG_ALERT] Encolado pasivamente en pending_messages.json
[2026-05-27 00:44:54] ==================================================
[2026-05-27 00:44:54] PROCESS WATCHDOG v2 — CENTINELA INICIADO
[2026-05-27 00:44:54] Vigilando 7 procesos cada 30s
[2026-05-27 00:44:54] Python: C:\Users\fnora\AppData\Local\Programs\Python\Python311\python.exe
[2026-05-27 00:44:54] ==================================================
[2026-05-27 00:44:54] CAIDO: Unified Channel Daemon (Telegram+Discord+Web)
[2026-05-27 00:44:54] [KILL SWITCH] Lock activo — NO se reinicia Unified Channel Daemon (Telegram+Discord+Web).
[2026-05-27 00:44:54] CAIDO: Swarm Mesh Listener
[2026-05-27 00:44:54] [KILL SWITCH] Lock activo — NO se reinicia Swarm Mesh Listener.
[2026-05-27 00:44:54] CAIDO: Charm Panel (Web UI :7860)
[2026-05-27 00:44:54] [KILL SWITCH] Lock activo — NO se reinicia Charm Panel (Web UI :7860).
[2026-05-27 00:44:54] CAIDO: Charm Edu P2P Daemon
[2026-05-27 00:44:54] [KILL SWITCH] Lock activo — NO se reinicia Charm Edu P2P Daemon.
[2026-05-27 00:44:54] CAIDO: N8N Bridge Daemon (Docker Proxy)
[2026-05-27 00:44:54] [KILL SWITCH] Lock activo — NO se reinicia N8N Bridge Daemon (Docker Proxy).
[2026-05-27 00:44:55] [N8N] Kill Switch activo - NO se alerta ni reinicia.
[2026-05-27 00:44:55] [IDE] Kill Switch activo — NO se reinicia el IDE.
[2026-05-27 01:12:44] ==================================================
[2026-05-27 01:12:44] PROCESS WATCHDOG v2 — CENTINELA INICIADO
[2026-05-27 01:12:44] Vigilando 7 procesos cada 30s
[2026-05-27 01:12:44] Python: C:\Users\fnora\AppData\Local\Programs\Python\Python311\python.exe
[2026-05-27 01:12:44] ==================================================
[2026-05-27 01:12:44] CAIDO: Unified Channel Daemon (Telegram+Discord+Web)
[2026-05-27 01:12:44] [KILL SWITCH] Lock activo — NO se reinicia Unified Channel Daemon (Telegram+Discord+Web).
[2026-05-27 01:12:44] CAIDO: Swarm Mesh Listener
[2026-05-27 01:12:44] [KILL SWITCH] Lock activo — NO se reinicia Swarm Mesh Listener.
[2026-05-27 01:12:44] CAIDO: Charm Panel (Web UI :7860)
[2026-05-27 01:12:44] [KILL SWITCH] Lock activo — NO se reinicia Charm Panel (Web UI :7860).
[2026-05-27 01:12:44] CAIDO: Charm Edu P2P Daemon
[2026-05-27 01:12:44] [KILL SWITCH] Lock activo — NO se reinicia Charm Edu P2P Daemon.
[2026-05-27 01:12:44] CAIDO: N8N Bridge Daemon (Docker Proxy)
[2026-05-27 01:12:44] [KILL SWITCH] Lock activo — NO se reinicia N8N Bridge Daemon (Docker Proxy).
[2026-05-27 01:14:26] ==================================================
[2026-05-27 01:14:26] PROCESS WATCHDOG v2 — CENTINELA INICIADO
[2026-05-27 01:14:26] Vigilando 7 procesos cada 30s
[2026-05-27 01:14:26] Python: C:\Users\fnora\AppData\Local\Programs\Python\Python311\python.exe
[2026-05-27 01:14:26] ==================================================
[2026-05-27 01:14:26] CAIDO: Unified Channel Daemon (Telegram+Discord+Web)
[2026-05-27 01:14:26] [KILL SWITCH] Lock activo — NO se reinicia Unified Channel Daemon (Telegram+Discord+Web).
[2026-05-27 01:14:26] CAIDO: Swarm Mesh Listener
[2026-05-27 01:14:26] [KILL SWITCH] Lock activo — NO se reinicia Swarm Mesh Listener.
[2026-05-27 01:14:27] CAIDO: Charm Panel (Web UI :7860)
[2026-05-27 01:14:27] [KILL SWITCH] Lock activo — NO se reinicia Charm Panel (Web UI :7860).
[2026-05-27 01:14:27] CAIDO: Charm Edu P2P Daemon
[2026-05-27 01:14:27] [KILL SWITCH] Lock activo — NO se reinicia Charm Edu P2P Daemon.
[2026-05-27 01:14:27] [IDE] Kill Switch activo — NO se reinicia el IDE.
[2026-05-27 01:35:52] ==================================================
[2026-05-27 01:35:52] PROCESS WATCHDOG v2 — CENTINELA INICIADO
[2026-05-27 01:35:52] Vigilando 7 procesos cada 30s
[2026-05-27 01:35:52] Python: C:\Users\fnora\AppData\Local\Programs\Python\Python311\python.exe
[2026-05-27 01:35:52] ==================================================
[2026-05-27 01:35:52] CAIDO: Web Monitor
[2026-05-27 01:35:52] [RESTART] Web Monitor reiniciado
[2026-05-27 01:35:52] [WATCHDOG_ALERT] [ENJAMBRE: WATCHDOG] [WATCHDOG 01:35:52] ALERTA: Web Monitor ha caido. Estado: reiniciado.
[2026-05-27 01:35:52] [WATCHDOG_ALERT] Encolado pasivamente en pending_messages.json
[2026-05-27 01:35:52] CAIDO: Swarm Mesh Listener
[2026-05-27 01:35:52] [RESTART] Swarm Mesh Listener reiniciado
[2026-05-27 01:35:52] [WATCHDOG_ALERT] [ENJAMBRE: WATCHDOG] [WATCHDOG 01:35:52] ALERTA: Swarm Mesh Listener ha caido. Estado: reiniciado.
[2026-05-27 01:35:52] [WATCHDOG_ALERT] Encolado pasivamente en pending_messages.json
[2026-05-27 01:35:52] CAIDO: Charm Panel (Web UI :7860)
[2026-05-27 01:35:52] [RESTART] Charm Panel (Web UI :7860) reiniciado
[2026-05-27 01:35:52] [WATCHDOG_ALERT] [ENJAMBRE: WATCHDOG] [WATCHDOG 01:35:52] ALERTA: Charm Panel (Web UI :7860) ha caido. Estado: reiniciado.
[2026-05-27 01:35:52] [WATCHDOG_ALERT] Encolado pasivamente en pending_messages.json
[2026-05-27 01:35:52] CAIDO: Swarm AI Watchdog (Pool de IAs)
[2026-05-27 01:35:52] [RESTART] Swarm AI Watchdog (Pool de IAs) reiniciado
[2026-05-27 01:35:52] [WATCHDOG_ALERT] [ENJAMBRE: WATCHDOG] [WATCHDOG 01:35:52] ALERTA: Swarm AI Watchdog (Pool de IAs) ha caido. Estado: reiniciado.
[2026-05-27 01:35:52] [WATCHDOG_ALERT] Encolado pasivamente en pending_messages.json
[2026-05-27 01:35:52] CAIDO: Charm Edu P2P Daemon
[2026-05-27 01:35:52] [RESTART] Charm Edu P2P Daemon reiniciado
[2026-05-27 01:35:52] [WATCHDOG_ALERT] [ENJAMBRE: WATCHDOG] [WATCHDOG 01:35:52] ALERTA: Charm Edu P2P Daemon ha caido. Estado: reiniciado.
[2026-05-27 01:35:52] [WATCHDOG_ALERT] Encolado pasivamente en pending_messages.json
[2026-05-27 01:35:52] CAIDO: N8N Bridge Daemon (Docker Proxy)
[2026-05-27 01:35:52] [RESTART] N8N Bridge Daemon (Docker Proxy) reiniciado
[2026-05-27 01:35:52] [WATCHDOG_ALERT] [ENJAMBRE: WATCHDOG] [WATCHDOG 01:35:52] ALERTA: N8N Bridge Daemon (Docker Proxy) ha caido. Estado: reiniciado.
[2026-05-27 01:35:52] [WATCHDOG_ALERT] Encolado pasivamente en pending_messages.json
[2026-05-27 01:35:52] [IDE] Kill Switch activo — NO se reinicia el IDE.
[2026-05-27 08:23:09] ==================================================
[2026-05-27 08:23:09] PROCESS WATCHDOG v2 — CENTINELA INICIADO
[2026-05-27 08:23:09] Vigilando 7 procesos cada 30s
[2026-05-27 08:23:09] Python: C:\Users\fnora\AppData\Local\Programs\Python\Python311\python.exe
[2026-05-27 08:23:09] ==================================================
[2026-05-27 08:23:09] CAIDO: Unified Channel Daemon (Telegram+Discord+Web)
[2026-05-27 08:23:09] [KILL SWITCH] Lock activo — NO se reinicia Unified Channel Daemon (Telegram+Discord+Web).
[2026-05-27 08:23:09] CAIDO: Swarm Mesh Listener
[2026-05-27 08:23:09] [KILL SWITCH] Lock activo — NO se reinicia Swarm Mesh Listener.
[2026-05-27 08:23:09] CAIDO: Charm Panel (Web UI :7860)
[2026-05-27 08:23:09] [KILL SWITCH] Lock activo — NO se reinicia Charm Panel (Web UI :7860).
[2026-05-27 08:23:09] CAIDO: Charm Edu P2P Daemon
[2026-05-27 08:23:09] [KILL SWITCH] Lock activo — NO se reinicia Charm Edu P2P Daemon.
[2026-05-27 08:23:10] [N8N] Kill Switch activo - NO se alerta ni reinicia.
[2026-05-27 08:23:14] [QDRANT] Kill Switch activo - NO se alerta ni reinicia.
[2026-05-27 08:23:14] [IDE] Kill Switch activo — NO se reinicia el IDE.
[2026-05-27 08:24:15] [N8N] Kill Switch activo - NO se alerta ni reinicia.
[2026-05-27 08:24:19] [QDRANT] Kill Switch activo - NO se alerta ni reinicia.
[2026-05-27 08:24:19] [IDE] Kill Switch activo — NO se reinicia el IDE.
[2026-05-27 08:25:20] [N8N] Kill Switch activo - NO se alerta ni reinicia.
[2026-05-27 08:25:24] [QDRANT] Kill Switch activo - NO se alerta ni reinicia.
[2026-05-27 08:25:24] [IDE] Kill Switch activo — NO se reinicia el IDE.
[2026-05-27 08:26:25] [N8N] Kill Switch activo - NO se alerta ni reinicia.
[2026-05-27 08:26:29] [QDRANT] Kill Switch activo - NO se alerta ni reinicia.
[2026-05-27 08:26:29] [IDE] Kill Switch activo — NO se reinicia el IDE.
[2026-05-27 08:27:30] [N8N] Kill Switch activo - NO se alerta ni reinicia.
[2026-05-27 08:27:34] [QDRANT] Kill Switch activo - NO se alerta ni reinicia.
[2026-05-27 08:27:34] [IDE] Kill Switch activo — NO se reinicia el IDE.
[2026-05-27 08:28:04] Estado: 3 vivos, 4 caidos
[2026-05-27 08:28:34] CAIDO: Unified Channel Daemon (Telegram+Discord+Web)
[2026-05-27 08:28:34] [KILL SWITCH] Lock activo — NO se reinicia Unified Channel Daemon (Telegram+Discord+Web).
[2026-05-27 08:28:34] CAIDO: Swarm Mesh Listener
[2026-05-27 08:28:34] [KILL SWITCH] Lock activo — NO se reinicia Swarm Mesh Listener.
[2026-05-27 08:28:34] CAIDO: Charm Panel (Web UI :7860)
[2026-05-27 08:28:34] [KILL SWITCH] Lock activo — NO se reinicia Charm Panel (Web UI :7860).
[2026-05-27 08:28:34] CAIDO: Charm Edu P2P Daemon
[2026-05-27 08:28:34] [KILL SWITCH] Lock activo — NO se reinicia Charm Edu P2P Daemon.
[2026-05-27 08:28:34] [N8N] Kill Switch activo - NO se alerta ni reinicia.
[2026-05-27 08:28:38] [QDRANT] Caido. Intentando reiniciar...
[2026-05-27 08:28:39] [DOCKER] Docker Desktop no parece estar activo. Intentando levantarlo...
[2026-05-27 08:28:39] [DOCKER] Iniciado ejecutable. Esperando 30s para inicializacion del daemon...
[2026-05-27 08:29:12] [QDRANT] Reiniciado con exito
[2026-05-27 08:29:12] [WATCHDOG_ALERT] [ENJAMBRE: WATCHDOG] Qdrant ha sido levantado automáticamente (incluyendo inicio de Docker Desktop). Memoria vectorial online.
[2026-05-27 08:29:43] [N8N DOCKER] Contenedor caído. Intentando iniciar...
[2026-05-27 08:31:24] ==================================================
[2026-05-27 08:31:24] PROCESS WATCHDOG v2 — CENTINELA INICIADO
[2026-05-27 08:31:24] Vigilando 7 procesos cada 30s
[2026-05-27 08:31:24] Python: C:\Users\fnora\AppData\Local\Programs\Python\Python311\python.exe
[2026-05-27 08:31:24] ==================================================
[2026-05-27 08:31:24] CAIDO: Swarm Mesh Listener
[2026-05-27 08:31:24] [RESTART] Swarm Mesh Listener reiniciado
[2026-05-27 08:31:24] [WATCHDOG_ALERT] [ENJAMBRE: WATCHDOG] [WATCHDOG 08:31:24] ALERTA: Swarm Mesh Listener ha caido. Estado: reiniciado.
[2026-05-27 08:31:24] [WATCHDOG_ALERT] Encolado pasivamente en pending_messages.json
[2026-05-27 08:31:24] CAIDO: Charm Panel (Web UI :7860)
[2026-05-27 08:31:24] [RESTART] Charm Panel (Web UI :7860) reiniciado
[2026-05-27 08:31:24] [WATCHDOG_ALERT] [ENJAMBRE: WATCHDOG] [WATCHDOG 08:31:24] ALERTA: Charm Panel (Web UI :7860) ha caido. Estado: reiniciado.
[2026-05-27 08:31:24] [WATCHDOG_ALERT] Encolado pasivamente en pending_messages.json
[2026-05-27 08:31:24] CAIDO: Charm Edu P2P Daemon
[2026-05-27 08:31:24] [RESTART] Charm Edu P2P Daemon reiniciado
[2026-05-27 08:31:24] [WATCHDOG_ALERT] [ENJAMBRE: WATCHDOG] [WATCHDOG 08:31:24] ALERTA: Charm Edu P2P Daemon ha caido. Estado: reiniciado.
[2026-05-27 08:31:24] [WATCHDOG_ALERT] Encolado pasivamente en pending_messages.json
[2026-05-27 08:31:24] [IDE] Kill Switch activo — NO se reinicia el IDE.
[2026-05-27 08:47:01] ==================================================
[2026-05-27 08:47:01] PROCESS WATCHDOG v2 — CENTINELA INICIADO
[2026-05-27 08:47:01] Vigilando 7 procesos cada 30s
[2026-05-27 08:47:01] Python: C:\Users\fnora\AppData\Local\Programs\Python\Python311\python.exe
[2026-05-27 08:47:01] ==================================================
[2026-05-27 08:47:01] Señal de cierre recibida. Watchdog terminando.
[2026-05-27 08:47:01] WATCHDOG TERMINADO
[2026-05-27 08:47:24] ==================================================
[2026-05-27 08:47:24] PROCESS WATCHDOG v2 — CENTINELA INICIADO
[2026-05-27 08:47:24] Vigilando 7 procesos cada 30s
[2026-05-27 08:47:24] Python: C:\Users\fnora\AppData\Local\Programs\Python\Python311\python.exe
[2026-05-27 08:47:24] ==================================================
[2026-05-27 08:47:24] CAIDO: Web Monitor
[2026-05-27 08:47:24] [RESTART] Web Monitor reiniciado
[2026-05-27 08:47:24] [WATCHDOG_ALERT] [ENJAMBRE: WATCHDOG] [WATCHDOG 08:47:24] ALERTA: Web Monitor ha caido. Estado: reiniciado.
[2026-05-27 08:47:24] [WATCHDOG_ALERT] Encolado pasivamente en pending_messages.json
[2026-05-27 08:47:24] CAIDO: Swarm Mesh Listener
[2026-05-27 08:47:24] [RESTART] Swarm Mesh Listener reiniciado
[2026-05-27 08:47:24] [WATCHDOG_ALERT] [ENJAMBRE: WATCHDOG] [WATCHDOG 08:47:24] ALERTA: Swarm Mesh Listener ha caido. Estado: reiniciado.
[2026-05-27 08:47:24] [WATCHDOG_ALERT] Encolado pasivamente en pending_messages.json
[2026-05-27 08:47:24] CAIDO: Charm Panel (Web UI :7860)
[2026-05-27 08:47:24] [RESTART] Charm Panel (Web UI :7860) reiniciado
[2026-05-27 08:47:24] [WATCHDOG_ALERT] [ENJAMBRE: WATCHDOG] [WATCHDOG 08:47:24] ALERTA: Charm Panel (Web UI :7860) ha caido. Estado: reiniciado.
[2026-05-27 08:47:24] [WATCHDOG_ALERT] Encolado pasivamente en pending_messages.json
[2026-05-27 08:47:24] CAIDO: Swarm AI Watchdog (Pool de IAs)
[2026-05-27 08:47:24] [RESTART] Swarm AI Watchdog (Pool de IAs) reiniciado
[2026-05-27 08:47:24] [WATCHDOG_ALERT] [ENJAMBRE: WATCHDOG] [WATCHDOG 08:47:24] ALERTA: Swarm AI Watchdog (Pool de IAs) ha caido. Estado: reiniciado.
[2026-05-27 08:47:24] [WATCHDOG_ALERT] Encolado pasivamente en pending_messages.json
[2026-05-27 08:47:24] CAIDO: Charm Edu P2P Daemon
[2026-05-27 08:47:24] [RESTART] Charm Edu P2P Daemon reiniciado
[2026-05-27 08:47:24] [WATCHDOG_ALERT] [ENJAMBRE: WATCHDOG] [WATCHDOG 08:47:24] ALERTA: Charm Edu P2P Daemon ha caido. Estado: reiniciado.
[2026-05-27 08:47:24] [WATCHDOG_ALERT] Encolado pasivamente en pending_messages.json
[2026-05-27 08:47:24] [N8N DOCKER] Contenedor caído. Intentando iniciar...
[2026-05-27 08:47:28] [QDRANT] Caido. Intentando reiniciar...
[2026-05-27 08:47:32] [QDRANT] Reiniciado con exito
[2026-05-27 08:47:32] [WATCHDOG_ALERT] [ENJAMBRE: WATCHDOG] Qdrant ha sido levantado automáticamente (incluyendo inicio de Docker Desktop). Memoria vectorial online.
[2026-05-27 08:49:04] ==================================================
[2026-05-27 08:49:04] PROCESS WATCHDOG v2 — CENTINELA INICIADO
[2026-05-27 08:49:04] Vigilando 7 procesos cada 30s
[2026-05-27 08:49:04] Python: C:\Users\fnora\AppData\Local\Programs\Python\Python311\python.exe
[2026-05-27 08:49:04] ==================================================
[2026-05-27 08:49:04] CAIDO: Web Monitor
[2026-05-27 08:49:04] [RESTART] Web Monitor reiniciado
[2026-05-27 08:49:04] [WATCHDOG_ALERT] [ENJAMBRE: WATCHDOG] [WATCHDOG 08:49:04] ALERTA: Web Monitor ha caido. Estado: reiniciado.
[2026-05-27 08:49:04] [WATCHDOG_ALERT] Encolado pasivamente en pending_messages.json
[2026-05-27 08:49:04] CAIDO: Swarm Mesh Listener
[2026-05-27 08:49:04] [RESTART] Swarm Mesh Listener reiniciado
[2026-05-27 08:49:04] [WATCHDOG_ALERT] [ENJAMBRE: WATCHDOG] [WATCHDOG 08:49:04] ALERTA: Swarm Mesh Listener ha caido. Estado: reiniciado.
[2026-05-27 08:49:04] [WATCHDOG_ALERT] Encolado pasivamente en pending_messages.json
[2026-05-27 08:49:04] CAIDO: Charm Panel (Web UI :7860)
[2026-05-27 08:49:04] [RESTART] Charm Panel (Web UI :7860) reiniciado
[2026-05-27 08:49:04] [WATCHDOG_ALERT] [ENJAMBRE: WATCHDOG] [WATCHDOG 08:49:04] ALERTA: Charm Panel (Web UI :7860) ha caido. Estado: reiniciado.
[2026-05-27 08:49:04] [WATCHDOG_ALERT] Encolado pasivamente en pending_messages.json
[2026-05-27 08:49:04] CAIDO: Swarm AI Watchdog (Pool de IAs)
[2026-05-27 08:49:04] [RESTART] Swarm AI Watchdog (Pool de IAs) reiniciado
[2026-05-27 08:49:04] [WATCHDOG_ALERT] [ENJAMBRE: WATCHDOG] [WATCHDOG 08:49:04] ALERTA: Swarm AI Watchdog (Pool de IAs) ha caido. Estado: reiniciado.
[2026-05-27 08:49:04] [WATCHDOG_ALERT] Encolado pasivamente en pending_messages.json
[2026-05-27 08:49:04] CAIDO: Charm Edu P2P Daemon
[2026-05-27 08:49:04] [RESTART] Charm Edu P2P Daemon reiniciado
[2026-05-27 08:49:04] [WATCHDOG_ALERT] [ENJAMBRE: WATCHDOG] [WATCHDOG 08:49:04] ALERTA: Charm Edu P2P Daemon ha caido. Estado: reiniciado.
[2026-05-27 08:49:04] [WATCHDOG_ALERT] Encolado pasivamente en pending_messages.json
[2026-05-27 08:49:04] CAIDO: N8N Bridge Daemon (Docker Proxy)
[2026-05-27 08:49:04] [RESTART] N8N Bridge Daemon (Docker Proxy) reiniciado
[2026-05-27 08:49:04] [WATCHDOG_ALERT] [ENJAMBRE: WATCHDOG] [WATCHDOG 08:49:04] ALERTA: N8N Bridge Daemon (Docker Proxy) ha caido. Estado: reiniciado.
[2026-05-27 08:49:04] [WATCHDOG_ALERT] Encolado pasivamente en pending_messages.json
[2026-05-27 08:49:04] [N8N DOCKER] Contenedor caído. Intentando iniciar...
[2026-05-27 08:49:09] [QDRANT] Caido. Intentando reiniciar...
[2026-05-27 08:49:12] [QDRANT] Reiniciado con exito
[2026-05-27 08:49:12] [WATCHDOG_ALERT] [ENJAMBRE: WATCHDOG] Qdrant ha sido levantado automáticamente (incluyendo inicio de Docker Desktop). Memoria vectorial online.
[2026-05-27 08:53:43] Estado: 7 vivos, 0 caidos
[2026-05-27 08:58:45] Estado: 7 vivos, 0 caidos
[2026-05-27 09:03:46] Estado: 7 vivos, 0 caidos
[2026-05-27 09:08:48] Estado: 7 vivos, 0 caidos
[2026-05-27 09:13:49] Estado: 7 vivos, 0 caidos
[2026-05-27 09:18:51] Estado: 7 vivos, 0 caidos
[2026-05-27 09:23:52] Estado: 7 vivos, 0 caidos
[2026-05-27 09:28:54] Estado: 7 vivos, 0 caidos
[2026-05-27 09:33:55] Estado: 7 vivos, 0 caidos
[2026-05-27 09:38:57] Estado: 7 vivos, 0 caidos
[2026-05-27 09:43:58] Estado: 7 vivos, 0 caidos
[2026-05-27 09:49:00] Estado: 7 vivos, 0 caidos
[2026-05-27 09:53:46] ==================================================
[2026-05-27 09:53:46] PROCESS WATCHDOG v2 — CENTINELA INICIADO
[2026-05-27 09:53:46] Vigilando 8 procesos cada 30s
[2026-05-27 09:53:46] Python: C:\Users\fnora\AppData\Local\Programs\Python\Python311\python.exe
[2026-05-27 09:53:46] ==================================================
[2026-05-27 09:58:18] Estado: 8 vivos, 0 caidos
[2026-05-27 10:03:21] Estado: 8 vivos, 0 caidos
[2026-05-27 10:08:24] Estado: 8 vivos, 0 caidos
[2026-05-27 10:13:26] Estado: 8 vivos, 0 caidos
[2026-05-27 10:17:29] ==================================================
[2026-05-27 10:17:29] PROCESS WATCHDOG v2 — CENTINELA INICIADO
[2026-05-27 10:17:29] Vigilando 8 procesos cada 30s
[2026-05-27 10:17:29] Python: C:\Users\fnora\AppData\Local\Programs\Python\Python311\python.exe
[2026-05-27 10:17:29] ==================================================
[2026-05-27 10:17:29] CAIDO: Unified Channel Daemon (Telegram+Discord+Web)
[2026-05-27 10:17:29] [RESTART] Unified Channel Daemon (Telegram+Discord+Web) reiniciado
[2026-05-27 10:17:29] [WATCHDOG_ALERT] [ENJAMBRE: WATCHDOG] [WATCHDOG 10:17:29] ALERTA: Unified Channel Daemon (Telegram+Discord+Web) ha caido. Estado: reiniciado.
[2026-05-27 10:17:29] [WATCHDOG_ALERT] Encolado pasivamente en pending_messages.json
[2026-05-27 10:17:29] CAIDO: Web Monitor
[2026-05-27 10:17:29] [RESTART] Web Monitor reiniciado
[2026-05-27 10:17:29] [WATCHDOG_ALERT] [ENJAMBRE: WATCHDOG] [WATCHDOG 10:17:29] ALERTA: Web Monitor ha caido. Estado: reiniciado.
[2026-05-27 10:17:29] [WATCHDOG_ALERT] Encolado pasivamente en pending_messages.json
[2026-05-27 10:17:29] CAIDO: Swarm Mesh Listener
[2026-05-27 10:17:29] [RESTART] Swarm Mesh Listener reiniciado
[2026-05-27 10:17:29] [WATCHDOG_ALERT] [ENJAMBRE: WATCHDOG] [WATCHDOG 10:17:29] ALERTA: Swarm Mesh Listener ha caido. Estado: reiniciado.
[2026-05-27 10:17:29] [WATCHDOG_ALERT] Encolado pasivamente en pending_messages.json
[2026-05-27 10:17:29] CAIDO: Charm Panel (Web UI :7860)
[2026-05-27 10:17:29] [RESTART] Charm Panel (Web UI :7860) reiniciado
[2026-05-27 10:17:29] [WATCHDOG_ALERT] [ENJAMBRE: WATCHDOG] [WATCHDOG 10:17:29] ALERTA: Charm Panel (Web UI :7860) ha caido. Estado: reiniciado.
[2026-05-27 10:17:29] [WATCHDOG_ALERT] Encolado pasivamente en pending_messages.json
[2026-05-27 10:17:29] CAIDO: Swarm AI Watchdog (Pool de IAs)
[2026-05-27 10:17:29] [RESTART] Swarm AI Watchdog (Pool de IAs) reiniciado
[2026-05-27 10:17:29] [WATCHDOG_ALERT] [ENJAMBRE: WATCHDOG] [WATCHDOG 10:17:29] ALERTA: Swarm AI Watchdog (Pool de IAs) ha caido. Estado: reiniciado.
[2026-05-27 10:17:29] [WATCHDOG_ALERT] Encolado pasivamente en pending_messages.json
[2026-05-27 10:17:29] CAIDO: Charm Edu P2P Daemon
[2026-05-27 10:17:29] [RESTART] Charm Edu P2P Daemon reiniciado
[2026-05-27 10:17:29] [WATCHDOG_ALERT] [ENJAMBRE: WATCHDOG] [WATCHDOG 10:17:29] ALERTA: Charm Edu P2P Daemon ha caido. Estado: reiniciado.
[2026-05-27 10:17:29] [WATCHDOG_ALERT] Encolado pasivamente en pending_messages.json
[2026-05-27 10:20:07] ==================================================
[2026-05-27 10:20:07] PROCESS WATCHDOG v2 — CENTINELA INICIADO
[2026-05-27 10:20:07] Vigilando 8 procesos cada 30s
[2026-05-27 10:20:07] Python: C:\Users\fnora\AppData\Local\Programs\Python\Python311\python.exe
[2026-05-27 10:20:07] ==================================================
[2026-05-27 10:20:08] CAIDO: Unified Channel Daemon (Telegram+Discord+Web)
[2026-05-27 10:20:08] [RESTART] Unified Channel Daemon (Telegram+Discord+Web) reiniciado
[2026-05-27 10:20:08] [WATCHDOG_ALERT] [ENJAMBRE: WATCHDOG] [WATCHDOG 10:20:08] ALERTA: Unified Channel Daemon (Telegram+Discord+Web) ha caido. Estado: reiniciado.
[2026-05-27 10:20:08] [WATCHDOG_ALERT] Encolado pasivamente en pending_messages.json
[2026-05-27 10:20:08] CAIDO: Swarm Mesh Listener
[2026-05-27 10:20:08] [KILL SWITCH] Lock activo — NO se reinicia Swarm Mesh Listener.
[2026-05-27 10:20:08] CAIDO: Charm Panel (Web UI :7860)
[2026-05-27 10:20:08] [KILL SWITCH] Lock activo — NO se reinicia Charm Panel (Web UI :7860).
[2026-05-27 10:20:08] CAIDO: Charm Edu P2P Daemon
[2026-05-27 10:20:08] [KILL SWITCH] Lock activo — NO se reinicia Charm Edu P2P Daemon.
[2026-05-27 10:20:08] CAIDO: N8N Bridge Daemon (Docker Proxy)
[2026-05-27 10:20:08] [KILL SWITCH] Lock activo — NO se reinicia N8N Bridge Daemon (Docker Proxy).
[2026-05-27 10:20:09] [N8N] Kill Switch activo - NO se alerta ni reinicia.
[2026-05-27 10:20:09] [QDRANT] Kill Switch activo - NO se alerta ni reinicia.
[2026-05-27 10:20:09] [IDE] Kill Switch activo — NO se reinicia el IDE.
[2026-05-27 10:21:09] [N8N DOCKER] Contenedor caído. Intentando iniciar...
[2026-05-27 10:24:41] Estado: 5 vivos, 3 caidos
[2026-05-27 10:25:11] CAIDO: Swarm Mesh Listener
[2026-05-27 10:25:11] [RESTART] Swarm Mesh Listener reiniciado
[2026-05-27 10:25:11] [WATCHDOG_ALERT] [ENJAMBRE: WATCHDOG] [WATCHDOG 10:25:11] ALERTA: Swarm Mesh Listener ha caido. Estado: reiniciado.
[2026-05-27 10:25:11] [WATCHDOG_ALERT] Encolado pasivamente en pending_messages.json
[2026-05-27 10:25:11] CAIDO: Charm Panel (Web UI :7860)
[2026-05-27 10:25:11] [RESTART] Charm Panel (Web UI :7860) reiniciado
[2026-05-27 10:25:11] [WATCHDOG_ALERT] [ENJAMBRE: WATCHDOG] [WATCHDOG 10:25:11] ALERTA: Charm Panel (Web UI :7860) ha caido. Estado: reiniciado.
[2026-05-27 10:25:11] [WATCHDOG_ALERT] Encolado pasivamente en pending_messages.json
[2026-05-27 10:25:11] CAIDO: Charm Edu P2P Daemon
[2026-05-27 10:25:11] [RESTART] Charm Edu P2P Daemon reiniciado
[2026-05-27 10:25:11] [WATCHDOG_ALERT] [ENJAMBRE: WATCHDOG] [WATCHDOG 10:25:11] ALERTA: Charm Edu P2P Daemon ha caido. Estado: reiniciado.
[2026-05-27 10:25:11] [WATCHDOG_ALERT] Encolado pasivamente en pending_messages.json
[2026-05-27 10:29:44] Estado: 8 vivos, 0 caidos
[2026-05-27 10:34:46] Estado: 8 vivos, 0 caidos
[2026-05-27 10:38:40] ==================================================
[2026-05-27 10:38:40] PROCESS WATCHDOG v2 — CENTINELA INICIADO
[2026-05-27 10:38:40] Vigilando 8 procesos cada 30s
[2026-05-27 10:38:40] Python: C:\Users\fnora\AppData\Local\Programs\Python\Python311\python.exe
[2026-05-27 10:38:40] ==================================================
[2026-05-27 10:38:40] CAIDO: Web Monitor
[2026-05-27 10:38:40] [RESTART] Web Monitor reiniciado
[2026-05-27 10:38:40] [WATCHDOG_ALERT] [ENJAMBRE: WATCHDOG] [WATCHDOG 10:38:40] ALERTA: Web Monitor ha caido. Estado: reiniciado.
[2026-05-27 10:38:40] [WATCHDOG_ALERT] Encolado pasivamente en pending_messages.json
[2026-05-27 10:38:40] CAIDO: Swarm Mesh Listener
[2026-05-27 10:38:40] [RESTART] Swarm Mesh Listener reiniciado
[2026-05-27 10:38:40] [WATCHDOG_ALERT] [ENJAMBRE: WATCHDOG] [WATCHDOG 10:38:40] ALERTA: Swarm Mesh Listener ha caido. Estado: reiniciado.
[2026-05-27 10:38:40] [WATCHDOG_ALERT] Encolado pasivamente en pending_messages.json
[2026-05-27 10:38:40] CAIDO: Charm Panel (Web UI :7860)
[2026-05-27 10:38:40] [RESTART] Charm Panel (Web UI :7860) reiniciado
[2026-05-27 10:38:40] [WATCHDOG_ALERT] [ENJAMBRE: WATCHDOG] [WATCHDOG 10:38:40] ALERTA: Charm Panel (Web UI :7860) ha caido. Estado: reiniciado.
[2026-05-27 10:38:40] [WATCHDOG_ALERT] Encolado pasivamente en pending_messages.json
[2026-05-27 10:38:40] CAIDO: Swarm AI Watchdog (Pool de IAs)
[2026-05-27 10:38:40] [RESTART] Swarm AI Watchdog (Pool de IAs) reiniciado
[2026-05-27 10:38:40] [WATCHDOG_ALERT] [ENJAMBRE: WATCHDOG] [WATCHDOG 10:38:40] ALERTA: Swarm AI Watchdog (Pool de IAs) ha caido. Estado: reiniciado.
[2026-05-27 10:38:40] [WATCHDOG_ALERT] Encolado pasivamente en pending_messages.json
[2026-05-27 10:38:40] CAIDO: Charm Edu P2P Daemon
[2026-05-27 10:38:40] [RESTART] Charm Edu P2P Daemon reiniciado
[2026-05-27 10:38:40] [WATCHDOG_ALERT] [ENJAMBRE: WATCHDOG] [WATCHDOG 10:38:40] ALERTA: Charm Edu P2P Daemon ha caido. Estado: reiniciado.
[2026-05-27 10:38:40] [WATCHDOG_ALERT] Encolado pasivamente en pending_messages.json
[2026-05-27 10:38:40] CAIDO: N8N Bridge Daemon (Docker Proxy)
[2026-05-27 10:38:40] [RESTART] N8N Bridge Daemon (Docker Proxy) reiniciado
[2026-05-27 10:38:40] [WATCHDOG_ALERT] [ENJAMBRE: WATCHDOG] [WATCHDOG 10:38:40] ALERTA: N8N Bridge Daemon (Docker Proxy) ha caido. Estado: reiniciado.
[2026-05-27 10:38:40] [WATCHDOG_ALERT] Encolado pasivamente en pending_messages.json
[2026-05-27 10:38:40] CAIDO: Guardian Daemon (Seguridad Suprema)
[2026-05-27 10:38:40] [RESTART] Guardian Daemon (Seguridad Suprema) reiniciado
[2026-05-27 10:38:40] [WATCHDOG_ALERT] [ENJAMBRE: WATCHDOG] [WATCHDOG 10:38:40] ALERTA: Guardian Daemon (Seguridad Suprema) ha caido. Estado: reiniciado.
[2026-05-27 10:38:40] [WATCHDOG_ALERT] Encolado pasivamente en pending_messages.json
[2026-05-27 10:38:40] [N8N DOCKER] Contenedor caído. Intentando iniciar...
[2026-05-27 10:38:44] [QDRANT] Caido. Intentando reiniciar...
[2026-05-27 10:38:48] [QDRANT] Reiniciado con exito
[2026-05-27 10:38:48] [WATCHDOG_ALERT] [ENJAMBRE: WATCHDOG] Qdrant ha sido levantado automáticamente (incluyendo inicio de Docker Desktop). Memoria vectorial online.
[2026-05-27 10:43:19] Estado: 8 vivos, 0 caidos
[2026-05-27 10:48:20] Estado: 8 vivos, 0 caidos
[2026-05-27 10:53:22] Estado: 8 vivos, 0 caidos
[2026-05-27 10:58:23] Estado: 8 vivos, 0 caidos
[2026-05-27 11:03:25] Estado: 8 vivos, 0 caidos
[2026-05-27 11:08:26] Estado: 8 vivos, 0 caidos
[2026-05-27 11:13:28] Estado: 8 vivos, 0 caidos
[2026-05-27 11:18:29] Estado: 8 vivos, 0 caidos
[2026-05-27 11:23:31] Estado: 8 vivos, 0 caidos
[2026-05-27 11:28:32] Estado: 8 vivos, 0 caidos
[2026-05-27 11:33:34] Estado: 8 vivos, 0 caidos
[2026-05-27 11:38:35] Estado: 8 vivos, 0 caidos
[2026-05-27 11:43:37] Estado: 8 vivos, 0 caidos
[2026-05-27 11:48:38] Estado: 8 vivos, 0 caidos
[2026-05-27 11:53:39] Estado: 8 vivos, 0 caidos
[2026-05-27 11:58:41] Estado: 8 vivos, 0 caidos
[2026-05-27 12:03:42] Estado: 8 vivos, 0 caidos
[2026-05-27 12:08:44] Estado: 8 vivos, 0 caidos
[2026-05-27 12:13:45] Estado: 8 vivos, 0 caidos
[2026-05-27 12:18:47] Estado: 8 vivos, 0 caidos
[2026-05-27 12:23:48] Estado: 8 vivos, 0 caidos
[2026-05-27 12:28:49] Estado: 8 vivos, 0 caidos
[2026-05-27 12:33:51] Estado: 8 vivos, 0 caidos
[2026-05-27 12:38:52] Estado: 8 vivos, 0 caidos
[2026-05-27 12:43:54] Estado: 8 vivos, 0 caidos
[2026-05-27 12:48:55] Estado: 8 vivos, 0 caidos
[2026-05-27 12:53:57] Estado: 8 vivos, 0 caidos
[2026-05-27 12:58:58] Estado: 8 vivos, 0 caidos
[2026-05-27 13:03:59] Estado: 8 vivos, 0 caidos
[2026-05-27 13:09:01] Estado: 8 vivos, 0 caidos
[2026-05-27 13:14:02] Estado: 8 vivos, 0 caidos
[2026-05-27 13:19:04] Estado: 8 vivos, 0 caidos
[2026-05-27 13:24:05] Estado: 8 vivos, 0 caidos
[2026-05-27 13:27:45] ==================================================
[2026-05-27 13:27:45] PROCESS WATCHDOG v2 — CENTINELA INICIADO
[2026-05-27 13:27:45] Vigilando 8 procesos cada 30s
[2026-05-27 13:27:45] Python: C:\Users\fnora\AppData\Local\Programs\Python\Python311\python.exe
[2026-05-27 13:27:45] ==================================================
[2026-05-27 13:27:45] CAIDO: Unified Channel Daemon (Telegram+Discord+Web)
[2026-05-27 13:27:45] [RESTART] Unified Channel Daemon (Telegram+Discord+Web) reiniciado
[2026-05-27 13:27:45] [WATCHDOG_ALERT] [ENJAMBRE: WATCHDOG] [WATCHDOG 13:27:45] ALERTA: Unified Channel Daemon (Telegram+Discord+Web) ha caido. Estado: reiniciado.
[2026-05-27 13:27:45] [WATCHDOG_ALERT] Encolado pasivamente en pending_messages.json
[2026-05-27 13:29:47] [IDE] Kill Switch activo — NO se reinicia el IDE.
[2026-05-27 13:29:57] ==================================================
[2026-05-27 13:29:57] PROCESS WATCHDOG v2 — CENTINELA INICIADO
[2026-05-27 13:29:57] Vigilando 8 procesos cada 30s
[2026-05-27 13:29:57] Python: C:\Users\fnora\AppData\Local\Programs\Python\Python311\python.exe
[2026-05-27 13:29:57] ==================================================
[2026-05-27 13:29:58] CAIDO: Web Monitor
[2026-05-27 13:29:58] [RESTART] Web Monitor reiniciado
[2026-05-27 13:29:58] [WATCHDOG_ALERT] [ENJAMBRE: WATCHDOG] [WATCHDOG 13:29:58] ALERTA: Web Monitor ha caido. Estado: reiniciado.
[2026-05-27 13:29:58] [WATCHDOG_ALERT] Encolado pasivamente en pending_messages.json
[2026-05-27 13:29:58] CAIDO: Swarm Mesh Listener
[2026-05-27 13:29:58] [RESTART] Swarm Mesh Listener reiniciado
[2026-05-27 13:29:58] [WATCHDOG_ALERT] [ENJAMBRE: WATCHDOG] [WATCHDOG 13:29:58] ALERTA: Swarm Mesh Listener ha caido. Estado: reiniciado.
[2026-05-27 13:29:58] [WATCHDOG_ALERT] Encolado pasivamente en pending_messages.json
[2026-05-27 13:29:58] CAIDO: Charm Panel (Web UI :7860)
[2026-05-27 13:29:58] [RESTART] Charm Panel (Web UI :7860) reiniciado
[2026-05-27 13:29:58] [WATCHDOG_ALERT] [ENJAMBRE: WATCHDOG] [WATCHDOG 13:29:58] ALERTA: Charm Panel (Web UI :7860) ha caido. Estado: reiniciado.
[2026-05-27 13:29:58] [WATCHDOG_ALERT] Encolado pasivamente en pending_messages.json
[2026-05-27 13:29:58] CAIDO: Swarm AI Watchdog (Pool de IAs)
[2026-05-27 13:29:58] [RESTART] Swarm AI Watchdog (Pool de IAs) reiniciado
[2026-05-27 13:29:58] [WATCHDOG_ALERT] [ENJAMBRE: WATCHDOG] [WATCHDOG 13:29:58] ALERTA: Swarm AI Watchdog (Pool de IAs) ha caido. Estado: reiniciado.
[2026-05-27 13:29:58] [WATCHDOG_ALERT] Encolado pasivamente en pending_messages.json
[2026-05-27 13:29:58] CAIDO: Charm Edu P2P Daemon
[2026-05-27 13:29:58] [RESTART] Charm Edu P2P Daemon reiniciado
[2026-05-27 13:29:58] [WATCHDOG_ALERT] [ENJAMBRE: WATCHDOG] [WATCHDOG 13:29:58] ALERTA: Charm Edu P2P Daemon ha caido. Estado: reiniciado.
[2026-05-27 13:29:58] [WATCHDOG_ALERT] Encolado pasivamente en pending_messages.json
[2026-05-27 13:29:58] CAIDO: N8N Bridge Daemon (Docker Proxy)
[2026-05-27 13:29:58] [RESTART] N8N Bridge Daemon (Docker Proxy) reiniciado
[2026-05-27 13:29:58] [WATCHDOG_ALERT] [ENJAMBRE: WATCHDOG] [WATCHDOG 13:29:58] ALERTA: N8N Bridge Daemon (Docker Proxy) ha caido. Estado: reiniciado.
[2026-05-27 13:29:58] [WATCHDOG_ALERT] Encolado pasivamente en pending_messages.json
[2026-05-27 13:29:58] CAIDO: Guardian Daemon (Seguridad Suprema)
[2026-05-27 13:29:58] [RESTART] Guardian Daemon (Seguridad Suprema) reiniciado
[2026-05-27 13:29:58] [WATCHDOG_ALERT] [ENJAMBRE: WATCHDOG] [WATCHDOG 13:29:58] ALERTA: Guardian Daemon (Seguridad Suprema) ha caido. Estado: reiniciado.
[2026-05-27 13:29:58] [WATCHDOG_ALERT] Encolado pasivamente en pending_messages.json
[2026-05-27 13:29:58] [N8N DOCKER] Contenedor caído. Intentando iniciar...
[2026-05-27 13:30:02] [QDRANT] Caido. Intentando reiniciar...
[2026-05-27 13:30:05] [QDRANT] Reiniciado con exito
[2026-05-27 13:30:05] [WATCHDOG_ALERT] [ENJAMBRE: WATCHDOG] Qdrant ha sido levantado automáticamente (incluyendo inicio de Docker Desktop). Memoria vectorial online.
[2026-05-27 13:34:37] Estado: 8 vivos, 0 caidos
[2026-05-27 13:35:38] ==================================================
[2026-05-27 13:35:38] PROCESS WATCHDOG v2 — CENTINELA INICIADO
[2026-05-27 13:35:38] Vigilando 8 procesos cada 30s
[2026-05-27 13:35:38] Python: C:\Users\fnora\AppData\Local\Programs\Python\Python311\python.exe
[2026-05-27 13:35:38] ==================================================
[2026-05-27 13:35:38] CAIDO: Web Monitor
[2026-05-27 13:35:38] [RESTART] Web Monitor reiniciado
[2026-05-27 13:35:38] [WATCHDOG_ALERT] [ENJAMBRE: WATCHDOG] [WATCHDOG 13:35:38] ALERTA: Web Monitor ha caido. Estado: reiniciado.
[2026-05-27 13:35:38] [WATCHDOG_ALERT] Encolado pasivamente en pending_messages.json
[2026-05-27 13:35:38] CAIDO: Swarm Mesh Listener
[2026-05-27 13:35:38] [RESTART] Swarm Mesh Listener reiniciado
[2026-05-27 13:35:38] [WATCHDOG_ALERT] [ENJAMBRE: WATCHDOG] [WATCHDOG 13:35:38] ALERTA: Swarm Mesh Listener ha caido. Estado: reiniciado.
[2026-05-27 13:35:38] [WATCHDOG_ALERT] Encolado pasivamente en pending_messages.json
[2026-05-27 13:35:38] CAIDO: Charm Panel (Web UI :7860)
[2026-05-27 13:35:38] [RESTART] Charm Panel (Web UI :7860) reiniciado
[2026-05-27 13:35:38] [WATCHDOG_ALERT] [ENJAMBRE: WATCHDOG] [WATCHDOG 13:35:38] ALERTA: Charm Panel (Web UI :7860) ha caido. Estado: reiniciado.
[2026-05-27 13:35:38] [WATCHDOG_ALERT] Encolado pasivamente en pending_messages.json
[2026-05-27 13:35:38] CAIDO: Swarm AI Watchdog (Pool de IAs)
[2026-05-27 13:35:38] [RESTART] Swarm AI Watchdog (Pool de IAs) reiniciado
[2026-05-27 13:35:38] [WATCHDOG_ALERT] [ENJAMBRE: WATCHDOG] [WATCHDOG 13:35:38] ALERTA: Swarm AI Watchdog (Pool de IAs) ha caido. Estado: reiniciado.
[2026-05-27 13:35:38] [WATCHDOG_ALERT] Encolado pasivamente en pending_messages.json
[2026-05-27 13:35:38] CAIDO: Charm Edu P2P Daemon
[2026-05-27 13:35:38] [RESTART] Charm Edu P2P Daemon reiniciado
[2026-05-27 13:35:38] [WATCHDOG_ALERT] [ENJAMBRE: WATCHDOG] [WATCHDOG 13:35:38] ALERTA: Charm Edu P2P Daemon ha caido. Estado: reiniciado.
[2026-05-27 13:35:38] [WATCHDOG_ALERT] Encolado pasivamente en pending_messages.json
[2026-05-27 13:35:38] CAIDO: N8N Bridge Daemon (Docker Proxy)
[2026-05-27 13:35:38] [RESTART] N8N Bridge Daemon (Docker Proxy) reiniciado
[2026-05-27 13:35:38] [WATCHDOG_ALERT] [ENJAMBRE: WATCHDOG] [WATCHDOG 13:35:38] ALERTA: N8N Bridge Daemon (Docker Proxy) ha caido. Estado: reiniciado.
[2026-05-27 13:35:38] [WATCHDOG_ALERT] Encolado pasivamente en pending_messages.json
[2026-05-27 13:35:38] CAIDO: Guardian Daemon (Seguridad Suprema)
[2026-05-27 13:35:38] [RESTART] Guardian Daemon (Seguridad Suprema) reiniciado
[2026-05-27 13:35:38] [WATCHDOG_ALERT] [ENJAMBRE: WATCHDOG] [WATCHDOG 13:35:38] ALERTA: Guardian Daemon (Seguridad Suprema) ha caido. Estado: reiniciado.
[2026-05-27 13:35:38] [WATCHDOG_ALERT] Encolado pasivamente en pending_messages.json
[2026-05-27 13:35:38] [N8N DOCKER] Contenedor caído. Intentando iniciar...
[2026-05-27 13:35:43] [QDRANT] Caido. Intentando reiniciar...
[2026-05-27 13:35:46] [QDRANT] Reiniciado con exito
[2026-05-27 13:35:46] [WATCHDOG_ALERT] [ENJAMBRE: WATCHDOG] Qdrant ha sido levantado automáticamente (incluyendo inicio de Docker Desktop). Memoria vectorial online.
[2026-05-27 13:40:17] Estado: 8 vivos, 0 caidos
[2026-05-27 13:45:19] Estado: 8 vivos, 0 caidos
[2026-05-27 13:50:20] Estado: 8 vivos, 0 caidos
[2026-05-27 13:55:22] Estado: 8 vivos, 0 caidos
[2026-05-27 14:00:23] Estado: 8 vivos, 0 caidos
[2026-05-27 14:05:25] Estado: 8 vivos, 0 caidos
[2026-05-27 14:10:26] Estado: 8 vivos, 0 caidos
[2026-05-27 14:15:28] Estado: 8 vivos, 0 caidos
[2026-05-27 14:20:29] Estado: 8 vivos, 0 caidos
[2026-05-27 14:25:31] Estado: 8 vivos, 0 caidos
[2026-05-27 14:30:32] Estado: 8 vivos, 0 caidos
[2026-05-27 14:35:34] Estado: 8 vivos, 0 caidos
[2026-05-27 14:40:36] Estado: 8 vivos, 0 caidos
[2026-05-27 14:45:37] Estado: 8 vivos, 0 caidos
[2026-05-27 14:50:39] Estado: 8 vivos, 0 caidos
[2026-05-27 14:55:40] Estado: 8 vivos, 0 caidos
[2026-05-27 15:00:42] Estado: 8 vivos, 0 caidos
[2026-05-27 15:05:43] Estado: 8 vivos, 0 caidos
[2026-05-27 15:10:45] Estado: 8 vivos, 0 caidos
[2026-05-27 15:15:46] Estado: 8 vivos, 0 caidos
[2026-05-27 15:20:48] Estado: 8 vivos, 0 caidos
[2026-05-27 15:25:49] Estado: 8 vivos, 0 caidos
[2026-05-27 15:30:50] Estado: 8 vivos, 0 caidos
[2026-05-27 15:35:52] Estado: 8 vivos, 0 caidos
[2026-05-27 15:40:53] Estado: 8 vivos, 0 caidos
[2026-05-27 15:45:55] Estado: 8 vivos, 0 caidos
[2026-05-27 15:50:56] Estado: 8 vivos, 0 caidos
[2026-05-27 15:55:58] Estado: 8 vivos, 0 caidos
[2026-05-27 16:00:59] Estado: 8 vivos, 0 caidos
[2026-05-27 16:06:01] Estado: 8 vivos, 0 caidos
[2026-05-27 16:11:02] Estado: 8 vivos, 0 caidos
[2026-05-27 16:16:03] Estado: 8 vivos, 0 caidos
[2026-05-27 16:21:05] Estado: 8 vivos, 0 caidos
[2026-05-27 16:26:06] Estado: 8 vivos, 0 caidos
[2026-05-27 16:31:08] Estado: 8 vivos, 0 caidos
[2026-05-27 16:36:09] Estado: 8 vivos, 0 caidos
[2026-05-27 16:41:11] Estado: 8 vivos, 0 caidos
[2026-05-27 16:46:12] Estado: 8 vivos, 0 caidos
[2026-05-27 16:51:13] Estado: 8 vivos, 0 caidos
[2026-05-27 16:56:15] Estado: 8 vivos, 0 caidos
[2026-05-27 17:01:16] Estado: 8 vivos, 0 caidos
[2026-05-27 17:06:18] Estado: 8 vivos, 0 caidos
[2026-05-27 17:11:19] Estado: 8 vivos, 0 caidos
[2026-05-27 17:16:20] Estado: 8 vivos, 0 caidos
[2026-05-27 17:21:22] Estado: 8 vivos, 0 caidos
[2026-05-27 17:26:23] Estado: 8 vivos, 0 caidos
[2026-05-27 17:31:25] Estado: 8 vivos, 0 caidos
[2026-05-27 17:34:12] ==================================================
[2026-05-27 17:34:12] PROCESS WATCHDOG v2 — CENTINELA INICIADO
[2026-05-27 17:34:12] Vigilando 8 procesos cada 30s
[2026-05-27 17:34:12] Python: C:\Users\fnora\AppData\Local\Programs\Python\Python311\python.exe
[2026-05-27 17:34:12] ==================================================
[2026-05-27 17:34:12] IDE Antigravity NO detectado. Reiniciando...
[2026-05-27 17:34:12] [RESTART] Antigravity reiniciado: C:\Users\fnora\AppData\Local\Programs\Antigravity\Antigravity.exe
[2026-05-27 17:34:20] [RESTART] boot_injection.py ejecutado
[2026-05-27 17:35:21] IDE Antigravity NO detectado. Reiniciando...
[2026-05-27 17:35:21] [RESTART] Antigravity reiniciado: C:\Users\fnora\AppData\Local\Programs\Antigravity\Antigravity.exe
[2026-05-27 17:35:29] [RESTART] boot_injection.py ejecutado
[2026-05-27 18:05:48] ==================================================
[2026-05-27 18:05:48] PROCESS WATCHDOG v2 — CENTINELA INICIADO
[2026-05-27 18:05:48] Vigilando 8 procesos cada 30s
[2026-05-27 18:05:48] Python: C:\Users\fnora\AppData\Local\Programs\Python\Python311\python.exe
[2026-05-27 18:05:48] ==================================================
[2026-05-27 18:05:48] CAIDO: Web Monitor
[2026-05-27 18:05:48] [RESTART] Web Monitor reiniciado
[2026-05-27 18:05:48] [WATCHDOG_ALERT] [ENJAMBRE: WATCHDOG] [WATCHDOG 18:05:48] ALERTA: Web Monitor ha caido. Estado: reiniciado.
[2026-05-27 18:05:48] [WATCHDOG_ALERT] Encolado pasivamente en pending_messages.json
[2026-05-27 18:05:48] CAIDO: Swarm Mesh Listener
[2026-05-27 18:05:48] [RESTART] Swarm Mesh Listener reiniciado
[2026-05-27 18:05:48] [WATCHDOG_ALERT] [ENJAMBRE: WATCHDOG] [WATCHDOG 18:05:48] ALERTA: Swarm Mesh Listener ha caido. Estado: reiniciado.
[2026-05-27 18:05:48] [WATCHDOG_ALERT] Encolado pasivamente en pending_messages.json
[2026-05-27 18:05:48] CAIDO: Charm Panel (Web UI :7860)
[2026-05-27 18:05:48] [RESTART] Charm Panel (Web UI :7860) reiniciado
[2026-05-27 18:05:48] [WATCHDOG_ALERT] [ENJAMBRE: WATCHDOG] [WATCHDOG 18:05:48] ALERTA: Charm Panel (Web UI :7860) ha caido. Estado: reiniciado.
[2026-05-27 18:05:48] [WATCHDOG_ALERT] Encolado pasivamente en pending_messages.json
[2026-05-27 18:05:48] CAIDO: Swarm AI Watchdog (Pool de IAs)
[2026-05-27 18:05:48] [RESTART] Swarm AI Watchdog (Pool de IAs) reiniciado
[2026-05-27 18:05:48] [WATCHDOG_ALERT] [ENJAMBRE: WATCHDOG] [WATCHDOG 18:05:48] ALERTA: Swarm AI Watchdog (Pool de IAs) ha caido. Estado: reiniciado.
[2026-05-27 18:05:48] [WATCHDOG_ALERT] Encolado pasivamente en pending_messages.json
[2026-05-27 18:05:48] CAIDO: Charm Edu P2P Daemon
[2026-05-27 18:05:48] [RESTART] Charm Edu P2P Daemon reiniciado
[2026-05-27 18:05:48] [WATCHDOG_ALERT] [ENJAMBRE: WATCHDOG] [WATCHDOG 18:05:48] ALERTA: Charm Edu P2P Daemon ha caido. Estado: reiniciado.
[2026-05-27 18:05:48] [WATCHDOG_ALERT] Encolado pasivamente en pending_messages.json
[2026-05-27 18:05:48] CAIDO: N8N Bridge Daemon (Docker Proxy)
[2026-05-27 18:05:48] [RESTART] N8N Bridge Daemon (Docker Proxy) reiniciado
[2026-05-27 18:05:48] [WATCHDOG_ALERT] [ENJAMBRE: WATCHDOG] [WATCHDOG 18:05:48] ALERTA: N8N Bridge Daemon (Docker Proxy) ha caido. Estado: reiniciado.
[2026-05-27 18:05:48] [WATCHDOG_ALERT] Encolado pasivamente en pending_messages.json
[2026-05-27 18:05:48] CAIDO: Guardian Daemon (Seguridad Suprema)
[2026-05-27 18:05:48] [RESTART] Guardian Daemon (Seguridad Suprema) reiniciado
[2026-05-27 18:05:48] [WATCHDOG_ALERT] [ENJAMBRE: WATCHDOG] [WATCHDOG 18:05:48] ALERTA: Guardian Daemon (Seguridad Suprema) ha caido. Estado: reiniciado.
[2026-05-27 18:05:48] [WATCHDOG_ALERT] Encolado pasivamente en pending_messages.json
[2026-05-27 18:05:48] [N8N DOCKER] Contenedor caído. Intentando iniciar...
[2026-05-27 18:05:52] [QDRANT] Caido. Intentando reiniciar...
[2026-05-27 18:05:56] [QDRANT] Reiniciado con exito
[2026-05-27 18:05:56] [WATCHDOG_ALERT] [ENJAMBRE: WATCHDOG] Qdrant ha sido levantado automáticamente (incluyendo inicio de Docker Desktop). Memoria vectorial online.
[2026-05-27 18:10:27] Estado: 8 vivos, 0 caidos
[2026-05-27 18:15:28] Estado: 8 vivos, 0 caidos
[2026-05-27 18:20:30] Estado: 8 vivos, 0 caidos
[2026-05-27 18:25:22] ==================================================
[2026-05-27 18:25:22] PROCESS WATCHDOG v2 — CENTINELA INICIADO
[2026-05-27 18:25:22] Vigilando 8 procesos cada 30s
[2026-05-27 18:25:22] Python: C:\Users\fnora\AppData\Local\Programs\Python\Python311\python.exe
[2026-05-27 18:25:22] ==================================================
[2026-05-27 18:25:22] CAIDO: Web Monitor
[2026-05-27 18:25:22] [RESTART] Web Monitor reiniciado
[2026-05-27 18:25:22] [WATCHDOG_ALERT] [ENJAMBRE: WATCHDOG] [WATCHDOG 18:25:22] ALERTA: Web Monitor ha caido. Estado: reiniciado.
[2026-05-27 18:25:22] [WATCHDOG_ALERT] Encolado pasivamente en pending_messages.json
[2026-05-27 18:25:22] CAIDO: Swarm Mesh Listener
[2026-05-27 18:25:22] [RESTART] Swarm Mesh Listener reiniciado
[2026-05-27 18:25:22] [WATCHDOG_ALERT] [ENJAMBRE: WATCHDOG] [WATCHDOG 18:25:22] ALERTA: Swarm Mesh Listener ha caido. Estado: reiniciado.
[2026-05-27 18:25:22] [WATCHDOG_ALERT] Encolado pasivamente en pending_messages.json
[2026-05-27 18:25:22] CAIDO: Charm Panel (Web UI :7860)
[2026-05-27 18:25:22] [RESTART] Charm Panel (Web UI :7860) reiniciado
[2026-05-27 18:25:22] [WATCHDOG_ALERT] [ENJAMBRE: WATCHDOG] [WATCHDOG 18:25:22] ALERTA: Charm Panel (Web UI :7860) ha caido. Estado: reiniciado.
[2026-05-27 18:25:22] [WATCHDOG_ALERT] Encolado pasivamente en pending_messages.json
[2026-05-27 18:25:22] CAIDO: Swarm AI Watchdog (Pool de IAs)
[2026-05-27 18:25:22] [RESTART] Swarm AI Watchdog (Pool de IAs) reiniciado
[2026-05-27 18:25:22] [WATCHDOG_ALERT] [ENJAMBRE: WATCHDOG] [WATCHDOG 18:25:22] ALERTA: Swarm AI Watchdog (Pool de IAs) ha caido. Estado: reiniciado.
[2026-05-27 18:25:22] [WATCHDOG_ALERT] Encolado pasivamente en pending_messages.json
[2026-05-27 18:25:22] CAIDO: Charm Edu P2P Daemon
[2026-05-27 18:25:22] [RESTART] Charm Edu P2P Daemon reiniciado
[2026-05-27 18:25:22] [WATCHDOG_ALERT] [ENJAMBRE: WATCHDOG] [WATCHDOG 18:25:22] ALERTA: Charm Edu P2P Daemon ha caido. Estado: reiniciado.
[2026-05-27 18:25:22] [WATCHDOG_ALERT] Encolado pasivamente en pending_messages.json
[2026-05-27 18:25:22] CAIDO: N8N Bridge Daemon (Docker Proxy)
[2026-05-27 18:25:22] [RESTART] N8N Bridge Daemon (Docker Proxy) reiniciado
[2026-05-27 18:25:22] [WATCHDOG_ALERT] [ENJAMBRE: WATCHDOG] [WATCHDOG 18:25:22] ALERTA: N8N Bridge Daemon (Docker Proxy) ha caido. Estado: reiniciado.
[2026-05-27 18:25:22] [WATCHDOG_ALERT] Encolado pasivamente en pending_messages.json
[2026-05-27 18:25:22] CAIDO: Guardian Daemon (Seguridad Suprema)
[2026-05-27 18:25:22] [RESTART] Guardian Daemon (Seguridad Suprema) reiniciado
[2026-05-27 18:25:22] [WATCHDOG_ALERT] [ENJAMBRE: WATCHDOG] [WATCHDOG 18:25:22] ALERTA: Guardian Daemon (Seguridad Suprema) ha caido. Estado: reiniciado.
[2026-05-27 18:25:22] [WATCHDOG_ALERT] Encolado pasivamente en pending_messages.json
[2026-05-27 18:25:22] [N8N DOCKER] Contenedor caído. Intentando iniciar...
[2026-05-27 18:25:27] [QDRANT] Caido. Intentando reiniciar...
[2026-05-27 18:25:30] [QDRANT] Reiniciado con exito
[2026-05-27 18:25:30] [WATCHDOG_ALERT] [ENJAMBRE: WATCHDOG] Qdrant ha sido levantado automáticamente (incluyendo inicio de Docker Desktop). Memoria vectorial online.
[2026-05-27 18:30:01] Estado: 8 vivos, 0 caidos
[2026-05-27 18:35:02] Estado: 8 vivos, 0 caidos
[2026-05-27 18:37:14] ==================================================
[2026-05-27 18:37:14] PROCESS WATCHDOG v2 — CENTINELA INICIADO
[2026-05-27 18:37:14] Vigilando 8 procesos cada 30s
[2026-05-27 18:37:14] Python: C:\Users\fnora\AppData\Local\Programs\Python\Python311\python.exe
[2026-05-27 18:37:14] ==================================================
[2026-05-27 18:37:14] CAIDO: Unified Channel Daemon (Telegram+Discord+Web)
[2026-05-27 18:37:14] [RESTART] Unified Channel Daemon (Telegram+Discord+Web) reiniciado
[2026-05-27 18:37:14] [WATCHDOG_ALERT] [ENJAMBRE: WATCHDOG] [WATCHDOG 18:37:14] ALERTA: Unified Channel Daemon (Telegram+Discord+Web) ha caido. Estado: reiniciado.
[2026-05-27 18:37:14] [WATCHDOG_ALERT] Encolado pasivamente en pending_messages.json
[2026-05-27 18:37:14] CAIDO: Web Monitor
[2026-05-27 18:37:14] [RESTART] Web Monitor reiniciado
[2026-05-27 18:37:14] [WATCHDOG_ALERT] [ENJAMBRE: WATCHDOG] [WATCHDOG 18:37:14] ALERTA: Web Monitor ha caido. Estado: reiniciado.
[2026-05-27 18:37:14] [WATCHDOG_ALERT] Encolado pasivamente en pending_messages.json
[2026-05-27 18:37:14] CAIDO: Swarm Mesh Listener
[2026-05-27 18:37:14] [RESTART] Swarm Mesh Listener reiniciado
[2026-05-27 18:37:14] [WATCHDOG_ALERT] [ENJAMBRE: WATCHDOG] [WATCHDOG 18:37:14] ALERTA: Swarm Mesh Listener ha caido. Estado: reiniciado.
[2026-05-27 18:37:14] [WATCHDOG_ALERT] Encolado pasivamente en pending_messages.json
[2026-05-27 18:37:14] CAIDO: Charm Panel (Web UI :7860)
[2026-05-27 18:37:14] [RESTART] Charm Panel (Web UI :7860) reiniciado
[2026-05-27 18:37:14] [WATCHDOG_ALERT] [ENJAMBRE: WATCHDOG] [WATCHDOG 18:37:14] ALERTA: Charm Panel (Web UI :7860) ha caido. Estado: reiniciado.
[2026-05-27 18:37:14] [WATCHDOG_ALERT] Encolado pasivamente en pending_messages.json
[2026-05-27 18:37:14] CAIDO: Swarm AI Watchdog (Pool de IAs)
[2026-05-27 18:37:14] [RESTART] Swarm AI Watchdog (Pool de IAs) reiniciado
[2026-05-27 18:37:14] [WATCHDOG_ALERT] [ENJAMBRE: WATCHDOG] [WATCHDOG 18:37:14] ALERTA: Swarm AI Watchdog (Pool de IAs) ha caido. Estado: reiniciado.
[2026-05-27 18:37:14] [WATCHDOG_ALERT] Encolado pasivamente en pending_messages.json
[2026-05-27 18:37:14] CAIDO: Charm Edu P2P Daemon
[2026-05-27 18:37:14] [RESTART] Charm Edu P2P Daemon reiniciado
[2026-05-27 18:37:14] [WATCHDOG_ALERT] [ENJAMBRE: WATCHDOG] [WATCHDOG 18:37:14] ALERTA: Charm Edu P2P Daemon ha caido. Estado: reiniciado.
[2026-05-27 18:37:14] [WATCHDOG_ALERT] Encolado pasivamente en pending_messages.json
[2026-05-27 18:37:15] IDE Antigravity NO detectado. Reiniciando...
[2026-05-27 18:37:15] [RESTART] Antigravity reiniciado: C:\Users\fnora\AppData\Local\Programs\Antigravity\Antigravity.exe
[2026-05-27 18:37:20] ==================================================
[2026-05-27 18:37:20] PROCESS WATCHDOG v2 — CENTINELA INICIADO
[2026-05-27 18:37:20] Vigilando 8 procesos cada 30s
[2026-05-27 18:37:20] Python: C:\Users\fnora\AppData\Local\Programs\Python\Python311\python.exe
[2026-05-27 18:37:20] ==================================================
[2026-05-27 18:37:21] CAIDO: Web Monitor
[2026-05-27 18:37:21] [RESTART] Web Monitor reiniciado
[2026-05-27 18:37:21] [WATCHDOG_ALERT] [ENJAMBRE: WATCHDOG] [WATCHDOG 18:37:21] ALERTA: Web Monitor ha caido. Estado: reiniciado.
[2026-05-27 18:37:21] [WATCHDOG_ALERT] Encolado pasivamente en pending_messages.json
[2026-05-27 18:37:21] CAIDO: Swarm Mesh Listener
[2026-05-27 18:37:21] [RESTART] Swarm Mesh Listener reiniciado
[2026-05-27 18:37:21] [WATCHDOG_ALERT] [ENJAMBRE: WATCHDOG] [WATCHDOG 18:37:21] ALERTA: Swarm Mesh Listener ha caido. Estado: reiniciado.
[2026-05-27 18:37:21] [WATCHDOG_ALERT] Encolado pasivamente en pending_messages.json
[2026-05-27 18:37:21] CAIDO: Charm Panel (Web UI :7860)
[2026-05-27 18:37:21] [RESTART] Charm Panel (Web UI :7860) reiniciado
[2026-05-27 18:37:21] [WATCHDOG_ALERT] [ENJAMBRE: WATCHDOG] [WATCHDOG 18:37:21] ALERTA: Charm Panel (Web UI :7860) ha caido. Estado: reiniciado.
[2026-05-27 18:37:21] [WATCHDOG_ALERT] Encolado pasivamente en pending_messages.json
[2026-05-27 18:37:21] CAIDO: Swarm AI Watchdog (Pool de IAs)
[2026-05-27 18:37:21] [RESTART] Swarm AI Watchdog (Pool de IAs) reiniciado
[2026-05-27 18:37:21] [WATCHDOG_ALERT] [ENJAMBRE: WATCHDOG] [WATCHDOG 18:37:21] ALERTA: Swarm AI Watchdog (Pool de IAs) ha caido. Estado: reiniciado.
[2026-05-27 18:37:21] [WATCHDOG_ALERT] Encolado pasivamente en pending_messages.json
[2026-05-27 18:37:21] CAIDO: Charm Edu P2P Daemon
[2026-05-27 18:37:21] [RESTART] Charm Edu P2P Daemon reiniciado
[2026-05-27 18:37:21] [WATCHDOG_ALERT] [ENJAMBRE: WATCHDOG] [WATCHDOG 18:37:21] ALERTA: Charm Edu P2P Daemon ha caido. Estado: reiniciado.
[2026-05-27 18:37:21] [WATCHDOG_ALERT] Encolado pasivamente en pending_messages.json
[2026-05-27 18:37:21] CAIDO: N8N Bridge Daemon (Docker Proxy)
[2026-05-27 18:37:21] [RESTART] N8N Bridge Daemon (Docker Proxy) reiniciado
[2026-05-27 18:37:21] [WATCHDOG_ALERT] [ENJAMBRE: WATCHDOG] [WATCHDOG 18:37:21] ALERTA: N8N Bridge Daemon (Docker Proxy) ha caido. Estado: reiniciado.
[2026-05-27 18:37:21] [WATCHDOG_ALERT] Encolado pasivamente en pending_messages.json
[2026-05-27 18:37:21] CAIDO: Guardian Daemon (Seguridad Suprema)
[2026-05-27 18:37:21] [RESTART] Guardian Daemon (Seguridad Suprema) reiniciado
[2026-05-27 18:37:21] [WATCHDOG_ALERT] [ENJAMBRE: WATCHDOG] [WATCHDOG 18:37:21] ALERTA: Guardian Daemon (Seguridad Suprema) ha caido. Estado: reiniciado.
[2026-05-27 18:37:21] [WATCHDOG_ALERT] Encolado pasivamente en pending_messages.json
[2026-05-27 18:37:21] [N8N DOCKER] Contenedor caído. Intentando iniciar...
[2026-05-27 18:37:25] [QDRANT] Caido. Intentando reiniciar...
[2026-05-27 18:37:28] [QDRANT] Reiniciado con exito
[2026-05-27 18:37:28] [WATCHDOG_ALERT] [ENJAMBRE: WATCHDOG] Qdrant ha sido levantado automáticamente (incluyendo inicio de Docker Desktop). Memoria vectorial online.
[2026-05-27 18:42:00] Estado: 8 vivos, 0 caidos
[2026-05-27 18:54:05] ==================================================
[2026-05-27 18:54:05] PROCESS WATCHDOG v2 — CENTINELA INICIADO
[2026-05-27 18:54:05] Vigilando 8 procesos cada 30s
[2026-05-27 18:54:05] Python: C:\Users\fnora\AppData\Local\Programs\Python\Python311\python.exe
[2026-05-27 18:54:05] ==================================================
[2026-05-27 18:54:05] CAIDO: Unified Channel Daemon (Telegram+Discord+Web)
[2026-05-27 18:54:05] [RESTART] Unified Channel Daemon (Telegram+Discord+Web) reiniciado
[2026-05-27 18:54:05] [WATCHDOG_ALERT] [ENJAMBRE: WATCHDOG] [WATCHDOG 18:54:05] ALERTA: Unified Channel Daemon (Telegram+Discord+Web) ha caido. Estado: reiniciado.
[2026-05-27 18:54:05] [WATCHDOG_ALERT] Encolado pasivamente en pending_messages.json
[2026-05-27 18:54:05] CAIDO: Web Monitor
[2026-05-27 18:54:05] [RESTART] Web Monitor reiniciado
[2026-05-27 18:54:05] [WATCHDOG_ALERT] [ENJAMBRE: WATCHDOG] [WATCHDOG 18:54:05] ALERTA: Web Monitor ha caido. Estado: reiniciado.
[2026-05-27 18:54:05] [WATCHDOG_ALERT] Encolado pasivamente en pending_messages.json
[2026-05-27 18:54:05] CAIDO: Swarm Mesh Listener
[2026-05-27 18:54:05] [RESTART] Swarm Mesh Listener reiniciado
[2026-05-27 18:54:05] [WATCHDOG_ALERT] [ENJAMBRE: WATCHDOG] [WATCHDOG 18:54:05] ALERTA: Swarm Mesh Listener ha caido. Estado: reiniciado.
[2026-05-27 18:54:05] [WATCHDOG_ALERT] Encolado pasivamente en pending_messages.json
[2026-05-27 18:54:05] CAIDO: Charm Panel (Web UI :7860)
[2026-05-27 18:54:05] [RESTART] Charm Panel (Web UI :7860) reiniciado
[2026-05-27 18:54:05] [WATCHDOG_ALERT] [ENJAMBRE: WATCHDOG] [WATCHDOG 18:54:05] ALERTA: Charm Panel (Web UI :7860) ha caido. Estado: reiniciado.
[2026-05-27 18:54:05] [WATCHDOG_ALERT] Encolado pasivamente en pending_messages.json
[2026-05-27 18:54:05] CAIDO: Swarm AI Watchdog (Pool de IAs)
[2026-05-27 18:54:05] [RESTART] Swarm AI Watchdog (Pool de IAs) reiniciado
[2026-05-27 18:54:05] [WATCHDOG_ALERT] [ENJAMBRE: WATCHDOG] [WATCHDOG 18:54:05] ALERTA: Swarm AI Watchdog (Pool de IAs) ha caido. Estado: reiniciado.
[2026-05-27 18:54:05] [WATCHDOG_ALERT] Encolado pasivamente en pending_messages.json
[2026-05-27 18:54:05] CAIDO: Charm Edu P2P Daemon
[2026-05-27 18:54:05] [RESTART] Charm Edu P2P Daemon reiniciado
[2026-05-27 18:54:05] [WATCHDOG_ALERT] [ENJAMBRE: WATCHDOG] [WATCHDOG 18:54:05] ALERTA: Charm Edu P2P Daemon ha caido. Estado: reiniciado.
[2026-05-27 18:54:05] [WATCHDOG_ALERT] Encolado pasivamente en pending_messages.json
[2026-05-27 18:54:06] IDE Antigravity NO detectado. Reiniciando...
[2026-05-27 18:54:06] [RESTART] Antigravity reiniciado: C:\Users\fnora\AppData\Local\Programs\Antigravity\Antigravity.exe
[2026-05-27 18:54:14] [RESTART] boot_injection.py ejecutado
[2026-05-27 18:58:46] Estado: 8 vivos, 0 caidos
[2026-05-27 19:03:48] Estado: 8 vivos, 0 caidos
[2026-05-27 19:08:50] Estado: 8 vivos, 0 caidos
[2026-05-27 22:04:39] ==================================================
[2026-05-27 22:04:39] PROCESS WATCHDOG v2 — CENTINELA INICIADO
[2026-05-27 22:04:39] Vigilando 8 procesos cada 30s
[2026-05-27 22:04:39] Python: C:\Users\fnora\AppData\Local\Programs\Python\Python311\python.exe
[2026-05-27 22:04:39] ==================================================
[2026-05-27 22:04:39] CAIDO: Web Monitor
[2026-05-27 22:04:39] [RESTART] Web Monitor reiniciado
[2026-05-27 22:04:39] [WATCHDOG_ALERT] [ENJAMBRE: WATCHDOG] [WATCHDOG 22:04:39] ALERTA: Web Monitor ha caido. Estado: reiniciado.
[2026-05-27 22:04:39] [WATCHDOG_ALERT] Encolado pasivamente en pending_messages.json
[2026-05-27 22:04:39] CAIDO: Swarm Mesh Listener
[2026-05-27 22:04:39] [RESTART] Swarm Mesh Listener reiniciado
[2026-05-27 22:04:39] [WATCHDOG_ALERT] [ENJAMBRE: WATCHDOG] [WATCHDOG 22:04:39] ALERTA: Swarm Mesh Listener ha caido. Estado: reiniciado.
[2026-05-27 22:04:39] [WATCHDOG_ALERT] Encolado pasivamente en pending_messages.json
[2026-05-27 22:04:39] CAIDO: Charm Panel (Web UI :7860)
[2026-05-27 22:04:39] [RESTART] Charm Panel (Web UI :7860) reiniciado
[2026-05-27 22:04:39] [WATCHDOG_ALERT] [ENJAMBRE: WATCHDOG] [WATCHDOG 22:04:39] ALERTA: Charm Panel (Web UI :7860) ha caido. Estado: reiniciado.
[2026-05-27 22:04:39] [WATCHDOG_ALERT] Encolado pasivamente en pending_messages.json
[2026-05-27 22:04:39] CAIDO: Swarm AI Watchdog (Pool de IAs)
[2026-05-27 22:04:39] [RESTART] Swarm AI Watchdog (Pool de IAs) reiniciado
[2026-05-27 22:04:39] [WATCHDOG_ALERT] [ENJAMBRE: WATCHDOG] [WATCHDOG 22:04:39] ALERTA: Swarm AI Watchdog (Pool de IAs) ha caido. Estado: reiniciado.
[2026-05-27 22:04:39] [WATCHDOG_ALERT] Encolado pasivamente en pending_messages.json
[2026-05-27 22:04:39] CAIDO: Charm Edu P2P Daemon
[2026-05-27 22:04:39] [RESTART] Charm Edu P2P Daemon reiniciado
[2026-05-27 22:04:39] [WATCHDOG_ALERT] [ENJAMBRE: WATCHDOG] [WATCHDOG 22:04:39] ALERTA: Charm Edu P2P Daemon ha caido. Estado: reiniciado.
[2026-05-27 22:04:39] [WATCHDOG_ALERT] Encolado pasivamente en pending_messages.json
[2026-05-27 22:04:40] [N8N DOCKER] Contenedor caído. Intentando iniciar...
[2026-05-27 22:04:45] [QDRANT] Caido. Intentando reiniciar...
[2026-05-27 22:04:49] [QDRANT] Reiniciado con exito
[2026-05-27 22:04:49] [WATCHDOG_ALERT] [ENJAMBRE: WATCHDOG] Qdrant ha sido levantado automáticamente (incluyendo inicio de Docker Desktop). Memoria vectorial online.
[2026-05-27 22:09:21] Estado: 8 vivos, 0 caidos
[2026-05-27 22:14:25] Estado: 8 vivos, 0 caidos
[2026-05-27 22:19:28] Estado: 8 vivos, 0 caidos
[2026-05-27 22:24:32] Estado: 8 vivos, 0 caidos
[2026-05-27 22:29:35] Estado: 8 vivos, 0 caidos
[2026-05-27 22:34:39] Estado: 8 vivos, 0 caidos
[2026-05-27 22:39:42] Estado: 8 vivos, 0 caidos
[2026-05-27 22:44:45] Estado: 8 vivos, 0 caidos
[2026-05-27 22:49:49] Estado: 8 vivos, 0 caidos
[2026-05-27 22:54:52] Estado: 8 vivos, 0 caidos
[2026-05-27 22:59:56] Estado: 8 vivos, 0 caidos
[2026-05-27 23:04:59] Estado: 8 vivos, 0 caidos
[2026-05-27 23:10:03] Estado: 8 vivos, 0 caidos
[2026-05-27 23:15:06] Estado: 8 vivos, 0 caidos
[2026-05-27 23:20:10] Estado: 8 vivos, 0 caidos
[2026-05-27 23:25:13] Estado: 8 vivos, 0 caidos
[2026-05-27 23:30:17] Estado: 8 vivos, 0 caidos
[2026-05-27 23:35:20] Estado: 8 vivos, 0 caidos
[2026-05-27 23:40:23] Estado: 8 vivos, 0 caidos
[2026-05-27 23:45:27] Estado: 8 vivos, 0 caidos
[2026-05-27 23:50:30] Estado: 8 vivos, 0 caidos
[2026-05-27 23:55:34] Estado: 8 vivos, 0 caidos
[2026-05-28 00:00:37] Estado: 8 vivos, 0 caidos
[2026-05-28 00:05:41] Estado: 8 vivos, 0 caidos
[2026-05-28 00:10:44] Estado: 8 vivos, 0 caidos
[2026-05-28 00:15:48] Estado: 8 vivos, 0 caidos
[2026-05-28 00:20:51] Estado: 8 vivos, 0 caidos
[2026-05-28 00:25:55] Estado: 8 vivos, 0 caidos
[2026-05-28 00:30:58] Estado: 8 vivos, 0 caidos
[2026-05-28 00:36:02] Estado: 8 vivos, 0 caidos
[2026-05-28 00:41:05] Estado: 8 vivos, 0 caidos
[2026-05-28 00:46:09] Estado: 8 vivos, 0 caidos
[2026-05-28 00:51:12] Estado: 8 vivos, 0 caidos
[2026-05-28 00:56:16] Estado: 8 vivos, 0 caidos
[2026-05-28 01:01:19] Estado: 8 vivos, 0 caidos
[2026-05-28 01:06:23] Estado: 8 vivos, 0 caidos
[2026-05-28 01:11:26] Estado: 8 vivos, 0 caidos
[2026-05-28 01:16:30] Estado: 8 vivos, 0 caidos
[2026-05-28 01:21:33] Estado: 8 vivos, 0 caidos
[2026-05-28 01:26:36] Estado: 8 vivos, 0 caidos
[2026-05-28 01:31:40] Estado: 8 vivos, 0 caidos
[2026-05-28 01:36:43] Estado: 8 vivos, 0 caidos
[2026-05-28 01:41:47] Estado: 8 vivos, 0 caidos
[2026-05-28 01:46:50] Estado: 8 vivos, 0 caidos
[2026-05-28 01:51:54] Estado: 8 vivos, 0 caidos
[2026-05-28 01:56:57] Estado: 8 vivos, 0 caidos
[2026-05-28 02:02:01] Estado: 8 vivos, 0 caidos
[2026-05-28 02:07:05] Estado: 8 vivos, 0 caidos
[2026-05-28 02:12:08] Estado: 8 vivos, 0 caidos
[2026-05-28 02:17:12] Estado: 8 vivos, 0 caidos
[2026-05-28 02:22:15] Estado: 8 vivos, 0 caidos
[2026-05-28 02:27:19] Estado: 8 vivos, 0 caidos
[2026-05-28 02:32:22] Estado: 8 vivos, 0 caidos
[2026-05-28 02:37:26] Estado: 8 vivos, 0 caidos
[2026-05-28 02:42:30] Estado: 8 vivos, 0 caidos
[2026-05-28 02:47:33] Estado: 8 vivos, 0 caidos
[2026-05-28 02:52:37] Estado: 8 vivos, 0 caidos
[2026-05-28 02:57:40] Estado: 8 vivos, 0 caidos
[2026-05-28 03:02:44] Estado: 8 vivos, 0 caidos
[2026-05-28 03:07:48] Estado: 8 vivos, 0 caidos
[2026-05-28 03:12:51] Estado: 8 vivos, 0 caidos
[2026-05-28 03:17:55] Estado: 8 vivos, 0 caidos
[2026-05-28 03:22:58] Estado: 8 vivos, 0 caidos
[2026-05-28 03:28:02] Estado: 8 vivos, 0 caidos
[2026-05-28 03:33:05] Estado: 8 vivos, 0 caidos
[2026-05-28 03:38:09] Estado: 8 vivos, 0 caidos
[2026-05-28 03:43:12] Estado: 8 vivos, 0 caidos
[2026-05-28 03:48:16] Estado: 8 vivos, 0 caidos
[2026-05-28 03:53:20] Estado: 8 vivos, 0 caidos
[2026-05-28 03:58:23] Estado: 8 vivos, 0 caidos
[2026-05-28 04:03:27] Estado: 8 vivos, 0 caidos
[2026-05-28 04:08:30] Estado: 8 vivos, 0 caidos
[2026-05-28 04:13:34] Estado: 8 vivos, 0 caidos
[2026-05-28 04:18:37] Estado: 8 vivos, 0 caidos
[2026-05-28 04:23:41] Estado: 8 vivos, 0 caidos
[2026-05-28 04:28:45] Estado: 8 vivos, 0 caidos
[2026-05-28 04:33:48] Estado: 8 vivos, 0 caidos
[2026-05-28 04:38:52] Estado: 8 vivos, 0 caidos
[2026-05-28 04:43:55] Estado: 8 vivos, 0 caidos
[2026-05-28 04:48:59] Estado: 8 vivos, 0 caidos
[2026-05-28 04:54:03] Estado: 8 vivos, 0 caidos
[2026-05-28 04:59:06] Estado: 8 vivos, 0 caidos
[2026-05-28 05:04:10] Estado: 8 vivos, 0 caidos
[2026-05-28 05:09:13] Estado: 8 vivos, 0 caidos
[2026-05-28 05:14:17] Estado: 8 vivos, 0 caidos
[2026-05-28 05:19:20] Estado: 8 vivos, 0 caidos
[2026-05-28 05:24:24] Estado: 8 vivos, 0 caidos
[2026-05-28 05:29:28] Estado: 8 vivos, 0 caidos
[2026-05-28 05:34:31] Estado: 8 vivos, 0 caidos
[2026-05-28 05:39:35] Estado: 8 vivos, 0 caidos
[2026-05-28 05:44:38] Estado: 8 vivos, 0 caidos
[2026-05-28 05:49:42] Estado: 8 vivos, 0 caidos
[2026-05-28 05:54:45] Estado: 8 vivos, 0 caidos
[2026-05-28 05:59:49] Estado: 8 vivos, 0 caidos
[2026-05-28 06:04:53] Estado: 8 vivos, 0 caidos
[2026-05-28 06:09:56] Estado: 8 vivos, 0 caidos
[2026-05-28 06:15:00] Estado: 8 vivos, 0 caidos
[2026-05-28 06:20:04] Estado: 8 vivos, 0 caidos
[2026-05-28 06:25:07] Estado: 8 vivos, 0 caidos
[2026-05-28 06:30:11] Estado: 8 vivos, 0 caidos
[2026-05-28 06:35:15] Estado: 8 vivos, 0 caidos
[2026-05-28 06:40:19] Estado: 8 vivos, 0 caidos
[2026-05-28 06:45:22] Estado: 8 vivos, 0 caidos
[2026-05-28 06:50:26] Estado: 8 vivos, 0 caidos
[2026-05-28 06:55:29] Estado: 8 vivos, 0 caidos
[2026-05-28 07:00:33] Estado: 8 vivos, 0 caidos
[2026-05-28 07:05:37] Estado: 8 vivos, 0 caidos
[2026-05-28 07:10:41] Estado: 8 vivos, 0 caidos
[2026-05-28 07:15:44] Estado: 8 vivos, 0 caidos
[2026-05-28 07:20:48] Estado: 8 vivos, 0 caidos
[2026-05-28 07:25:52] Estado: 8 vivos, 0 caidos
[2026-05-28 07:30:55] Estado: 8 vivos, 0 caidos
[2026-05-28 07:31:35] ==================================================
[2026-05-28 07:31:35] PROCESS WATCHDOG v2 — CENTINELA INICIADO
[2026-05-28 07:31:35] Vigilando 8 procesos cada 30s
[2026-05-28 07:31:35] Python: C:\Users\fnora\AppData\Local\Programs\Python\Python311\python.exe
[2026-05-28 07:31:35] ==================================================
[2026-05-28 07:31:35] CAIDO: Web Monitor
[2026-05-28 07:31:35] [RESTART] Web Monitor reiniciado
[2026-05-28 07:31:35] [WATCHDOG_ALERT] [ENJAMBRE: WATCHDOG] [WATCHDOG 07:31:35] ALERTA: Web Monitor ha caido. Estado: reiniciado.
[2026-05-28 07:31:35] [WATCHDOG_ALERT] Encolado pasivamente en pending_messages.json
[2026-05-28 07:31:35] CAIDO: Swarm Mesh Listener
[2026-05-28 07:31:35] [RESTART] Swarm Mesh Listener reiniciado
[2026-05-28 07:31:35] [WATCHDOG_ALERT] [ENJAMBRE: WATCHDOG] [WATCHDOG 07:31:35] ALERTA: Swarm Mesh Listener ha caido. Estado: reiniciado.
[2026-05-28 07:31:35] [WATCHDOG_ALERT] Encolado pasivamente en pending_messages.json
[2026-05-28 07:31:35] CAIDO: Charm Panel (Web UI :7860)
[2026-05-28 07:31:35] [RESTART] Charm Panel (Web UI :7860) reiniciado
[2026-05-28 07:31:35] [WATCHDOG_ALERT] [ENJAMBRE: WATCHDOG] [WATCHDOG 07:31:35] ALERTA: Charm Panel (Web UI :7860) ha caido. Estado: reiniciado.
[2026-05-28 07:31:35] [WATCHDOG_ALERT] Encolado pasivamente en pending_messages.json
[2026-05-28 07:31:35] CAIDO: Swarm AI Watchdog (Pool de IAs)
[2026-05-28 07:31:35] [RESTART] Swarm AI Watchdog (Pool de IAs) reiniciado
[2026-05-28 07:31:35] [WATCHDOG_ALERT] [ENJAMBRE: WATCHDOG] [WATCHDOG 07:31:35] ALERTA: Swarm AI Watchdog (Pool de IAs) ha caido. Estado: reiniciado.
[2026-05-28 07:31:35] [WATCHDOG_ALERT] Encolado pasivamente en pending_messages.json
[2026-05-28 07:31:35] CAIDO: Charm Edu P2P Daemon
[2026-05-28 07:31:35] [RESTART] Charm Edu P2P Daemon reiniciado
[2026-05-28 07:31:35] [WATCHDOG_ALERT] [ENJAMBRE: WATCHDOG] [WATCHDOG 07:31:35] ALERTA: Charm Edu P2P Daemon ha caido. Estado: reiniciado.
[2026-05-28 07:31:35] [WATCHDOG_ALERT] Encolado pasivamente en pending_messages.json
[2026-05-28 07:31:35] CAIDO: N8N Bridge Daemon (Docker Proxy)
[2026-05-28 07:31:35] [RESTART] N8N Bridge Daemon (Docker Proxy) reiniciado
[2026-05-28 07:31:35] [WATCHDOG_ALERT] [ENJAMBRE: WATCHDOG] [WATCHDOG 07:31:35] ALERTA: N8N Bridge Daemon (Docker Proxy) ha caido. Estado: reiniciado.
[2026-05-28 07:31:35] [WATCHDOG_ALERT] Encolado pasivamente en pending_messages.json
[2026-05-28 07:31:35] CAIDO: Guardian Daemon (Seguridad Suprema)
[2026-05-28 07:31:35] [RESTART] Guardian Daemon (Seguridad Suprema) reiniciado
[2026-05-28 07:31:35] [WATCHDOG_ALERT] [ENJAMBRE: WATCHDOG] [WATCHDOG 07:31:35] ALERTA: Guardian Daemon (Seguridad Suprema) ha caido. Estado: reiniciado.
[2026-05-28 07:31:35] [WATCHDOG_ALERT] Encolado pasivamente en pending_messages.json
[2026-05-28 07:31:35] [N8N DOCKER] Contenedor caído. Intentando iniciar...
[2026-05-28 07:31:39] [QDRANT] Caido. Intentando reiniciar...
[2026-05-28 07:31:43] [QDRANT] Reiniciado con exito
[2026-05-28 07:31:43] [WATCHDOG_ALERT] [ENJAMBRE: WATCHDOG] Qdrant ha sido levantado automáticamente (incluyendo inicio de Docker Desktop). Memoria vectorial online.
[2026-05-28 07:32:21] ==================================================
[2026-05-28 07:32:21] PROCESS WATCHDOG v2 — CENTINELA INICIADO
[2026-05-28 07:32:21] Vigilando 8 procesos cada 30s
[2026-05-28 07:32:21] Python: C:\Users\fnora\AppData\Local\Programs\Python\Python311\python.exe
[2026-05-28 07:32:21] ==================================================
[2026-05-28 07:32:21] CAIDO: Web Monitor
[2026-05-28 07:32:22] [RESTART] Web Monitor reiniciado
[2026-05-28 07:32:22] [WATCHDOG_ALERT] [ENJAMBRE: WATCHDOG] [WATCHDOG 07:32:22] ALERTA: Web Monitor ha caido. Estado: reiniciado.
[2026-05-28 07:32:22] [WATCHDOG_ALERT] Encolado pasivamente en pending_messages.json
[2026-05-28 07:32:22] CAIDO: Swarm Mesh Listener
[2026-05-28 07:32:22] [RESTART] Swarm Mesh Listener reiniciado
[2026-05-28 07:32:22] [WATCHDOG_ALERT] [ENJAMBRE: WATCHDOG] [WATCHDOG 07:32:22] ALERTA: Swarm Mesh Listener ha caido. Estado: reiniciado.
[2026-05-28 07:32:22] [WATCHDOG_ALERT] Encolado pasivamente en pending_messages.json
[2026-05-28 07:32:22] CAIDO: Charm Panel (Web UI :7860)
[2026-05-28 07:32:22] [RESTART] Charm Panel (Web UI :7860) reiniciado
[2026-05-28 07:32:22] [WATCHDOG_ALERT] [ENJAMBRE: WATCHDOG] [WATCHDOG 07:32:22] ALERTA: Charm Panel (Web UI :7860) ha caido. Estado: reiniciado.
[2026-05-28 07:32:22] [WATCHDOG_ALERT] Encolado pasivamente en pending_messages.json
[2026-05-28 07:32:22] CAIDO: Swarm AI Watchdog (Pool de IAs)
[2026-05-28 07:32:22] [RESTART] Swarm AI Watchdog (Pool de IAs) reiniciado
[2026-05-28 07:32:22] [WATCHDOG_ALERT] [ENJAMBRE: WATCHDOG] [WATCHDOG 07:32:22] ALERTA: Swarm AI Watchdog (Pool de IAs) ha caido. Estado: reiniciado.
[2026-05-28 07:32:22] [WATCHDOG_ALERT] Encolado pasivamente en pending_messages.json
[2026-05-28 07:32:22] CAIDO: Charm Edu P2P Daemon
[2026-05-28 07:32:22] [RESTART] Charm Edu P2P Daemon reiniciado
[2026-05-28 07:32:22] [WATCHDOG_ALERT] [ENJAMBRE: WATCHDOG] [WATCHDOG 07:32:22] ALERTA: Charm Edu P2P Daemon ha caido. Estado: reiniciado.
[2026-05-28 07:32:22] [WATCHDOG_ALERT] Encolado pasivamente en pending_messages.json
[2026-05-28 07:32:22] [N8N DOCKER] Contenedor caído. Intentando iniciar...
[2026-05-28 07:32:27] [QDRANT] Caido. Intentando reiniciar...
[2026-05-28 07:32:31] [QDRANT] Reiniciado con exito
[2026-05-28 07:32:31] [WATCHDOG_ALERT] [ENJAMBRE: WATCHDOG] Qdrant ha sido levantado automáticamente (incluyendo inicio de Docker Desktop). Memoria vectorial online.
[2026-05-28 07:37:04] Estado: 8 vivos, 0 caidos
[2026-05-28 07:42:08] Estado: 8 vivos, 0 caidos
[2026-05-28 07:47:11] Estado: 8 vivos, 0 caidos
[2026-05-28 07:49:27] ==================================================
[2026-05-28 07:49:27] PROCESS WATCHDOG v2 — CENTINELA INICIADO
[2026-05-28 07:49:27] Vigilando 8 procesos cada 30s
[2026-05-28 07:49:27] Python: C:\Users\fnora\AppData\Local\Programs\Python\Python311\python.exe
[2026-05-28 07:49:27] ==================================================
[2026-05-28 07:49:27] CAIDO: Web Monitor
[2026-05-28 07:49:27] [RESTART] Web Monitor reiniciado
[2026-05-28 07:49:27] [WATCHDOG_ALERT] [ENJAMBRE: WATCHDOG] [WATCHDOG 07:49:27] ALERTA: Web Monitor ha caido. Estado: reiniciado.
[2026-05-28 07:49:27] [WATCHDOG_ALERT] Encolado pasivamente en pending_messages.json
[2026-05-28 07:49:27] CAIDO: Swarm Mesh Listener
[2026-05-28 07:49:27] [RESTART] Swarm Mesh Listener reiniciado
[2026-05-28 07:49:27] [WATCHDOG_ALERT] [ENJAMBRE: WATCHDOG] [WATCHDOG 07:49:27] ALERTA: Swarm Mesh Listener ha caido. Estado: reiniciado.
[2026-05-28 07:49:27] [WATCHDOG_ALERT] Encolado pasivamente en pending_messages.json
[2026-05-28 07:49:27] CAIDO: Charm Panel (Web UI :7860)
[2026-05-28 07:49:27] [RESTART] Charm Panel (Web UI :7860) reiniciado
[2026-05-28 07:49:27] [WATCHDOG_ALERT] [ENJAMBRE: WATCHDOG] [WATCHDOG 07:49:27] ALERTA: Charm Panel (Web UI :7860) ha caido. Estado: reiniciado.
[2026-05-28 07:49:27] [WATCHDOG_ALERT] Encolado pasivamente en pending_messages.json
[2026-05-28 07:49:27] CAIDO: Swarm AI Watchdog (Pool de IAs)
[2026-05-28 07:49:27] [RESTART] Swarm AI Watchdog (Pool de IAs) reiniciado
[2026-05-28 07:49:27] [WATCHDOG_ALERT] [ENJAMBRE: WATCHDOG] [WATCHDOG 07:49:27] ALERTA: Swarm AI Watchdog (Pool de IAs) ha caido. Estado: reiniciado.
[2026-05-28 07:49:27] [WATCHDOG_ALERT] Encolado pasivamente en pending_messages.json
[2026-05-28 07:49:27] CAIDO: Charm Edu P2P Daemon
[2026-05-28 07:49:27] [RESTART] Charm Edu P2P Daemon reiniciado
[2026-05-28 07:49:27] [WATCHDOG_ALERT] [ENJAMBRE: WATCHDOG] [WATCHDOG 07:49:27] ALERTA: Charm Edu P2P Daemon ha caido. Estado: reiniciado.
[2026-05-28 07:49:27] [WATCHDOG_ALERT] Encolado pasivamente en pending_messages.json
[2026-05-28 07:49:27] CAIDO: N8N Bridge Daemon (Docker Proxy)
[2026-05-28 07:49:27] [RESTART] N8N Bridge Daemon (Docker Proxy) reiniciado
[2026-05-28 07:49:27] [WATCHDOG_ALERT] [ENJAMBRE: WATCHDOG] [WATCHDOG 07:49:27] ALERTA: N8N Bridge Daemon (Docker Proxy) ha caido. Estado: reiniciado.
[2026-05-28 07:49:27] [WATCHDOG_ALERT] Encolado pasivamente en pending_messages.json
[2026-05-28 07:49:27] CAIDO: Guardian Daemon (Seguridad Suprema)
[2026-05-28 07:49:27] [RESTART] Guardian Daemon (Seguridad Suprema) reiniciado
[2026-05-28 07:49:27] [WATCHDOG_ALERT] [ENJAMBRE: WATCHDOG] [WATCHDOG 07:49:27] ALERTA: Guardian Daemon (Seguridad Suprema) ha caido. Estado: reiniciado.
[2026-05-28 07:49:27] [WATCHDOG_ALERT] Encolado pasivamente en pending_messages.json
[2026-05-28 07:49:27] [N8N DOCKER] Contenedor caído. Intentando iniciar...
[2026-05-28 07:49:32] [QDRANT] Caido. Intentando reiniciar...
[2026-05-28 07:49:35] [QDRANT] Reiniciado con exito
[2026-05-28 07:49:35] [WATCHDOG_ALERT] [ENJAMBRE: WATCHDOG] Qdrant ha sido levantado automáticamente (incluyendo inicio de Docker Desktop). Memoria vectorial online.
[2026-05-28 07:54:06] Estado: 8 vivos, 0 caidos
[2026-05-28 08:00:55] ==================================================
[2026-05-28 08:00:55] PROCESS WATCHDOG v2 — CENTINELA INICIADO
[2026-05-28 08:00:55] Vigilando 8 procesos cada 30s
[2026-05-28 08:00:55] Python: C:\Users\fnora\AppData\Local\Programs\Python\Python311\python.exe
[2026-05-28 08:00:55] ==================================================
[2026-05-28 08:00:55] CAIDO: Web Monitor
[2026-05-28 08:00:55] [RESTART] Web Monitor reiniciado
[2026-05-28 08:00:55] [WATCHDOG_ALERT] [ENJAMBRE: WATCHDOG] [WATCHDOG 08:00:55] ALERTA: Web Monitor ha caido. Estado: reiniciado.
[2026-05-28 08:00:55] [WATCHDOG_ALERT] Encolado pasivamente en pending_messages.json
[2026-05-28 08:00:55] CAIDO: Swarm Mesh Listener
[2026-05-28 08:00:55] [RESTART] Swarm Mesh Listener reiniciado
[2026-05-28 08:00:55] [WATCHDOG_ALERT] [ENJAMBRE: WATCHDOG] [WATCHDOG 08:00:55] ALERTA: Swarm Mesh Listener ha caido. Estado: reiniciado.
[2026-05-28 08:00:55] [WATCHDOG_ALERT] Encolado pasivamente en pending_messages.json
[2026-05-28 08:00:55] CAIDO: Charm Panel (Web UI :7860)
[2026-05-28 08:00:55] [RESTART] Charm Panel (Web UI :7860) reiniciado
[2026-05-28 08:00:55] [WATCHDOG_ALERT] [ENJAMBRE: WATCHDOG] [WATCHDOG 08:00:55] ALERTA: Charm Panel (Web UI :7860) ha caido. Estado: reiniciado.
[2026-05-28 08:00:55] [WATCHDOG_ALERT] Encolado pasivamente en pending_messages.json
[2026-05-28 08:00:55] CAIDO: Swarm AI Watchdog (Pool de IAs)
[2026-05-28 08:00:55] [RESTART] Swarm AI Watchdog (Pool de IAs) reiniciado
[2026-05-28 08:00:55] [WATCHDOG_ALERT] [ENJAMBRE: WATCHDOG] [WATCHDOG 08:00:55] ALERTA: Swarm AI Watchdog (Pool de IAs) ha caido. Estado: reiniciado.
[2026-05-28 08:00:55] [WATCHDOG_ALERT] Encolado pasivamente en pending_messages.json
[2026-05-28 08:00:55] CAIDO: Charm Edu P2P Daemon
[2026-05-28 08:00:55] [RESTART] Charm Edu P2P Daemon reiniciado
[2026-05-28 08:00:55] [WATCHDOG_ALERT] [ENJAMBRE: WATCHDOG] [WATCHDOG 08:00:55] ALERTA: Charm Edu P2P Daemon ha caido. Estado: reiniciado.
[2026-05-28 08:00:55] [WATCHDOG_ALERT] Encolado pasivamente en pending_messages.json
[2026-05-28 08:00:55] CAIDO: N8N Bridge Daemon (Docker Proxy)
[2026-05-28 08:00:55] [RESTART] N8N Bridge Daemon (Docker Proxy) reiniciado
[2026-05-28 08:00:55] [WATCHDOG_ALERT] [ENJAMBRE: WATCHDOG] [WATCHDOG 08:00:55] ALERTA: N8N Bridge Daemon (Docker Proxy) ha caido. Estado: reiniciado.
[2026-05-28 08:00:55] [WATCHDOG_ALERT] Encolado pasivamente en pending_messages.json
[2026-05-28 08:00:55] CAIDO: Guardian Daemon (Seguridad Suprema)
[2026-05-28 08:00:55] [RESTART] Guardian Daemon (Seguridad Suprema) reiniciado
[2026-05-28 08:00:55] [WATCHDOG_ALERT] [ENJAMBRE: WATCHDOG] [WATCHDOG 08:00:55] ALERTA: Guardian Daemon (Seguridad Suprema) ha caido. Estado: reiniciado.
[2026-05-28 08:00:55] [WATCHDOG_ALERT] Encolado pasivamente en pending_messages.json
[2026-05-28 08:00:55] [N8N DOCKER] Contenedor caído. Intentando iniciar...
[2026-05-28 08:01:00] [QDRANT] Caido. Intentando reiniciar...
[2026-05-28 08:01:03] [QDRANT] Reiniciado con exito
[2026-05-28 08:01:03] [WATCHDOG_ALERT] [ENJAMBRE: WATCHDOG] Qdrant ha sido levantado automáticamente (incluyendo inicio de Docker Desktop). Memoria vectorial online.
[2026-05-28 08:05:34] Estado: 8 vivos, 0 caidos
[2026-05-28 08:09:35] ==================================================
[2026-05-28 08:09:35] PROCESS WATCHDOG v2 — CENTINELA INICIADO
[2026-05-28 08:09:35] Vigilando 8 procesos cada 30s
[2026-05-28 08:09:35] Python: C:\Users\fnora\AppData\Local\Programs\Python\Python311\python.exe
[2026-05-28 08:09:35] ==================================================
[2026-05-28 08:09:36] CAIDO: Web Monitor
[2026-05-28 08:09:36] [RESTART] Web Monitor reiniciado
[2026-05-28 08:09:36] [WATCHDOG_ALERT] [ENJAMBRE: WATCHDOG] [WATCHDOG 08:09:36] ALERTA: Web Monitor ha caido. Estado: reiniciado.
[2026-05-28 08:09:36] [WATCHDOG_ALERT] Encolado pasivamente en pending_messages.json
[2026-05-28 08:09:36] CAIDO: Swarm Mesh Listener
[2026-05-28 08:09:36] [RESTART] Swarm Mesh Listener reiniciado
[2026-05-28 08:09:36] [WATCHDOG_ALERT] [ENJAMBRE: WATCHDOG] [WATCHDOG 08:09:36] ALERTA: Swarm Mesh Listener ha caido. Estado: reiniciado.
[2026-05-28 08:09:36] [WATCHDOG_ALERT] Encolado pasivamente en pending_messages.json
[2026-05-28 08:09:36] CAIDO: Charm Panel (Web UI :7860)
[2026-05-28 08:09:36] [RESTART] Charm Panel (Web UI :7860) reiniciado
[2026-05-28 08:09:36] [WATCHDOG_ALERT] [ENJAMBRE: WATCHDOG] [WATCHDOG 08:09:36] ALERTA: Charm Panel (Web UI :7860) ha caido. Estado: reiniciado.
[2026-05-28 08:09:36] [WATCHDOG_ALERT] Encolado pasivamente en pending_messages.json
[2026-05-28 08:09:36] CAIDO: Swarm AI Watchdog (Pool de IAs)
[2026-05-28 08:09:36] [RESTART] Swarm AI Watchdog (Pool de IAs) reiniciado
[2026-05-28 08:09:36] [WATCHDOG_ALERT] [ENJAMBRE: WATCHDOG] [WATCHDOG 08:09:36] ALERTA: Swarm AI Watchdog (Pool de IAs) ha caido. Estado: reiniciado.
[2026-05-28 08:09:36] [WATCHDOG_ALERT] Encolado pasivamente en pending_messages.json
[2026-05-28 08:09:36] CAIDO: Charm Edu P2P Daemon
[2026-05-28 08:09:36] [RESTART] Charm Edu P2P Daemon reiniciado
[2026-05-28 08:09:36] [WATCHDOG_ALERT] [ENJAMBRE: WATCHDOG] [WATCHDOG 08:09:36] ALERTA: Charm Edu P2P Daemon ha caido. Estado: reiniciado.
[2026-05-28 08:09:36] [WATCHDOG_ALERT] Encolado pasivamente en pending_messages.json
[2026-05-28 08:09:36] CAIDO: N8N Bridge Daemon (Docker Proxy)
[2026-05-28 08:09:36] [RESTART] N8N Bridge Daemon (Docker Proxy) reiniciado
[2026-05-28 08:09:36] [WATCHDOG_ALERT] [ENJAMBRE: WATCHDOG] [WATCHDOG 08:09:36] ALERTA: N8N Bridge Daemon (Docker Proxy) ha caido. Estado: reiniciado.
[2026-05-28 08:09:36] [WATCHDOG_ALERT] Encolado pasivamente en pending_messages.json
[2026-05-28 08:09:36] CAIDO: Guardian Daemon (Seguridad Suprema)
[2026-05-28 08:09:36] [RESTART] Guardian Daemon (Seguridad Suprema) reiniciado
[2026-05-28 08:09:36] [WATCHDOG_ALERT] [ENJAMBRE: WATCHDOG] [WATCHDOG 08:09:36] ALERTA: Guardian Daemon (Seguridad Suprema) ha caido. Estado: reiniciado.
[2026-05-28 08:09:36] [WATCHDOG_ALERT] Encolado pasivamente en pending_messages.json
[2026-05-28 08:09:36] [N8N DOCKER] Contenedor caído. Intentando iniciar...
[2026-05-28 08:09:41] [QDRANT] Caido. Intentando reiniciar...
[2026-05-28 08:09:45] [QDRANT] Reiniciado con exito
[2026-05-28 08:09:45] [WATCHDOG_ALERT] [ENJAMBRE: WATCHDOG] Qdrant ha sido levantado automáticamente (incluyendo inicio de Docker Desktop). Memoria vectorial online.
[2026-05-28 08:14:18] Estado: 8 vivos, 0 caidos
[2026-05-28 08:19:21] Estado: 8 vivos, 0 caidos
[2026-05-28 08:20:23] ==================================================
[2026-05-28 08:20:23] PROCESS WATCHDOG v2 — CENTINELA INICIADO
[2026-05-28 08:20:23] Vigilando 8 procesos cada 30s
[2026-05-28 08:20:23] Python: C:\Users\fnora\AppData\Local\Programs\Python\Python311\python.exe
[2026-05-28 08:20:23] ==================================================
[2026-05-28 08:20:23] CAIDO: Web Monitor
[2026-05-28 08:20:23] [RESTART] Web Monitor reiniciado
[2026-05-28 08:20:23] [WATCHDOG_ALERT] [ENJAMBRE: WATCHDOG] [WATCHDOG 08:20:23] ALERTA: Web Monitor ha caido. Estado: reiniciado.
[2026-05-28 08:20:23] [WATCHDOG_ALERT] Encolado pasivamente en pending_messages.json
[2026-05-28 08:20:23] CAIDO: Swarm Mesh Listener
[2026-05-28 08:20:23] [RESTART] Swarm Mesh Listener reiniciado
[2026-05-28 08:20:23] [WATCHDOG_ALERT] [ENJAMBRE: WATCHDOG] [WATCHDOG 08:20:23] ALERTA: Swarm Mesh Listener ha caido. Estado: reiniciado.
[2026-05-28 08:20:23] [WATCHDOG_ALERT] Encolado pasivamente en pending_messages.json
[2026-05-28 08:20:23] CAIDO: Charm Panel (Web UI :7860)
[2026-05-28 08:20:23] [RESTART] Charm Panel (Web UI :7860) reiniciado
[2026-05-28 08:20:23] [WATCHDOG_ALERT] [ENJAMBRE: WATCHDOG] [WATCHDOG 08:20:23] ALERTA: Charm Panel (Web UI :7860) ha caido. Estado: reiniciado.
[2026-05-28 08:20:23] [WATCHDOG_ALERT] Encolado pasivamente en pending_messages.json
[2026-05-28 08:20:23] CAIDO: Swarm AI Watchdog (Pool de IAs)
[2026-05-28 08:20:23] [RESTART] Swarm AI Watchdog (Pool de IAs) reiniciado
[2026-05-28 08:20:23] [WATCHDOG_ALERT] [ENJAMBRE: WATCHDOG] [WATCHDOG 08:20:23] ALERTA: Swarm AI Watchdog (Pool de IAs) ha caido. Estado: reiniciado.
[2026-05-28 08:20:23] [WATCHDOG_ALERT] Encolado pasivamente en pending_messages.json
[2026-05-28 08:20:23] CAIDO: Charm Edu P2P Daemon
[2026-05-28 08:20:23] [RESTART] Charm Edu P2P Daemon reiniciado
[2026-05-28 08:20:23] [WATCHDOG_ALERT] [ENJAMBRE: WATCHDOG] [WATCHDOG 08:20:23] ALERTA: Charm Edu P2P Daemon ha caido. Estado: reiniciado.
[2026-05-28 08:20:23] [WATCHDOG_ALERT] Encolado pasivamente en pending_messages.json
[2026-05-28 08:20:23] CAIDO: N8N Bridge Daemon (Docker Proxy)
[2026-05-28 08:20:23] [RESTART] N8N Bridge Daemon (Docker Proxy) reiniciado
[2026-05-28 08:20:23] [WATCHDOG_ALERT] [ENJAMBRE: WATCHDOG] [WATCHDOG 08:20:23] ALERTA: N8N Bridge Daemon (Docker Proxy) ha caido. Estado: reiniciado.
[2026-05-28 08:20:23] [WATCHDOG_ALERT] Encolado pasivamente en pending_messages.json
[2026-05-28 08:20:23] CAIDO: Guardian Daemon (Seguridad Suprema)
[2026-05-28 08:20:23] [RESTART] Guardian Daemon (Seguridad Suprema) reiniciado
[2026-05-28 08:20:23] [WATCHDOG_ALERT] [ENJAMBRE: WATCHDOG] [WATCHDOG 08:20:23] ALERTA: Guardian Daemon (Seguridad Suprema) ha caido. Estado: reiniciado.
[2026-05-28 08:20:23] [WATCHDOG_ALERT] Encolado pasivamente en pending_messages.json
[2026-05-28 08:20:24] [N8N DOCKER] Contenedor caído. Intentando iniciar...
[2026-05-28 08:20:29] [QDRANT] Caido. Intentando reiniciar...
[2026-05-28 08:20:33] [QDRANT] Reiniciado con exito
[2026-05-28 08:20:33] [WATCHDOG_ALERT] [ENJAMBRE: WATCHDOG] Qdrant ha sido levantado automáticamente (incluyendo inicio de Docker Desktop). Memoria vectorial online.
[2026-05-28 08:24:57] ==================================================
[2026-05-28 08:24:57] PROCESS WATCHDOG v2 — CENTINELA INICIADO
[2026-05-28 08:24:57] Vigilando 8 procesos cada 30s
[2026-05-28 08:24:57] Python: C:\Users\fnora\AppData\Local\Programs\Python\Python311\python.exe
[2026-05-28 08:24:57] ==================================================
[2026-05-28 08:24:57] CAIDO: Unified Channel Daemon (Telegram+Discord+Web)
[2026-05-28 08:24:57] [RESTART] Unified Channel Daemon (Telegram+Discord+Web) reiniciado
[2026-05-28 08:24:57] [WATCHDOG_ALERT] [ENJAMBRE: WATCHDOG] [WATCHDOG 08:24:57] ALERTA: Unified Channel Daemon (Telegram+Discord+Web) ha caido. Estado: reiniciado.
[2026-05-28 08:24:57] [WATCHDOG_ALERT] Encolado pasivamente en pending_messages.json
[2026-05-28 08:24:57] CAIDO: Web Monitor
[2026-05-28 08:24:57] [RESTART] Web Monitor reiniciado
[2026-05-28 08:24:57] [WATCHDOG_ALERT] [ENJAMBRE: WATCHDOG] [WATCHDOG 08:24:57] ALERTA: Web Monitor ha caido. Estado: reiniciado.
[2026-05-28 08:24:57] [WATCHDOG_ALERT] Encolado pasivamente en pending_messages.json
[2026-05-28 08:24:57] CAIDO: Swarm Mesh Listener
[2026-05-28 08:24:57] [RESTART] Swarm Mesh Listener reiniciado
[2026-05-28 08:24:57] [WATCHDOG_ALERT] [ENJAMBRE: WATCHDOG] [WATCHDOG 08:24:57] ALERTA: Swarm Mesh Listener ha caido. Estado: reiniciado.
[2026-05-28 08:24:57] [WATCHDOG_ALERT] Encolado pasivamente en pending_messages.json
[2026-05-28 08:24:57] CAIDO: Charm Panel (Web UI :7860)
[2026-05-28 08:24:57] [RESTART] Charm Panel (Web UI :7860) reiniciado
[2026-05-28 08:24:57] [WATCHDOG_ALERT] [ENJAMBRE: WATCHDOG] [WATCHDOG 08:24:57] ALERTA: Charm Panel (Web UI :7860) ha caido. Estado: reiniciado.
[2026-05-28 08:24:57] [WATCHDOG_ALERT] Encolado pasivamente en pending_messages.json
[2026-05-28 08:24:57] CAIDO: Swarm AI Watchdog (Pool de IAs)
[2026-05-28 08:24:57] [RESTART] Swarm AI Watchdog (Pool de IAs) reiniciado
[2026-05-28 08:24:57] [WATCHDOG_ALERT] [ENJAMBRE: WATCHDOG] [WATCHDOG 08:24:57] ALERTA: Swarm AI Watchdog (Pool de IAs) ha caido. Estado: reiniciado.
[2026-05-28 08:24:57] [WATCHDOG_ALERT] Encolado pasivamente en pending_messages.json
[2026-05-28 08:24:57] CAIDO: Charm Edu P2P Daemon
[2026-05-28 08:24:57] [RESTART] Charm Edu P2P Daemon reiniciado
[2026-05-28 08:24:57] [WATCHDOG_ALERT] [ENJAMBRE: WATCHDOG] [WATCHDOG 08:24:57] ALERTA: Charm Edu P2P Daemon ha caido. Estado: reiniciado.
[2026-05-28 08:24:57] [WATCHDOG_ALERT] Encolado pasivamente en pending_messages.json
[2026-05-28 08:25:22] ==================================================
[2026-05-28 08:25:22] PROCESS WATCHDOG v2 — CENTINELA INICIADO
[2026-05-28 08:25:22] Vigilando 8 procesos cada 30s
[2026-05-28 08:25:22] Python: C:\Users\fnora\AppData\Local\Programs\Python\Python311\python.exe
[2026-05-28 08:25:22] ==================================================
[2026-05-28 08:25:23] CAIDO: Web Monitor
[2026-05-28 08:25:23] [RESTART] Web Monitor reiniciado
[2026-05-28 08:25:23] [WATCHDOG_ALERT] [ENJAMBRE: WATCHDOG] [WATCHDOG 08:25:23] ALERTA: Web Monitor ha caido. Estado: reiniciado.
[2026-05-28 08:25:23] [WATCHDOG_ALERT] Encolado pasivamente en pending_messages.json
[2026-05-28 08:25:23] CAIDO: Swarm Mesh Listener
[2026-05-28 08:25:23] [RESTART] Swarm Mesh Listener reiniciado
[2026-05-28 08:25:23] [WATCHDOG_ALERT] [ENJAMBRE: WATCHDOG] [WATCHDOG 08:25:23] ALERTA: Swarm Mesh Listener ha caido. Estado: reiniciado.
[2026-05-28 08:25:23] [WATCHDOG_ALERT] Encolado pasivamente en pending_messages.json
[2026-05-28 08:25:23] CAIDO: Charm Panel (Web UI :7860)
[2026-05-28 08:25:23] [RESTART] Charm Panel (Web UI :7860) reiniciado
[2026-05-28 08:25:23] [WATCHDOG_ALERT] [ENJAMBRE: WATCHDOG] [WATCHDOG 08:25:23] ALERTA: Charm Panel (Web UI :7860) ha caido. Estado: reiniciado.
[2026-05-28 08:25:23] [WATCHDOG_ALERT] Encolado pasivamente en pending_messages.json
[2026-05-28 08:25:23] CAIDO: Swarm AI Watchdog (Pool de IAs)
[2026-05-28 08:25:23] [RESTART] Swarm AI Watchdog (Pool de IAs) reiniciado
[2026-05-28 08:25:23] [WATCHDOG_ALERT] [ENJAMBRE: WATCHDOG] [WATCHDOG 08:25:23] ALERTA: Swarm AI Watchdog (Pool de IAs) ha caido. Estado: reiniciado.
[2026-05-28 08:25:23] [WATCHDOG_ALERT] Encolado pasivamente en pending_messages.json
[2026-05-28 08:25:23] CAIDO: Charm Edu P2P Daemon
[2026-05-28 08:25:23] [RESTART] Charm Edu P2P Daemon reiniciado
[2026-05-28 08:25:23] [WATCHDOG_ALERT] [ENJAMBRE: WATCHDOG] [WATCHDOG 08:25:23] ALERTA: Charm Edu P2P Daemon ha caido. Estado: reiniciado.
[2026-05-28 08:25:23] [WATCHDOG_ALERT] Encolado pasivamente en pending_messages.json
[2026-05-28 08:25:23] CAIDO: N8N Bridge Daemon (Docker Proxy)
[2026-05-28 08:25:23] [RESTART] N8N Bridge Daemon (Docker Proxy) reiniciado
[2026-05-28 08:25:23] [WATCHDOG_ALERT] [ENJAMBRE: WATCHDOG] [WATCHDOG 08:25:23] ALERTA: N8N Bridge Daemon (Docker Proxy) ha caido. Estado: reiniciado.
[2026-05-28 08:25:23] [WATCHDOG_ALERT] Encolado pasivamente en pending_messages.json
[2026-05-28 08:25:23] CAIDO: Guardian Daemon (Seguridad Suprema)
[2026-05-28 08:25:23] [RESTART] Guardian Daemon (Seguridad Suprema) reiniciado
[2026-05-28 08:25:23] [WATCHDOG_ALERT] [ENJAMBRE: WATCHDOG] [WATCHDOG 08:25:23] ALERTA: Guardian Daemon (Seguridad Suprema) ha caido. Estado: reiniciado.
[2026-05-28 08:25:23] [WATCHDOG_ALERT] Encolado pasivamente en pending_messages.json
[2026-05-28 08:25:23] [N8N DOCKER] Contenedor caído. Intentando iniciar...
[2026-05-28 08:25:27] [QDRANT] Caido. Intentando reiniciar...
[2026-05-28 08:25:30] [QDRANT] Reiniciado con exito
[2026-05-28 08:25:30] [WATCHDOG_ALERT] [ENJAMBRE: WATCHDOG] Qdrant ha sido levantado automáticamente (incluyendo inicio de Docker Desktop). Memoria vectorial online.
[2026-05-28 08:30:02] Estado: 8 vivos, 0 caidos
[2026-05-28 08:31:35] ==================================================
[2026-05-28 08:31:35] PROCESS WATCHDOG v2 — CENTINELA INICIADO
[2026-05-28 08:31:35] Vigilando 8 procesos cada 30s
[2026-05-28 08:31:35] Python: C:\Users\fnora\AppData\Local\Programs\Python\Python311\python.exe
[2026-05-28 08:31:35] ==================================================
[2026-05-28 08:31:35] CAIDO: Web Monitor
[2026-05-28 08:31:35] [RESTART] Web Monitor reiniciado
[2026-05-28 08:31:35] [WATCHDOG_ALERT] [ENJAMBRE: WATCHDOG] [WATCHDOG 08:31:35] ALERTA: Web Monitor ha caido. Estado: reiniciado.
[2026-05-28 08:31:35] [WATCHDOG_ALERT] Encolado pasivamente en pending_messages.json
[2026-05-28 08:31:35] CAIDO: Swarm Mesh Listener
[2026-05-28 08:31:35] [RESTART] Swarm Mesh Listener reiniciado
[2026-05-28 08:31:35] [WATCHDOG_ALERT] [ENJAMBRE: WATCHDOG] [WATCHDOG 08:31:35] ALERTA: Swarm Mesh Listener ha caido. Estado: reiniciado.
[2026-05-28 08:31:35] [WATCHDOG_ALERT] Encolado pasivamente en pending_messages.json
[2026-05-28 08:31:35] CAIDO: Charm Panel (Web UI :7860)
[2026-05-28 08:31:35] [RESTART] Charm Panel (Web UI :7860) reiniciado
[2026-05-28 08:31:35] [WATCHDOG_ALERT] [ENJAMBRE: WATCHDOG] [WATCHDOG 08:31:35] ALERTA: Charm Panel (Web UI :7860) ha caido. Estado: reiniciado.
[2026-05-28 08:31:35] [WATCHDOG_ALERT] Encolado pasivamente en pending_messages.json
[2026-05-28 08:31:35] CAIDO: Swarm AI Watchdog (Pool de IAs)
[2026-05-28 08:31:35] [RESTART] Swarm AI Watchdog (Pool de IAs) reiniciado
[2026-05-28 08:31:35] [WATCHDOG_ALERT] [ENJAMBRE: WATCHDOG] [WATCHDOG 08:31:35] ALERTA: Swarm AI Watchdog (Pool de IAs) ha caido. Estado: reiniciado.
[2026-05-28 08:31:35] [WATCHDOG_ALERT] Encolado pasivamente en pending_messages.json
[2026-05-28 08:31:35] CAIDO: Charm Edu P2P Daemon
[2026-05-28 08:31:35] [RESTART] Charm Edu P2P Daemon reiniciado
[2026-05-28 08:31:35] [WATCHDOG_ALERT] [ENJAMBRE: WATCHDOG] [WATCHDOG 08:31:35] ALERTA: Charm Edu P2P Daemon ha caido. Estado: reiniciado.
[2026-05-28 08:31:35] [WATCHDOG_ALERT] Encolado pasivamente en pending_messages.json
[2026-05-28 08:31:35] CAIDO: N8N Bridge Daemon (Docker Proxy)
[2026-05-28 08:31:35] [RESTART] N8N Bridge Daemon (Docker Proxy) reiniciado
[2026-05-28 08:31:35] [WATCHDOG_ALERT] [ENJAMBRE: WATCHDOG] [WATCHDOG 08:31:35] ALERTA: N8N Bridge Daemon (Docker Proxy) ha caido. Estado: reiniciado.
[2026-05-28 08:31:35] [WATCHDOG_ALERT] Encolado pasivamente en pending_messages.json
[2026-05-28 08:31:35] CAIDO: Guardian Daemon (Seguridad Suprema)
[2026-05-28 08:31:35] [RESTART] Guardian Daemon (Seguridad Suprema) reiniciado
[2026-05-28 08:31:35] [WATCHDOG_ALERT] [ENJAMBRE: WATCHDOG] [WATCHDOG 08:31:35] ALERTA: Guardian Daemon (Seguridad Suprema) ha caido. Estado: reiniciado.
[2026-05-28 08:31:35] [WATCHDOG_ALERT] Encolado pasivamente en pending_messages.json
[2026-05-28 08:31:36] [N8N DOCKER] Contenedor caído. Intentando iniciar...
[2026-05-28 08:31:40] [QDRANT] Caido. Intentando reiniciar...
[2026-05-28 08:31:43] [QDRANT] Reiniciado con exito
[2026-05-28 08:31:43] [WATCHDOG_ALERT] [ENJAMBRE: WATCHDOG] Qdrant ha sido levantado automáticamente (incluyendo inicio de Docker Desktop). Memoria vectorial online.
[2026-05-28 08:36:15] Estado: 8 vivos, 0 caidos
[2026-05-28 08:41:16] Estado: 8 vivos, 0 caidos
[2026-05-28 08:46:17] Estado: 8 vivos, 0 caidos
[2026-05-28 08:51:19] Estado: 8 vivos, 0 caidos
[2026-05-28 08:56:21] Estado: 8 vivos, 0 caidos
[2026-05-28 09:01:22] Estado: 8 vivos, 0 caidos
[2026-05-28 09:06:24] Estado: 8 vivos, 0 caidos
[2026-05-28 09:11:25] Estado: 8 vivos, 0 caidos
[2026-05-28 09:16:27] Estado: 8 vivos, 0 caidos
[2026-05-28 09:21:29] Estado: 8 vivos, 0 caidos
[2026-05-28 09:26:30] Estado: 8 vivos, 0 caidos
[2026-05-28 09:31:32] Estado: 8 vivos, 0 caidos
[2026-05-28 09:36:34] Estado: 8 vivos, 0 caidos
[2026-05-28 09:41:35] Estado: 8 vivos, 0 caidos
[2026-05-28 09:46:37] Estado: 8 vivos, 0 caidos
[2026-05-28 09:51:39] Estado: 8 vivos, 0 caidos
[2026-05-28 09:56:40] Estado: 8 vivos, 0 caidos
[2026-05-28 10:01:42] Estado: 8 vivos, 0 caidos
[2026-05-28 10:06:44] Estado: 8 vivos, 0 caidos
[2026-05-28 10:11:45] Estado: 8 vivos, 0 caidos
[2026-05-28 10:16:47] Estado: 8 vivos, 0 caidos
[2026-05-28 10:21:48] Estado: 8 vivos, 0 caidos
[2026-05-28 10:26:50] Estado: 8 vivos, 0 caidos
[2026-05-28 10:31:52] Estado: 8 vivos, 0 caidos
[2026-05-28 10:36:54] Estado: 8 vivos, 0 caidos
[2026-05-28 10:41:55] Estado: 8 vivos, 0 caidos
[2026-05-28 10:46:57] Estado: 8 vivos, 0 caidos
[2026-05-28 10:51:59] Estado: 8 vivos, 0 caidos
[2026-05-28 10:57:00] Estado: 8 vivos, 0 caidos
[2026-05-28 11:02:02] Estado: 8 vivos, 0 caidos
[2026-05-28 11:07:04] Estado: 8 vivos, 0 caidos
[2026-05-28 11:12:06] Estado: 8 vivos, 0 caidos
[2026-05-28 11:17:07] Estado: 8 vivos, 0 caidos
[2026-05-28 11:22:09] Estado: 8 vivos, 0 caidos
[2026-05-28 11:27:11] Estado: 8 vivos, 0 caidos
[2026-05-28 11:32:12] Estado: 8 vivos, 0 caidos
[2026-05-28 11:37:14] Estado: 8 vivos, 0 caidos
[2026-05-28 11:42:16] Estado: 8 vivos, 0 caidos
[2026-05-28 11:47:17] Estado: 8 vivos, 0 caidos
[2026-05-28 11:52:19] Estado: 8 vivos, 0 caidos
[2026-05-28 11:57:20] Estado: 8 vivos, 0 caidos
[2026-05-28 12:02:22] Estado: 8 vivos, 0 caidos
[2026-05-28 12:07:24] Estado: 8 vivos, 0 caidos
[2026-05-28 12:12:25] Estado: 8 vivos, 0 caidos
[2026-05-28 12:17:27] Estado: 8 vivos, 0 caidos
[2026-05-28 12:22:28] Estado: 8 vivos, 0 caidos
[2026-05-28 12:27:30] Estado: 8 vivos, 0 caidos
[2026-05-28 12:32:31] Estado: 8 vivos, 0 caidos
[2026-05-28 12:37:33] Estado: 8 vivos, 0 caidos
[2026-05-28 12:42:34] Estado: 8 vivos, 0 caidos
[2026-05-28 12:47:36] Estado: 8 vivos, 0 caidos
[2026-05-28 12:52:38] Estado: 8 vivos, 0 caidos
[2026-05-28 12:57:39] Estado: 8 vivos, 0 caidos
[2026-05-28 13:02:41] Estado: 8 vivos, 0 caidos
[2026-05-28 13:07:43] Estado: 8 vivos, 0 caidos
[2026-05-28 13:12:45] Estado: 8 vivos, 0 caidos
[2026-05-28 13:17:46] Estado: 8 vivos, 0 caidos
[2026-05-28 13:22:48] Estado: 8 vivos, 0 caidos
[2026-05-28 13:27:50] Estado: 8 vivos, 0 caidos
[2026-05-28 13:32:52] Estado: 8 vivos, 0 caidos
[2026-05-28 13:37:54] Estado: 8 vivos, 0 caidos
[2026-05-28 13:42:55] Estado: 8 vivos, 0 caidos
[2026-05-28 13:47:57] Estado: 8 vivos, 0 caidos
[2026-05-28 13:52:59] Estado: 8 vivos, 0 caidos
[2026-05-28 13:58:00] Estado: 8 vivos, 0 caidos
[2026-05-28 14:03:02] Estado: 8 vivos, 0 caidos
[2026-05-28 14:08:04] Estado: 8 vivos, 0 caidos
[2026-05-28 14:13:05] Estado: 8 vivos, 0 caidos
[2026-05-28 14:18:07] Estado: 8 vivos, 0 caidos
[2026-05-28 14:23:09] Estado: 8 vivos, 0 caidos
[2026-05-28 14:28:10] Estado: 8 vivos, 0 caidos
[2026-05-28 14:33:12] Estado: 8 vivos, 0 caidos
[2026-05-28 14:38:14] Estado: 8 vivos, 0 caidos
[2026-05-28 14:43:16] Estado: 8 vivos, 0 caidos
[2026-05-28 14:48:17] Estado: 8 vivos, 0 caidos
[2026-05-28 14:53:19] Estado: 8 vivos, 0 caidos
[2026-05-28 14:58:20] Estado: 8 vivos, 0 caidos
[2026-05-28 15:03:22] Estado: 8 vivos, 0 caidos
[2026-05-28 15:08:24] Estado: 8 vivos, 0 caidos
[2026-05-28 15:13:26] Estado: 8 vivos, 0 caidos
[2026-05-28 15:18:27] Estado: 8 vivos, 0 caidos
[2026-05-28 15:23:29] Estado: 8 vivos, 0 caidos
[2026-05-28 15:28:31] Estado: 8 vivos, 0 caidos
[2026-05-28 15:33:32] Estado: 8 vivos, 0 caidos
[2026-05-28 15:38:34] Estado: 8 vivos, 0 caidos
[2026-05-28 15:43:36] Estado: 8 vivos, 0 caidos
[2026-05-28 15:48:37] Estado: 8 vivos, 0 caidos
[2026-05-28 15:53:39] Estado: 8 vivos, 0 caidos
[2026-05-28 15:58:40] Estado: 8 vivos, 0 caidos
[2026-05-28 16:03:42] Estado: 8 vivos, 0 caidos
[2026-05-28 16:08:43] Estado: 8 vivos, 0 caidos
[2026-05-28 16:13:45] Estado: 8 vivos, 0 caidos
[2026-05-28 16:18:46] Estado: 8 vivos, 0 caidos
[2026-05-28 16:23:48] Estado: 8 vivos, 0 caidos
[2026-05-28 16:28:49] Estado: 8 vivos, 0 caidos
[2026-05-28 16:33:51] Estado: 8 vivos, 0 caidos
[2026-05-28 16:38:53] Estado: 8 vivos, 0 caidos
[2026-05-28 16:43:54] Estado: 8 vivos, 0 caidos
[2026-05-28 16:48:56] Estado: 8 vivos, 0 caidos
[2026-05-28 16:53:57] Estado: 8 vivos, 0 caidos
[2026-05-28 16:58:59] Estado: 8 vivos, 0 caidos
[2026-05-28 17:04:00] Estado: 8 vivos, 0 caidos
[2026-05-28 17:09:02] Estado: 8 vivos, 0 caidos
[2026-05-28 17:14:03] Estado: 8 vivos, 0 caidos
[2026-05-28 17:19:05] Estado: 8 vivos, 0 caidos
[2026-05-28 17:24:06] Estado: 8 vivos, 0 caidos
[2026-05-28 17:29:08] Estado: 8 vivos, 0 caidos
[2026-05-28 17:34:09] Estado: 8 vivos, 0 caidos
[2026-05-28 17:39:11] Estado: 8 vivos, 0 caidos
[2026-05-28 17:44:13] Estado: 8 vivos, 0 caidos
[2026-05-28 17:49:14] Estado: 8 vivos, 0 caidos
[2026-05-28 17:54:16] Estado: 8 vivos, 0 caidos
[2026-05-28 17:59:17] Estado: 8 vivos, 0 caidos
[2026-05-28 18:04:19] Estado: 8 vivos, 0 caidos
[2026-05-28 18:09:20] Estado: 8 vivos, 0 caidos
[2026-05-28 18:14:22] Estado: 8 vivos, 0 caidos
[2026-05-28 18:19:23] Estado: 8 vivos, 0 caidos
[2026-05-28 18:24:25] Estado: 8 vivos, 0 caidos
[2026-05-28 18:29:26] Estado: 8 vivos, 0 caidos
[2026-05-28 18:34:28] Estado: 8 vivos, 0 caidos
[2026-05-28 18:39:30] Estado: 8 vivos, 0 caidos
[2026-05-28 18:44:31] Estado: 8 vivos, 0 caidos
[2026-05-28 18:49:33] Estado: 8 vivos, 0 caidos
[2026-05-28 18:54:35] Estado: 8 vivos, 0 caidos
[2026-05-28 18:59:36] Estado: 8 vivos, 0 caidos
[2026-05-28 19:04:38] Estado: 8 vivos, 0 caidos
[2026-05-28 19:09:40] Estado: 8 vivos, 0 caidos
[2026-05-28 19:14:41] Estado: 8 vivos, 0 caidos
[2026-05-28 19:19:43] Estado: 8 vivos, 0 caidos
[2026-05-28 19:24:45] Estado: 8 vivos, 0 caidos
[2026-05-28 19:29:47] Estado: 8 vivos, 0 caidos
[2026-05-28 19:34:48] Estado: 8 vivos, 0 caidos
[2026-05-28 19:39:50] Estado: 8 vivos, 0 caidos
[2026-05-28 19:44:52] Estado: 8 vivos, 0 caidos
[2026-05-28 19:49:54] Estado: 8 vivos, 0 caidos
[2026-05-28 19:54:55] Estado: 8 vivos, 0 caidos
[2026-05-28 19:59:57] Estado: 8 vivos, 0 caidos
[2026-05-28 20:04:58] Estado: 8 vivos, 0 caidos
[2026-05-28 20:10:00] Estado: 8 vivos, 0 caidos
[2026-05-28 20:15:02] Estado: 8 vivos, 0 caidos
[2026-05-28 20:20:03] Estado: 8 vivos, 0 caidos
[2026-05-28 20:25:05] Estado: 8 vivos, 0 caidos
[2026-05-28 20:30:06] Estado: 8 vivos, 0 caidos
[2026-05-28 20:35:08] Estado: 8 vivos, 0 caidos
[2026-05-28 20:40:10] Estado: 8 vivos, 0 caidos
[2026-05-28 20:45:12] Estado: 8 vivos, 0 caidos
[2026-05-28 20:50:13] Estado: 8 vivos, 0 caidos
[2026-05-28 20:55:15] Estado: 8 vivos, 0 caidos
[2026-05-28 21:00:17] Estado: 8 vivos, 0 caidos
[2026-05-28 21:05:18] Estado: 8 vivos, 0 caidos
[2026-05-28 21:10:20] Estado: 8 vivos, 0 caidos
[2026-05-28 21:15:22] Estado: 8 vivos, 0 caidos
[2026-05-28 21:20:23] Estado: 8 vivos, 0 caidos
[2026-05-28 21:25:25] Estado: 8 vivos, 0 caidos
[2026-05-28 21:30:33] Estado: 8 vivos, 0 caidos
[2026-05-28 21:35:35] Estado: 8 vivos, 0 caidos
[2026-05-28 21:40:37] Estado: 8 vivos, 0 caidos
[2026-05-28 21:45:38] Estado: 8 vivos, 0 caidos
[2026-05-28 21:50:40] Estado: 8 vivos, 0 caidos
[2026-05-28 21:55:41] Estado: 8 vivos, 0 caidos
[2026-05-28 22:00:43] Estado: 8 vivos, 0 caidos
[2026-05-28 22:05:45] Estado: 8 vivos, 0 caidos
[2026-05-28 22:10:47] Estado: 8 vivos, 0 caidos
[2026-05-28 22:15:48] Estado: 8 vivos, 0 caidos
[2026-05-28 22:20:50] Estado: 8 vivos, 0 caidos
[2026-05-28 22:25:52] Estado: 8 vivos, 0 caidos
[2026-05-28 22:30:53] Estado: 8 vivos, 0 caidos
[2026-05-28 22:35:55] Estado: 8 vivos, 0 caidos
[2026-05-28 22:40:56] Estado: 8 vivos, 0 caidos
[2026-05-28 22:45:58] Estado: 8 vivos, 0 caidos
[2026-05-28 22:51:00] Estado: 8 vivos, 0 caidos
[2026-05-28 22:56:02] Estado: 8 vivos, 0 caidos
[2026-05-28 23:01:03] Estado: 8 vivos, 0 caidos
[2026-05-28 23:06:05] Estado: 8 vivos, 0 caidos
[2026-05-28 23:11:07] Estado: 8 vivos, 0 caidos
[2026-05-28 23:16:09] Estado: 8 vivos, 0 caidos
[2026-05-28 23:21:11] Estado: 8 vivos, 0 caidos
[2026-05-28 23:26:13] Estado: 8 vivos, 0 caidos
[2026-05-28 23:31:14] Estado: 8 vivos, 0 caidos
[2026-05-28 23:36:16] Estado: 8 vivos, 0 caidos
[2026-05-28 23:41:18] Estado: 8 vivos, 0 caidos
[2026-05-28 23:46:20] Estado: 8 vivos, 0 caidos
[2026-05-28 23:51:21] Estado: 8 vivos, 0 caidos
[2026-05-28 23:56:23] Estado: 8 vivos, 0 caidos
[2026-05-29 00:01:25] Estado: 8 vivos, 0 caidos
[2026-05-29 00:06:27] Estado: 8 vivos, 0 caidos
[2026-05-29 00:11:28] Estado: 8 vivos, 0 caidos
[2026-05-29 00:16:30] Estado: 8 vivos, 0 caidos
[2026-05-29 00:21:32] Estado: 8 vivos, 0 caidos
[2026-05-29 00:26:34] Estado: 8 vivos, 0 caidos
[2026-05-29 00:31:35] Estado: 8 vivos, 0 caidos
[2026-05-29 00:36:37] Estado: 8 vivos, 0 caidos
[2026-05-29 00:41:39] Estado: 8 vivos, 0 caidos
[2026-05-29 00:46:41] Estado: 8 vivos, 0 caidos
[2026-05-29 00:51:42] Estado: 8 vivos, 0 caidos
[2026-05-29 00:56:44] Estado: 8 vivos, 0 caidos
[2026-05-29 01:01:45] Estado: 8 vivos, 0 caidos
[2026-05-29 01:06:47] Estado: 8 vivos, 0 caidos
[2026-05-29 01:11:49] Estado: 8 vivos, 0 caidos
[2026-05-29 01:16:50] Estado: 8 vivos, 0 caidos
[2026-05-29 01:21:52] Estado: 8 vivos, 0 caidos
[2026-05-29 01:26:54] Estado: 8 vivos, 0 caidos
[2026-05-29 01:31:55] Estado: 8 vivos, 0 caidos
[2026-05-29 01:36:57] Estado: 8 vivos, 0 caidos
[2026-05-29 01:41:58] Estado: 8 vivos, 0 caidos
[2026-05-29 01:47:00] Estado: 8 vivos, 0 caidos
[2026-05-29 01:52:02] Estado: 8 vivos, 0 caidos
[2026-05-29 01:57:03] Estado: 8 vivos, 0 caidos
[2026-05-29 02:02:05] Estado: 8 vivos, 0 caidos
[2026-05-29 02:07:06] Estado: 8 vivos, 0 caidos
[2026-05-29 02:12:08] Estado: 8 vivos, 0 caidos
[2026-05-29 02:17:10] Estado: 8 vivos, 0 caidos
[2026-05-29 02:22:11] Estado: 8 vivos, 0 caidos
[2026-05-29 02:27:13] Estado: 8 vivos, 0 caidos
[2026-05-29 02:32:14] Estado: 8 vivos, 0 caidos
[2026-05-29 02:37:16] Estado: 8 vivos, 0 caidos
[2026-05-29 02:42:18] Estado: 8 vivos, 0 caidos
[2026-05-29 02:47:19] Estado: 8 vivos, 0 caidos
[2026-05-29 02:52:21] Estado: 8 vivos, 0 caidos
[2026-05-29 02:57:22] Estado: 8 vivos, 0 caidos
[2026-05-29 03:02:24] Estado: 8 vivos, 0 caidos
[2026-05-29 03:07:26] Estado: 8 vivos, 0 caidos
[2026-05-29 03:12:27] Estado: 8 vivos, 0 caidos
[2026-05-29 03:17:29] Estado: 8 vivos, 0 caidos
[2026-05-29 03:22:30] Estado: 8 vivos, 0 caidos
[2026-05-29 03:27:32] Estado: 8 vivos, 0 caidos
[2026-05-29 03:32:33] Estado: 8 vivos, 0 caidos
[2026-05-29 03:37:35] Estado: 8 vivos, 0 caidos
[2026-05-29 03:42:37] Estado: 8 vivos, 0 caidos
[2026-05-29 03:47:38] Estado: 8 vivos, 0 caidos
[2026-05-29 03:52:40] Estado: 8 vivos, 0 caidos
[2026-05-29 03:57:41] Estado: 8 vivos, 0 caidos
[2026-05-29 04:02:43] Estado: 8 vivos, 0 caidos
[2026-05-29 04:07:44] Estado: 8 vivos, 0 caidos
[2026-05-29 04:12:46] Estado: 8 vivos, 0 caidos
[2026-05-29 04:17:48] Estado: 8 vivos, 0 caidos
[2026-05-29 04:22:49] Estado: 8 vivos, 0 caidos
[2026-05-29 04:27:51] Estado: 8 vivos, 0 caidos
[2026-05-29 04:32:52] Estado: 8 vivos, 0 caidos
[2026-05-29 04:37:54] Estado: 8 vivos, 0 caidos
[2026-05-29 04:42:56] Estado: 8 vivos, 0 caidos
[2026-05-29 04:47:57] Estado: 8 vivos, 0 caidos
[2026-05-29 04:52:59] Estado: 8 vivos, 0 caidos
[2026-05-29 04:58:00] Estado: 8 vivos, 0 caidos
[2026-05-29 05:03:02] Estado: 8 vivos, 0 caidos
[2026-05-29 05:08:04] Estado: 8 vivos, 0 caidos
[2026-05-29 05:13:05] Estado: 8 vivos, 0 caidos
[2026-05-29 05:18:07] Estado: 8 vivos, 0 caidos
[2026-05-29 05:23:08] Estado: 8 vivos, 0 caidos
[2026-05-29 05:28:10] Estado: 8 vivos, 0 caidos
[2026-05-29 05:33:12] Estado: 8 vivos, 0 caidos
[2026-05-29 05:38:13] Estado: 8 vivos, 0 caidos
[2026-05-29 05:43:15] Estado: 8 vivos, 0 caidos
[2026-05-29 05:48:17] Estado: 8 vivos, 0 caidos
[2026-05-29 05:53:18] Estado: 8 vivos, 0 caidos
[2026-05-29 05:58:20] Estado: 8 vivos, 0 caidos
[2026-05-29 06:03:21] Estado: 8 vivos, 0 caidos
[2026-05-29 06:08:23] Estado: 8 vivos, 0 caidos
[2026-05-29 06:13:25] Estado: 8 vivos, 0 caidos
[2026-05-29 06:18:26] Estado: 8 vivos, 0 caidos
[2026-05-29 06:23:28] Estado: 8 vivos, 0 caidos
[2026-05-29 06:28:29] Estado: 8 vivos, 0 caidos
[2026-05-29 06:33:31] Estado: 8 vivos, 0 caidos
[2026-05-29 06:38:32] Estado: 8 vivos, 0 caidos
[2026-05-29 06:43:34] Estado: 8 vivos, 0 caidos
[2026-05-29 06:48:36] Estado: 8 vivos, 0 caidos
[2026-05-29 06:53:37] Estado: 8 vivos, 0 caidos
[2026-05-29 06:58:39] Estado: 8 vivos, 0 caidos
[2026-05-29 07:03:40] Estado: 8 vivos, 0 caidos
[2026-05-29 07:08:42] Estado: 8 vivos, 0 caidos
[2026-05-29 07:13:44] Estado: 8 vivos, 0 caidos
[2026-05-29 07:18:45] Estado: 8 vivos, 0 caidos
[2026-05-29 07:23:47] Estado: 8 vivos, 0 caidos
[2026-05-29 07:28:49] Estado: 8 vivos, 0 caidos
[2026-05-29 07:33:50] Estado: 8 vivos, 0 caidos
[2026-05-29 07:38:52] Estado: 8 vivos, 0 caidos
[2026-05-29 07:43:53] Estado: 8 vivos, 0 caidos
[2026-05-29 07:48:55] Estado: 8 vivos, 0 caidos
[2026-05-29 07:53:57] Estado: 8 vivos, 0 caidos
[2026-05-29 07:58:58] Estado: 8 vivos, 0 caidos
[2026-05-29 08:04:00] Estado: 8 vivos, 0 caidos
[2026-05-29 08:09:02] Estado: 8 vivos, 0 caidos
[2026-05-29 08:14:04] Estado: 8 vivos, 0 caidos
[2026-05-29 08:19:05] Estado: 8 vivos, 0 caidos
[2026-05-29 08:24:07] Estado: 8 vivos, 0 caidos
[2026-05-29 08:29:09] Estado: 8 vivos, 0 caidos
[2026-05-29 08:34:11] Estado: 8 vivos, 0 caidos
[2026-05-29 08:39:13] Estado: 8 vivos, 0 caidos
[2026-05-29 08:44:14] Estado: 8 vivos, 0 caidos
[2026-05-29 08:49:16] Estado: 8 vivos, 0 caidos
[2026-05-29 08:54:18] Estado: 8 vivos, 0 caidos
[2026-05-29 08:59:19] Estado: 8 vivos, 0 caidos
[2026-05-29 09:04:21] Estado: 8 vivos, 0 caidos
[2026-05-29 09:09:22] Estado: 8 vivos, 0 caidos
[2026-05-29 09:14:24] Estado: 8 vivos, 0 caidos
[2026-05-29 09:19:25] Estado: 8 vivos, 0 caidos
[2026-05-29 09:24:27] Estado: 8 vivos, 0 caidos
[2026-05-29 09:29:29] Estado: 8 vivos, 0 caidos
[2026-05-29 09:34:31] Estado: 8 vivos, 0 caidos
[2026-05-29 09:39:32] Estado: 8 vivos, 0 caidos
[2026-05-29 09:44:34] Estado: 8 vivos, 0 caidos
[2026-05-29 09:49:38] Estado: 8 vivos, 0 caidos
[2026-05-29 09:54:40] Estado: 8 vivos, 0 caidos
[2026-05-29 09:59:41] Estado: 8 vivos, 0 caidos
[2026-05-29 10:04:43] Estado: 8 vivos, 0 caidos
[2026-05-29 10:09:45] Estado: 8 vivos, 0 caidos
[2026-05-29 10:14:47] Estado: 8 vivos, 0 caidos
[2026-05-29 10:19:49] Estado: 8 vivos, 0 caidos
[2026-05-29 10:24:50] Estado: 8 vivos, 0 caidos
[2026-05-29 10:29:52] Estado: 8 vivos, 0 caidos
[2026-05-29 10:34:54] Estado: 8 vivos, 0 caidos
[2026-05-29 10:39:56] Estado: 8 vivos, 0 caidos
[2026-05-29 10:44:58] Estado: 8 vivos, 0 caidos
[2026-05-29 10:49:59] Estado: 8 vivos, 0 caidos
[2026-05-29 10:55:01] Estado: 8 vivos, 0 caidos
[2026-05-29 10:59:33] [N8N DOCKER] Contenedor caído. Intentando iniciar...
[2026-05-29 11:00:04] Estado: 8 vivos, 0 caidos
[2026-05-29 11:05:06] Estado: 8 vivos, 0 caidos
[2026-05-29 11:10:07] Estado: 8 vivos, 0 caidos
[2026-05-29 11:15:09] Estado: 8 vivos, 0 caidos
[2026-05-29 11:20:11] Estado: 8 vivos, 0 caidos
[2026-05-29 11:25:13] Estado: 8 vivos, 0 caidos
[2026-05-29 11:30:15] Estado: 8 vivos, 0 caidos
[2026-05-29 11:35:17] Estado: 8 vivos, 0 caidos
[2026-05-29 11:40:18] Estado: 8 vivos, 0 caidos
[2026-05-29 11:45:20] Estado: 8 vivos, 0 caidos
[2026-05-29 11:50:22] Estado: 8 vivos, 0 caidos
[2026-05-29 11:55:23] Estado: 8 vivos, 0 caidos
[2026-05-29 12:00:25] Estado: 8 vivos, 0 caidos
[2026-05-29 12:05:27] Estado: 8 vivos, 0 caidos
[2026-05-29 12:10:28] Estado: 8 vivos, 0 caidos
[2026-05-29 12:15:30] Estado: 8 vivos, 0 caidos
[2026-05-29 12:20:32] Estado: 8 vivos, 0 caidos
[2026-05-29 12:25:34] Estado: 8 vivos, 0 caidos
[2026-05-29 12:30:36] Estado: 8 vivos, 0 caidos
[2026-05-29 12:35:37] Estado: 8 vivos, 0 caidos
[2026-05-29 12:40:39] Estado: 8 vivos, 0 caidos
[2026-05-29 12:45:41] Estado: 8 vivos, 0 caidos
[2026-05-29 12:50:43] Estado: 8 vivos, 0 caidos
[2026-05-29 12:55:45] Estado: 8 vivos, 0 caidos
[2026-05-29 13:00:47] Estado: 8 vivos, 0 caidos
[2026-05-29 13:05:49] Estado: 8 vivos, 0 caidos
[2026-05-29 13:10:51] Estado: 8 vivos, 0 caidos
[2026-05-29 13:15:53] Estado: 8 vivos, 0 caidos
[2026-05-29 13:20:55] Estado: 8 vivos, 0 caidos
[2026-05-29 13:25:56] Estado: 8 vivos, 0 caidos
[2026-05-29 13:30:58] Estado: 8 vivos, 0 caidos
[2026-05-29 13:36:00] Estado: 8 vivos, 0 caidos
[2026-05-29 13:41:02] Estado: 8 vivos, 0 caidos
[2026-05-29 13:46:04] Estado: 8 vivos, 0 caidos
[2026-05-29 13:51:06] Estado: 8 vivos, 0 caidos
[2026-05-29 13:56:07] Estado: 8 vivos, 0 caidos
[2026-05-29 14:01:09] Estado: 8 vivos, 0 caidos
[2026-05-29 14:06:11] Estado: 8 vivos, 0 caidos
[2026-05-29 14:11:12] Estado: 8 vivos, 0 caidos
[2026-05-29 14:16:14] Estado: 8 vivos, 0 caidos
[2026-05-29 14:21:16] Estado: 8 vivos, 0 caidos
[2026-05-29 14:26:17] Estado: 8 vivos, 0 caidos
[2026-05-29 14:31:19] Estado: 8 vivos, 0 caidos
[2026-05-29 14:36:21] Estado: 8 vivos, 0 caidos
[2026-05-29 14:41:22] Estado: 8 vivos, 0 caidos
[2026-05-29 14:46:24] Estado: 8 vivos, 0 caidos
[2026-05-29 14:51:26] Estado: 8 vivos, 0 caidos
[2026-05-29 14:56:27] Estado: 8 vivos, 0 caidos
[2026-05-29 15:01:29] Estado: 8 vivos, 0 caidos
[2026-05-29 15:06:31] Estado: 8 vivos, 0 caidos
[2026-05-29 15:11:32] Estado: 8 vivos, 0 caidos
[2026-05-29 15:16:34] Estado: 8 vivos, 0 caidos
[2026-05-29 15:21:36] Estado: 8 vivos, 0 caidos
[2026-05-29 15:26:37] Estado: 8 vivos, 0 caidos
[2026-05-29 15:31:39] Estado: 8 vivos, 0 caidos
[2026-05-29 15:36:41] Estado: 8 vivos, 0 caidos
[2026-05-29 15:41:42] Estado: 8 vivos, 0 caidos
[2026-05-29 15:46:44] Estado: 8 vivos, 0 caidos
[2026-05-29 15:51:46] Estado: 8 vivos, 0 caidos
[2026-05-29 15:56:47] Estado: 8 vivos, 0 caidos
[2026-05-29 16:01:49] Estado: 8 vivos, 0 caidos
[2026-05-29 16:06:51] Estado: 8 vivos, 0 caidos
[2026-05-29 16:11:52] Estado: 8 vivos, 0 caidos
[2026-05-29 16:16:54] Estado: 8 vivos, 0 caidos
[2026-05-29 16:21:56] Estado: 8 vivos, 0 caidos
[2026-05-29 16:26:57] Estado: 8 vivos, 0 caidos
[2026-05-29 16:31:59] Estado: 8 vivos, 0 caidos
[2026-05-29 16:37:01] Estado: 8 vivos, 0 caidos
[2026-05-29 16:42:02] Estado: 8 vivos, 0 caidos
[2026-05-29 16:47:04] Estado: 8 vivos, 0 caidos
[2026-05-29 16:52:06] Estado: 8 vivos, 0 caidos
[2026-05-29 16:57:07] Estado: 8 vivos, 0 caidos
[2026-05-29 17:02:09] Estado: 8 vivos, 0 caidos
[2026-05-29 17:07:11] Estado: 8 vivos, 0 caidos
[2026-05-29 17:12:12] Estado: 8 vivos, 0 caidos
[2026-05-29 17:17:14] Estado: 8 vivos, 0 caidos
[2026-05-29 17:22:16] Estado: 8 vivos, 0 caidos
[2026-05-29 17:27:18] Estado: 8 vivos, 0 caidos
[2026-05-29 17:32:20] Estado: 8 vivos, 0 caidos
[2026-05-29 17:37:21] Estado: 8 vivos, 0 caidos
[2026-05-29 17:42:23] Estado: 8 vivos, 0 caidos
[2026-05-29 17:47:25] Estado: 8 vivos, 0 caidos
[2026-05-29 17:52:27] Estado: 8 vivos, 0 caidos
[2026-05-29 17:57:28] Estado: 8 vivos, 0 caidos
[2026-05-29 18:02:30] Estado: 8 vivos, 0 caidos
[2026-05-29 18:07:32] Estado: 8 vivos, 0 caidos
[2026-05-29 18:12:34] Estado: 8 vivos, 0 caidos
[2026-05-29 18:17:36] Estado: 8 vivos, 0 caidos
[2026-05-29 18:22:38] Estado: 8 vivos, 0 caidos
[2026-05-29 18:27:40] Estado: 8 vivos, 0 caidos
[2026-05-29 18:32:41] Estado: 8 vivos, 0 caidos
[2026-05-29 18:37:43] Estado: 8 vivos, 0 caidos
[2026-05-29 18:42:45] Estado: 8 vivos, 0 caidos
[2026-05-29 18:47:47] Estado: 8 vivos, 0 caidos
[2026-05-29 18:52:49] Estado: 8 vivos, 0 caidos
[2026-05-29 18:57:51] Estado: 8 vivos, 0 caidos
[2026-05-29 19:02:52] Estado: 8 vivos, 0 caidos
[2026-05-29 19:07:54] Estado: 8 vivos, 0 caidos
[2026-05-29 19:12:56] Estado: 8 vivos, 0 caidos
[2026-05-29 19:17:58] Estado: 8 vivos, 0 caidos
[2026-05-29 19:23:00] Estado: 8 vivos, 0 caidos
[2026-05-29 19:28:01] Estado: 8 vivos, 0 caidos
[2026-05-29 19:33:03] Estado: 8 vivos, 0 caidos
[2026-05-29 19:38:05] Estado: 8 vivos, 0 caidos
[2026-05-29 19:43:06] Estado: 8 vivos, 0 caidos
[2026-05-29 19:48:08] Estado: 8 vivos, 0 caidos
[2026-05-29 19:53:10] Estado: 8 vivos, 0 caidos
[2026-05-29 19:56:41] CAIDO: Guardian Daemon (Seguridad Suprema)
[2026-05-29 19:56:41] [RESTART] Guardian Daemon (Seguridad Suprema) reiniciado
[2026-05-29 19:56:41] [WATCHDOG_ALERT] [ENJAMBRE: WATCHDOG] [WATCHDOG 19:56:41] ALERTA: Guardian Daemon (Seguridad Suprema) ha caido. Estado: reiniciado.
[2026-05-29 19:56:41] [WATCHDOG_ALERT] Encolado pasivamente en pending_messages.json
[2026-05-29 19:58:12] Estado: 8 vivos, 0 caidos
[2026-05-29 20:01:43] CAIDO: Guardian Daemon (Seguridad Suprema)
[2026-05-29 20:01:43] [RESTART] Guardian Daemon (Seguridad Suprema) reiniciado
[2026-05-29 20:01:43] [WATCHDOG_ALERT] [ENJAMBRE: WATCHDOG] [WATCHDOG 20:01:43] ALERTA: Guardian Daemon (Seguridad Suprema) ha caido. Estado: reiniciado.
[2026-05-29 20:01:43] [WATCHDOG_ALERT] Encolado pasivamente en pending_messages.json
[2026-05-29 20:03:13] Estado: 8 vivos, 0 caidos
[2026-05-29 20:08:15] Estado: 8 vivos, 0 caidos
[2026-05-29 20:13:17] Estado: 8 vivos, 0 caidos
[2026-05-29 20:18:18] Estado: 8 vivos, 0 caidos
[2026-05-29 20:23:20] Estado: 8 vivos, 0 caidos
[2026-05-29 20:28:22] Estado: 8 vivos, 0 caidos
[2026-05-29 20:33:23] Estado: 8 vivos, 0 caidos
[2026-05-29 20:38:25] Estado: 8 vivos, 0 caidos
[2026-05-29 20:43:26] Estado: 8 vivos, 0 caidos
[2026-05-29 20:48:28] Estado: 8 vivos, 0 caidos
[2026-05-29 20:53:30] Estado: 8 vivos, 0 caidos
[2026-05-29 20:58:32] Estado: 8 vivos, 0 caidos
[2026-05-29 21:03:33] Estado: 8 vivos, 0 caidos
[2026-05-29 21:08:35] Estado: 8 vivos, 0 caidos
[2026-05-29 21:13:37] Estado: 8 vivos, 0 caidos
[2026-05-29 21:18:39] Estado: 8 vivos, 0 caidos
[2026-05-29 21:23:40] Estado: 8 vivos, 0 caidos
[2026-05-29 21:28:42] Estado: 8 vivos, 0 caidos
[2026-05-29 21:33:44] Estado: 8 vivos, 0 caidos
[2026-05-29 21:38:46] Estado: 8 vivos, 0 caidos
[2026-05-29 21:43:48] Estado: 8 vivos, 0 caidos
[2026-05-29 21:48:50] Estado: 8 vivos, 0 caidos
[2026-05-29 21:53:52] Estado: 8 vivos, 0 caidos
[2026-05-29 21:58:54] Estado: 8 vivos, 0 caidos
[2026-05-29 22:03:56] Estado: 8 vivos, 0 caidos
[2026-05-29 22:08:58] Estado: 8 vivos, 0 caidos
[2026-05-29 22:14:00] Estado: 8 vivos, 0 caidos
[2026-05-29 22:28:19] ==================================================
[2026-05-29 22:28:19] PROCESS WATCHDOG v2 — CENTINELA INICIADO
[2026-05-29 22:28:19] Vigilando 8 procesos cada 30s
[2026-05-29 22:28:19] Python: C:\Users\fnora\AppData\Local\Programs\Python\Python311\python.exe
[2026-05-29 22:28:19] ==================================================
[2026-05-29 22:28:19] CAIDO: Unified Channel Daemon (Telegram+Discord+Web)
[2026-05-29 22:28:19] [RESTART] Unified Channel Daemon (Telegram+Discord+Web) reiniciado
[2026-05-29 22:28:19] [WATCHDOG_ALERT] [ENJAMBRE: WATCHDOG] [WATCHDOG 22:28:19] ALERTA: Unified Channel Daemon (Telegram+Discord+Web) ha caido. Estado: reiniciado.
[2026-05-29 22:28:19] [WATCHDOG_ALERT] Encolado pasivamente en pending_messages.json
[2026-05-29 22:28:19] CAIDO: Swarm Mesh Listener
[2026-05-29 22:28:19] [KILL SWITCH] Lock activo — NO se reinicia Swarm Mesh Listener.
[2026-05-29 22:28:19] CAIDO: Charm Panel (Web UI :7860)
[2026-05-29 22:28:19] [KILL SWITCH] Lock activo — NO se reinicia Charm Panel (Web UI :7860).
[2026-05-29 22:28:19] CAIDO: Charm Edu P2P Daemon
[2026-05-29 22:28:19] [KILL SWITCH] Lock activo — NO se reinicia Charm Edu P2P Daemon.
[2026-05-29 22:28:19] CAIDO: N8N Bridge Daemon (Docker Proxy)
[2026-05-29 22:28:19] [KILL SWITCH] Lock activo — NO se reinicia N8N Bridge Daemon (Docker Proxy).
[2026-05-29 22:28:19] CAIDO: Guardian Daemon (Seguridad Suprema)
[2026-05-29 22:28:19] [KILL SWITCH] Lock activo — NO se reinicia Guardian Daemon (Seguridad Suprema).
[2026-05-29 22:28:19] [QDRANT] Kill Switch activo - NO se alerta ni reinicia.
[2026-05-29 22:28:19] [IDE] Kill Switch activo — NO se reinicia el IDE.
[2026-05-29 22:28:47] ==================================================
[2026-05-29 22:28:47] PROCESS WATCHDOG v2 — CENTINELA INICIADO
[2026-05-29 22:28:47] Vigilando 8 procesos cada 30s
[2026-05-29 22:28:47] Python: C:\Users\fnora\AppData\Local\Programs\Python\Python311\python.exe
[2026-05-29 22:28:47] ==================================================
[2026-05-29 22:28:47] CAIDO: Swarm Mesh Listener
[2026-05-29 22:28:47] [RESTART] Swarm Mesh Listener reiniciado
[2026-05-29 22:28:47] [WATCHDOG_ALERT] [ENJAMBRE: WATCHDOG] [WATCHDOG 22:28:47] ALERTA: Swarm Mesh Listener ha caido. Estado: reiniciado.
[2026-05-29 22:28:47] [WATCHDOG_ALERT] Encolado pasivamente en pending_messages.json
[2026-05-29 22:28:47] CAIDO: Charm Panel (Web UI :7860)
[2026-05-29 22:28:47] [RESTART] Charm Panel (Web UI :7860) reiniciado
[2026-05-29 22:28:47] [WATCHDOG_ALERT] [ENJAMBRE: WATCHDOG] [WATCHDOG 22:28:47] ALERTA: Charm Panel (Web UI :7860) ha caido. Estado: reiniciado.
[2026-05-29 22:28:47] [WATCHDOG_ALERT] Encolado pasivamente en pending_messages.json
[2026-05-29 22:28:47] CAIDO: Charm Edu P2P Daemon
[2026-05-29 22:28:47] [RESTART] Charm Edu P2P Daemon reiniciado
[2026-05-29 22:28:47] [WATCHDOG_ALERT] [ENJAMBRE: WATCHDOG] [WATCHDOG 22:28:47] ALERTA: Charm Edu P2P Daemon ha caido. Estado: reiniciado.
[2026-05-29 22:28:47] [WATCHDOG_ALERT] Encolado pasivamente en pending_messages.json
[2026-05-29 22:28:47] IDE Charm NO detectado. Reiniciando...
[2026-05-29 22:28:47] [RESTART] Charm.exe no encontrado
[2026-05-29 22:29:20] IDE Charm NO detectado. Reiniciando...
[2026-05-29 22:29:20] [RESTART] Charm.exe no encontrado
[2026-05-29 22:29:47] IDE Charm NO detectado. Reiniciando...
[2026-05-29 22:29:47] [RESTART] Charm.exe no encontrado
[2026-05-29 22:30:20] IDE Charm NO detectado. Reiniciando...
[2026-05-29 22:30:20] [RESTART] Charm.exe no encontrado
[2026-05-29 22:30:48] IDE Charm NO detectado. Reiniciando...
[2026-05-29 22:30:48] [RESTART] Charm.exe no encontrado
[2026-05-29 22:31:20] IDE Charm NO detectado. Reiniciando...
[2026-05-29 22:31:20] [RESTART] Charm.exe no encontrado
[2026-05-29 22:31:48] IDE Charm NO detectado. Reiniciando...
[2026-05-29 22:31:48] [RESTART] Charm.exe no encontrado
[2026-05-29 22:32:21] IDE Charm NO detectado. Reiniciando...
[2026-05-29 22:32:21] [RESTART] Charm.exe no encontrado
[2026-05-29 22:32:48] IDE Charm NO detectado. Reiniciando...
[2026-05-29 22:32:48] [RESTART] Charm.exe no encontrado
[2026-05-29 22:32:51] Estado: 7 vivos, 1 caidos
[2026-05-29 22:33:18] Estado: 7 vivos, 1 caidos
[2026-05-29 22:33:21] CAIDO: Swarm Mesh Listener
[2026-05-29 22:33:21] [RESTART] Swarm Mesh Listener reiniciado
[2026-05-29 22:33:21] [WATCHDOG_ALERT] [ENJAMBRE: WATCHDOG] [WATCHDOG 22:33:21] ALERTA: Swarm Mesh Listener ha caido. Estado: reiniciado.
[2026-05-29 22:33:21] [WATCHDOG_ALERT] Encolado pasivamente en pending_messages.json
[2026-05-29 22:33:21] IDE Charm NO detectado. Reiniciando...
[2026-05-29 22:33:21] [RESTART] Charm.exe no encontrado
[2026-05-29 22:33:48] CAIDO: Swarm Mesh Listener
[2026-05-29 22:33:48] [RESTART] Swarm Mesh Listener reiniciado
[2026-05-29 22:33:48] [WATCHDOG_ALERT] [ENJAMBRE: WATCHDOG] [WATCHDOG 22:33:48] ALERTA: Swarm Mesh Listener ha caido. Estado: reiniciado.
[2026-05-29 22:33:48] [WATCHDOG_ALERT] Encolado pasivamente en pending_messages.json
[2026-05-29 22:33:49] IDE Charm NO detectado. Reiniciando...
[2026-05-29 22:33:49] [RESTART] Charm.exe no encontrado
[2026-05-29 22:34:21] IDE Charm NO detectado. Reiniciando...
[2026-05-29 22:34:21] [RESTART] Charm.exe no encontrado
[2026-05-29 22:34:49] IDE Charm NO detectado. Reiniciando...
[2026-05-29 22:34:49] [RESTART] Charm.exe no encontrado
[2026-05-29 22:35:22] IDE Charm NO detectado. Reiniciando...
[2026-05-29 22:35:22] [RESTART] Charm.exe no encontrado
[2026-05-29 22:35:49] IDE Charm NO detectado. Reiniciando...
[2026-05-29 22:35:49] [RESTART] Charm.exe no encontrado
[2026-05-29 22:36:22] IDE Charm NO detectado. Reiniciando...
[2026-05-29 22:36:22] [RESTART] Charm.exe no encontrado
[2026-05-29 22:36:50] IDE Charm NO detectado. Reiniciando...
[2026-05-29 22:36:50] [RESTART] Charm.exe no encontrado
[2026-05-29 22:37:22] IDE Charm NO detectado. Reiniciando...
[2026-05-29 22:37:22] [RESTART] Charm.exe no encontrado
[2026-05-29 22:37:50] IDE Charm NO detectado. Reiniciando...
[2026-05-29 22:37:50] [RESTART] Charm.exe no encontrado
[2026-05-29 22:37:52] Estado: 7 vivos, 1 caidos
[2026-05-29 22:38:20] Estado: 7 vivos, 1 caidos
[2026-05-29 22:38:22] CAIDO: Swarm Mesh Listener
[2026-05-29 22:38:22] [RESTART] Swarm Mesh Listener reiniciado
[2026-05-29 22:38:22] [WATCHDOG_ALERT] [ENJAMBRE: WATCHDOG] [WATCHDOG 22:38:22] ALERTA: Swarm Mesh Listener ha caido. Estado: reiniciado.
[2026-05-29 22:38:22] [WATCHDOG_ALERT] Encolado pasivamente en pending_messages.json
[2026-05-29 22:38:23] IDE Charm NO detectado. Reiniciando...
[2026-05-29 22:38:23] [RESTART] Charm.exe no encontrado
[2026-05-29 22:38:50] CAIDO: Swarm Mesh Listener
[2026-05-29 22:38:50] [RESTART] Swarm Mesh Listener reiniciado
[2026-05-29 22:38:50] [WATCHDOG_ALERT] [ENJAMBRE: WATCHDOG] [WATCHDOG 22:38:50] ALERTA: Swarm Mesh Listener ha caido. Estado: reiniciado.
[2026-05-29 22:38:50] [WATCHDOG_ALERT] Encolado pasivamente en pending_messages.json
[2026-05-29 22:38:50] IDE Charm NO detectado. Reiniciando...
[2026-05-29 22:38:50] [RESTART] Charm.exe no encontrado
[2026-05-29 22:39:23] IDE Charm NO detectado. Reiniciando...
[2026-05-29 22:39:23] [RESTART] Charm.exe no encontrado
[2026-05-29 22:39:51] IDE Charm NO detectado. Reiniciando...
[2026-05-29 22:39:51] [RESTART] Charm.exe no encontrado
[2026-05-29 22:40:23] IDE Charm NO detectado. Reiniciando...
[2026-05-29 22:40:23] [RESTART] Charm.exe no encontrado
[2026-05-29 22:40:51] IDE Charm NO detectado. Reiniciando...
[2026-05-29 22:40:51] [RESTART] Charm.exe no encontrado
[2026-05-29 22:41:23] IDE Charm NO detectado. Reiniciando...
[2026-05-29 22:41:23] [RESTART] Charm.exe no encontrado
[2026-05-29 22:41:51] IDE Charm NO detectado. Reiniciando...
[2026-05-29 22:41:51] [RESTART] Charm.exe no encontrado
[2026-05-29 22:42:24] IDE Charm NO detectado. Reiniciando...
[2026-05-29 22:42:24] [RESTART] Charm.exe no encontrado
[2026-05-29 22:42:51] IDE Charm NO detectado. Reiniciando...
[2026-05-29 22:42:51] [RESTART] Charm.exe no encontrado
[2026-05-29 22:42:54] Estado: 7 vivos, 1 caidos
[2026-05-29 22:43:22] Estado: 7 vivos, 1 caidos
[2026-05-29 22:43:24] CAIDO: Swarm Mesh Listener
[2026-05-29 22:43:24] [RESTART] Swarm Mesh Listener reiniciado
[2026-05-29 22:43:24] [WATCHDOG_ALERT] [ENJAMBRE: WATCHDOG] [WATCHDOG 22:43:24] ALERTA: Swarm Mesh Listener ha caido. Estado: reiniciado.
[2026-05-29 22:43:24] [WATCHDOG_ALERT] Encolado pasivamente en pending_messages.json
[2026-05-29 22:43:24] IDE Charm NO detectado. Reiniciando...
[2026-05-29 22:43:24] [RESTART] Charm.exe no encontrado
[2026-05-29 22:43:52] CAIDO: Swarm Mesh Listener
[2026-05-29 22:43:52] [RESTART] Swarm Mesh Listener reiniciado
[2026-05-29 22:43:52] [WATCHDOG_ALERT] [ENJAMBRE: WATCHDOG] [WATCHDOG 22:43:52] ALERTA: Swarm Mesh Listener ha caido. Estado: reiniciado.
[2026-05-29 22:43:52] [WATCHDOG_ALERT] Encolado pasivamente en pending_messages.json
[2026-05-29 22:43:52] IDE Charm NO detectado. Reiniciando...
[2026-05-29 22:43:52] [RESTART] Charm.exe no encontrado
[2026-05-29 22:44:24] IDE Charm NO detectado. Reiniciando...
[2026-05-29 22:44:24] [RESTART] Charm.exe no encontrado
[2026-05-29 22:44:52] IDE Charm NO detectado. Reiniciando...
[2026-05-29 22:44:52] [RESTART] Charm.exe no encontrado
[2026-05-29 22:45:25] IDE Charm NO detectado. Reiniciando...
[2026-05-29 22:45:25] [RESTART] Charm.exe no encontrado
[2026-05-29 22:45:52] IDE Charm NO detectado. Reiniciando...
[2026-05-29 22:45:52] [RESTART] Charm.exe no encontrado
[2026-05-29 22:46:25] IDE Charm NO detectado. Reiniciando...
[2026-05-29 22:46:25] [RESTART] Charm.exe no encontrado
[2026-05-29 22:46:53] IDE Charm NO detectado. Reiniciando...
[2026-05-29 22:46:53] [RESTART] Charm.exe no encontrado
[2026-05-29 22:47:25] IDE Charm NO detectado. Reiniciando...
[2026-05-29 22:47:25] [RESTART] Charm.exe no encontrado
[2026-05-29 22:47:53] IDE Charm NO detectado. Reiniciando...
[2026-05-29 22:47:53] [RESTART] Charm.exe no encontrado
[2026-05-29 22:47:55] Estado: 7 vivos, 1 caidos
[2026-05-29 22:48:23] Estado: 7 vivos, 1 caidos
[2026-05-29 22:48:25] CAIDO: Swarm Mesh Listener
[2026-05-29 22:48:25] [RESTART] Swarm Mesh Listener reiniciado
[2026-05-29 22:48:25] [WATCHDOG_ALERT] [ENJAMBRE: WATCHDOG] [WATCHDOG 22:48:25] ALERTA: Swarm Mesh Listener ha caido. Estado: reiniciado.
[2026-05-29 22:48:26] [WATCHDOG_ALERT] Encolado pasivamente en pending_messages.json
[2026-05-29 22:48:26] IDE Charm NO detectado. Reiniciando...
[2026-05-29 22:48:26] [RESTART] Charm.exe no encontrado
[2026-05-29 22:48:53] CAIDO: Swarm Mesh Listener
[2026-05-29 22:48:53] [RESTART] Swarm Mesh Listener reiniciado
[2026-05-29 22:48:53] [WATCHDOG_ALERT] [ENJAMBRE: WATCHDOG] [WATCHDOG 22:48:53] ALERTA: Swarm Mesh Listener ha caido. Estado: reiniciado.
[2026-05-29 22:48:53] [WATCHDOG_ALERT] Encolado pasivamente en pending_messages.json
[2026-05-29 22:48:53] IDE Charm NO detectado. Reiniciando...
[2026-05-29 22:48:53] [RESTART] Charm.exe no encontrado
[2026-05-29 22:49:26] IDE Charm NO detectado. Reiniciando...
[2026-05-29 22:49:26] [RESTART] Charm.exe no encontrado
[2026-05-29 22:49:54] IDE Charm NO detectado. Reiniciando...
[2026-05-29 22:49:54] [RESTART] Charm.exe no encontrado
[2026-05-29 22:50:26] IDE Charm NO detectado. Reiniciando...
[2026-05-29 22:50:26] [RESTART] Charm.exe no encontrado
[2026-05-29 22:50:54] IDE Charm NO detectado. Reiniciando...
[2026-05-29 22:50:54] [RESTART] Charm.exe no encontrado
[2026-05-29 22:51:26] IDE Charm NO detectado. Reiniciando...
[2026-05-29 22:51:26] [RESTART] Charm.exe no encontrado
[2026-05-29 22:51:54] IDE Charm NO detectado. Reiniciando...
[2026-05-29 22:51:54] [RESTART] Charm.exe no encontrado
[2026-05-29 22:52:27] IDE Charm NO detectado. Reiniciando...
[2026-05-29 22:52:27] [RESTART] Charm.exe no encontrado
[2026-05-29 22:52:55] IDE Charm NO detectado. Reiniciando...
[2026-05-29 22:52:55] [RESTART] Charm.exe no encontrado
[2026-05-29 22:52:57] Estado: 7 vivos, 1 caidos
[2026-05-29 22:53:25] Estado: 7 vivos, 1 caidos
[2026-05-29 22:53:27] CAIDO: Swarm Mesh Listener
[2026-05-29 22:53:27] [RESTART] Swarm Mesh Listener reiniciado
[2026-05-29 22:53:27] [WATCHDOG_ALERT] [ENJAMBRE: WATCHDOG] [WATCHDOG 22:53:27] ALERTA: Swarm Mesh Listener ha caido. Estado: reiniciado.
[2026-05-29 22:53:27] [WATCHDOG_ALERT] Encolado pasivamente en pending_messages.json
[2026-05-29 22:53:27] IDE Charm NO detectado. Reiniciando...
[2026-05-29 22:53:27] [RESTART] Charm.exe no encontrado
[2026-05-29 22:53:55] CAIDO: Swarm Mesh Listener
[2026-05-29 22:53:55] [RESTART] Swarm Mesh Listener reiniciado
[2026-05-29 22:53:55] [WATCHDOG_ALERT] [ENJAMBRE: WATCHDOG] [WATCHDOG 22:53:55] ALERTA: Swarm Mesh Listener ha caido. Estado: reiniciado.
[2026-05-29 22:53:55] [WATCHDOG_ALERT] Encolado pasivamente en pending_messages.json
[2026-05-29 22:53:55] IDE Charm NO detectado. Reiniciando...
[2026-05-29 22:53:55] [RESTART] Charm.exe no encontrado
[2026-05-29 22:54:27] IDE Charm NO detectado. Reiniciando...
[2026-05-29 22:54:27] [RESTART] Charm.exe no encontrado
[2026-05-29 22:54:55] IDE Charm NO detectado. Reiniciando...
[2026-05-29 22:54:55] [RESTART] Charm.exe no encontrado
[2026-05-29 22:55:28] IDE Charm NO detectado. Reiniciando...
[2026-05-29 22:55:28] [RESTART] Charm.exe no encontrado
[2026-05-29 22:55:55] IDE Charm NO detectado. Reiniciando...
[2026-05-29 22:55:55] [RESTART] Charm.exe no encontrado
[2026-05-29 22:56:28] IDE Charm NO detectado. Reiniciando...
[2026-05-29 22:56:28] [RESTART] Charm.exe no encontrado
[2026-05-29 22:56:56] IDE Charm NO detectado. Reiniciando...
[2026-05-29 22:56:56] [RESTART] Charm.exe no encontrado
[2026-05-29 22:57:28] IDE Charm NO detectado. Reiniciando...
[2026-05-29 22:57:28] [RESTART] Charm.exe no encontrado
[2026-05-29 22:57:56] IDE Charm NO detectado. Reiniciando...
[2026-05-29 22:57:56] [RESTART] Charm.exe no encontrado
[2026-05-29 22:57:58] Estado: 7 vivos, 1 caidos
[2026-05-29 22:58:26] Estado: 7 vivos, 1 caidos
[2026-05-29 22:58:29] CAIDO: Swarm Mesh Listener
[2026-05-29 22:58:29] [RESTART] Swarm Mesh Listener reiniciado
[2026-05-29 22:58:29] [WATCHDOG_ALERT] [ENJAMBRE: WATCHDOG] [WATCHDOG 22:58:29] ALERTA: Swarm Mesh Listener ha caido. Estado: reiniciado.
[2026-05-29 22:58:29] [WATCHDOG_ALERT] Encolado pasivamente en pending_messages.json
[2026-05-29 22:58:29] IDE Charm NO detectado. Reiniciando...
[2026-05-29 22:58:29] [RESTART] Charm.exe no encontrado
[2026-05-29 22:58:56] CAIDO: Swarm Mesh Listener
[2026-05-29 22:58:56] [RESTART] Swarm Mesh Listener reiniciado
[2026-05-29 22:58:56] [WATCHDOG_ALERT] [ENJAMBRE: WATCHDOG] [WATCHDOG 22:58:56] ALERTA: Swarm Mesh Listener ha caido. Estado: reiniciado.
[2026-05-29 22:58:56] [WATCHDOG_ALERT] Encolado pasivamente en pending_messages.json
[2026-05-29 22:58:56] IDE Charm NO detectado. Reiniciando...
[2026-05-29 22:58:56] [RESTART] Charm.exe no encontrado
[2026-05-29 22:59:29] IDE Charm NO detectado. Reiniciando...
[2026-05-29 22:59:29] [RESTART] Charm.exe no encontrado
[2026-05-29 22:59:57] IDE Charm NO detectado. Reiniciando...
[2026-05-29 22:59:57] [RESTART] Charm.exe no encontrado
[2026-05-29 23:00:29] IDE Charm NO detectado. Reiniciando...
[2026-05-29 23:00:29] [RESTART] Charm.exe no encontrado
[2026-05-29 23:00:57] IDE Charm NO detectado. Reiniciando...
[2026-05-29 23:00:57] [RESTART] Charm.exe no encontrado
[2026-05-29 23:01:30] IDE Charm NO detectado. Reiniciando...
[2026-05-29 23:01:30] [RESTART] Charm.exe no encontrado
[2026-05-29 23:01:57] IDE Charm NO detectado. Reiniciando...
[2026-05-29 23:01:57] [RESTART] Charm.exe no encontrado
[2026-05-29 23:02:30] IDE Charm NO detectado. Reiniciando...
[2026-05-29 23:02:30] [RESTART] Charm.exe no encontrado
[2026-05-29 23:02:58] IDE Charm NO detectado. Reiniciando...
[2026-05-29 23:02:58] [RESTART] Charm.exe no encontrado
[2026-05-29 23:03:00] Estado: 7 vivos, 1 caidos
[2026-05-29 23:03:28] Estado: 7 vivos, 1 caidos
[2026-05-29 23:03:30] CAIDO: Swarm Mesh Listener
[2026-05-29 23:03:30] [RESTART] Swarm Mesh Listener reiniciado
[2026-05-29 23:03:30] [WATCHDOG_ALERT] [ENJAMBRE: WATCHDOG] [WATCHDOG 23:03:30] ALERTA: Swarm Mesh Listener ha caido. Estado: reiniciado.
[2026-05-29 23:03:30] [WATCHDOG_ALERT] Encolado pasivamente en pending_messages.json
[2026-05-29 23:03:30] IDE Charm NO detectado. Reiniciando...
[2026-05-29 23:03:30] [RESTART] Charm.exe no encontrado
[2026-05-29 23:03:58] CAIDO: Swarm Mesh Listener
[2026-05-29 23:03:58] [RESTART] Swarm Mesh Listener reiniciado
[2026-05-29 23:03:58] [WATCHDOG_ALERT] [ENJAMBRE: WATCHDOG] [WATCHDOG 23:03:58] ALERTA: Swarm Mesh Listener ha caido. Estado: reiniciado.
[2026-05-29 23:03:58] [WATCHDOG_ALERT] Encolado pasivamente en pending_messages.json
[2026-05-29 23:03:58] IDE Charm NO detectado. Reiniciando...
[2026-05-29 23:03:58] [RESTART] Charm.exe no encontrado
[2026-05-29 23:04:31] IDE Charm NO detectado. Reiniciando...
[2026-05-29 23:04:31] [RESTART] Charm.exe no encontrado
[2026-05-29 23:04:58] IDE Charm NO detectado. Reiniciando...
[2026-05-29 23:04:58] [RESTART] Charm.exe no encontrado
[2026-05-29 23:05:31] IDE Charm NO detectado. Reiniciando...
[2026-05-29 23:05:31] [RESTART] Charm.exe no encontrado
[2026-05-29 23:05:59] IDE Charm NO detectado. Reiniciando...
[2026-05-29 23:05:59] [RESTART] Charm.exe no encontrado
[2026-05-29 23:06:31] IDE Charm NO detectado. Reiniciando...
[2026-05-29 23:06:31] [RESTART] Charm.exe no encontrado
[2026-05-29 23:06:59] IDE Charm NO detectado. Reiniciando...
[2026-05-29 23:06:59] [RESTART] Charm.exe no encontrado
[2026-05-29 23:07:31] IDE Charm NO detectado. Reiniciando...
[2026-05-29 23:07:31] [RESTART] Charm.exe no encontrado
[2026-05-29 23:07:59] IDE Charm NO detectado. Reiniciando...
[2026-05-29 23:07:59] [RESTART] Charm.exe no encontrado
[2026-05-29 23:08:02] Estado: 7 vivos, 1 caidos
[2026-05-29 23:08:29] Estado: 7 vivos, 1 caidos
[2026-05-29 23:08:32] CAIDO: Swarm Mesh Listener
[2026-05-29 23:08:32] [RESTART] Swarm Mesh Listener reiniciado
[2026-05-29 23:08:32] [WATCHDOG_ALERT] [ENJAMBRE: WATCHDOG] [WATCHDOG 23:08:32] ALERTA: Swarm Mesh Listener ha caido. Estado: reiniciado.
[2026-05-29 23:08:32] [WATCHDOG_ALERT] Encolado pasivamente en pending_messages.json
[2026-05-29 23:08:32] IDE Charm NO detectado. Reiniciando...
[2026-05-29 23:08:32] [RESTART] Charm.exe no encontrado
[2026-05-29 23:09:00] CAIDO: Swarm Mesh Listener
[2026-05-29 23:09:00] [RESTART] Swarm Mesh Listener reiniciado
[2026-05-29 23:09:00] [WATCHDOG_ALERT] [ENJAMBRE: WATCHDOG] [WATCHDOG 23:09:00] ALERTA: Swarm Mesh Listener ha caido. Estado: reiniciado.
[2026-05-29 23:09:00] [WATCHDOG_ALERT] Encolado pasivamente en pending_messages.json
[2026-05-29 23:09:00] IDE Charm NO detectado. Reiniciando...
[2026-05-29 23:09:00] [RESTART] Charm.exe no encontrado
[2026-05-29 23:09:32] IDE Charm NO detectado. Reiniciando...
[2026-05-29 23:09:32] [RESTART] Charm.exe no encontrado
[2026-05-29 23:10:00] IDE Charm NO detectado. Reiniciando...
[2026-05-29 23:10:00] [RESTART] Charm.exe no encontrado
[2026-05-29 23:10:32] IDE Charm NO detectado. Reiniciando...
[2026-05-29 23:10:32] [RESTART] Charm.exe no encontrado
[2026-05-29 23:11:00] IDE Charm NO detectado. Reiniciando...
[2026-05-29 23:11:00] [RESTART] Charm.exe no encontrado
[2026-05-29 23:11:33] IDE Charm NO detectado. Reiniciando...
[2026-05-29 23:11:33] [RESTART] Charm.exe no encontrado
[2026-05-29 23:12:00] IDE Charm NO detectado. Reiniciando...
[2026-05-29 23:12:00] [RESTART] Charm.exe no encontrado
[2026-05-29 23:12:33] IDE Charm NO detectado. Reiniciando...
[2026-05-29 23:12:33] [RESTART] Charm.exe no encontrado
[2026-05-29 23:13:01] IDE Charm NO detectado. Reiniciando...
[2026-05-29 23:13:01] [RESTART] Charm.exe no encontrado
[2026-05-29 23:13:03] Estado: 7 vivos, 1 caidos
[2026-05-29 23:13:31] Estado: 7 vivos, 1 caidos
[2026-05-29 23:13:33] CAIDO: Swarm Mesh Listener
[2026-05-29 23:13:33] [RESTART] Swarm Mesh Listener reiniciado
[2026-05-29 23:13:33] [WATCHDOG_ALERT] [ENJAMBRE: WATCHDOG] [WATCHDOG 23:13:33] ALERTA: Swarm Mesh Listener ha caido. Estado: reiniciado.
[2026-05-29 23:13:33] [WATCHDOG_ALERT] Encolado pasivamente en pending_messages.json
[2026-05-29 23:13:33] IDE Charm NO detectado. Reiniciando...
[2026-05-29 23:13:33] [RESTART] Charm.exe no encontrado
[2026-05-29 23:14:01] CAIDO: Swarm Mesh Listener
[2026-05-29 23:14:01] [RESTART] Swarm Mesh Listener reiniciado
[2026-05-29 23:14:01] [WATCHDOG_ALERT] [ENJAMBRE: WATCHDOG] [WATCHDOG 23:14:01] ALERTA: Swarm Mesh Listener ha caido. Estado: reiniciado.
[2026-05-29 23:14:01] [WATCHDOG_ALERT] Encolado pasivamente en pending_messages.json
[2026-05-29 23:14:01] IDE Charm NO detectado. Reiniciando...
[2026-05-29 23:14:01] [RESTART] Charm.exe no encontrado
[2026-05-29 23:14:34] IDE Charm NO detectado. Reiniciando...
[2026-05-29 23:14:34] [RESTART] Charm.exe no encontrado
[2026-05-29 23:15:01] IDE Charm NO detectado. Reiniciando...
[2026-05-29 23:15:01] [RESTART] Charm.exe no encontrado
[2026-05-29 23:15:34] IDE Charm NO detectado. Reiniciando...
[2026-05-29 23:15:34] [RESTART] Charm.exe no encontrado
[2026-05-29 23:16:02] IDE Charm NO detectado. Reiniciando...
[2026-05-29 23:16:02] [RESTART] Charm.exe no encontrado
[2026-05-29 23:16:34] IDE Charm NO detectado. Reiniciando...
[2026-05-29 23:16:34] [RESTART] Charm.exe no encontrado
[2026-05-29 23:17:02] IDE Charm NO detectado. Reiniciando...
[2026-05-29 23:17:02] [RESTART] Charm.exe no encontrado
[2026-05-29 23:17:35] IDE Charm NO detectado. Reiniciando...
[2026-05-29 23:17:35] [RESTART] Charm.exe no encontrado
[2026-05-29 23:18:02] IDE Charm NO detectado. Reiniciando...
[2026-05-29 23:18:02] [RESTART] Charm.exe no encontrado
[2026-05-29 23:18:05] Estado: 7 vivos, 1 caidos
[2026-05-29 23:18:33] Estado: 7 vivos, 1 caidos
[2026-05-29 23:18:35] CAIDO: Swarm Mesh Listener
[2026-05-29 23:18:35] [RESTART] Swarm Mesh Listener reiniciado
[2026-05-29 23:18:35] [WATCHDOG_ALERT] [ENJAMBRE: WATCHDOG] [WATCHDOG 23:18:35] ALERTA: Swarm Mesh Listener ha caido. Estado: reiniciado.
[2026-05-29 23:18:35] [WATCHDOG_ALERT] Encolado pasivamente en pending_messages.json
[2026-05-29 23:18:35] IDE Charm NO detectado. Reiniciando...
[2026-05-29 23:18:35] [RESTART] Charm.exe no encontrado
[2026-05-29 23:19:03] CAIDO: Swarm Mesh Listener
[2026-05-29 23:19:03] [RESTART] Swarm Mesh Listener reiniciado
[2026-05-29 23:19:03] [WATCHDOG_ALERT] [ENJAMBRE: WATCHDOG] [WATCHDOG 23:19:03] ALERTA: Swarm Mesh Listener ha caido. Estado: reiniciado.
[2026-05-29 23:19:03] [WATCHDOG_ALERT] Encolado pasivamente en pending_messages.json
[2026-05-29 23:19:03] IDE Charm NO detectado. Reiniciando...
[2026-05-29 23:19:03] [RESTART] Charm.exe no encontrado
[2026-05-29 23:19:35] IDE Charm NO detectado. Reiniciando...
[2026-05-29 23:19:35] [RESTART] Charm.exe no encontrado
[2026-05-29 23:20:03] IDE Charm NO detectado. Reiniciando...
[2026-05-29 23:20:03] [RESTART] Charm.exe no encontrado
[2026-05-29 23:20:36] IDE Charm NO detectado. Reiniciando...
[2026-05-29 23:20:36] [RESTART] Charm.exe no encontrado
[2026-05-29 23:21:03] IDE Charm NO detectado. Reiniciando...
[2026-05-29 23:21:03] [RESTART] Charm.exe no encontrado
[2026-05-29 23:21:36] IDE Charm NO detectado. Reiniciando...
[2026-05-29 23:21:36] [RESTART] Charm.exe no encontrado
[2026-05-29 23:22:04] IDE Charm NO detectado. Reiniciando...
[2026-05-29 23:22:04] [RESTART] Charm.exe no encontrado
[2026-05-29 23:22:36] IDE Charm NO detectado. Reiniciando...
[2026-05-29 23:22:36] [RESTART] Charm.exe no encontrado
[2026-05-29 23:23:04] IDE Charm NO detectado. Reiniciando...
[2026-05-29 23:23:04] [RESTART] Charm.exe no encontrado
[2026-05-29 23:23:06] Estado: 7 vivos, 1 caidos
[2026-05-29 23:23:34] Estado: 7 vivos, 1 caidos
[2026-05-29 23:23:36] CAIDO: Swarm Mesh Listener
[2026-05-29 23:23:36] [RESTART] Swarm Mesh Listener reiniciado
[2026-05-29 23:23:36] [WATCHDOG_ALERT] [ENJAMBRE: WATCHDOG] [WATCHDOG 23:23:36] ALERTA: Swarm Mesh Listener ha caido. Estado: reiniciado.
[2026-05-29 23:23:36] [WATCHDOG_ALERT] Encolado pasivamente en pending_messages.json
[2026-05-29 23:23:36] IDE Charm NO detectado. Reiniciando...
[2026-05-29 23:23:36] [RESTART] Charm.exe no encontrado
[2026-05-29 23:24:04] CAIDO: Swarm Mesh Listener
[2026-05-29 23:24:04] [RESTART] Swarm Mesh Listener reiniciado
[2026-05-29 23:24:04] [WATCHDOG_ALERT] [ENJAMBRE: WATCHDOG] [WATCHDOG 23:24:04] ALERTA: Swarm Mesh Listener ha caido. Estado: reiniciado.
[2026-05-29 23:24:04] [WATCHDOG_ALERT] Encolado pasivamente en pending_messages.json
[2026-05-29 23:24:04] IDE Charm NO detectado. Reiniciando...
[2026-05-29 23:24:04] [RESTART] Charm.exe no encontrado
[2026-05-29 23:24:37] IDE Charm NO detectado. Reiniciando...
[2026-05-29 23:24:37] [RESTART] Charm.exe no encontrado
[2026-05-29 23:25:05] IDE Charm NO detectado. Reiniciando...
[2026-05-29 23:25:05] [RESTART] Charm.exe no encontrado
[2026-05-29 23:25:37] IDE Charm NO detectado. Reiniciando...
[2026-05-29 23:25:37] [RESTART] Charm.exe no encontrado
[2026-05-29 23:26:05] IDE Charm NO detectado. Reiniciando...
[2026-05-29 23:26:05] [RESTART] Charm.exe no encontrado
[2026-05-29 23:26:37] IDE Charm NO detectado. Reiniciando...
[2026-05-29 23:26:37] [RESTART] Charm.exe no encontrado
[2026-05-29 23:27:05] IDE Charm NO detectado. Reiniciando...
[2026-05-29 23:27:05] [RESTART] Charm.exe no encontrado
[2026-05-29 23:27:38] IDE Charm NO detectado. Reiniciando...
[2026-05-29 23:27:38] [RESTART] Charm.exe no encontrado
[2026-05-29 23:28:06] IDE Charm NO detectado. Reiniciando...
[2026-05-29 23:28:06] [RESTART] Charm.exe no encontrado
[2026-05-29 23:28:08] Estado: 7 vivos, 1 caidos
[2026-05-29 23:28:36] Estado: 7 vivos, 1 caidos
[2026-05-29 23:28:38] CAIDO: Swarm Mesh Listener
[2026-05-29 23:28:38] [RESTART] Swarm Mesh Listener reiniciado
[2026-05-29 23:28:38] [WATCHDOG_ALERT] [ENJAMBRE: WATCHDOG] [WATCHDOG 23:28:38] ALERTA: Swarm Mesh Listener ha caido. Estado: reiniciado.
[2026-05-29 23:28:38] [WATCHDOG_ALERT] Encolado pasivamente en pending_messages.json
[2026-05-29 23:28:38] IDE Charm NO detectado. Reiniciando...
[2026-05-29 23:28:38] [RESTART] Charm.exe no encontrado
[2026-05-29 23:29:04] ==================================================
[2026-05-29 23:29:04] PROCESS WATCHDOG v2 — CENTINELA INICIADO
[2026-05-29 23:29:04] Vigilando 8 procesos cada 30s
[2026-05-29 23:29:04] Python: C:\Users\fnora\AppData\Local\Programs\Python\Python311\python.exe
[2026-05-29 23:29:04] ==================================================
[2026-05-29 23:29:04] CAIDO: Swarm Mesh Listener
[2026-05-29 23:29:04] [RESTART] Swarm Mesh Listener reiniciado
[2026-05-29 23:29:04] [WATCHDOG_ALERT] [ENJAMBRE: WATCHDOG] [WATCHDOG 23:29:04] ALERTA: Swarm Mesh Listener ha caido. Estado: reiniciado.
[2026-05-29 23:29:04] [WATCHDOG_ALERT] Encolado pasivamente en pending_messages.json
[2026-05-29 23:29:05] IDE Charm NO detectado. Reiniciando...
[2026-05-29 23:29:05] [RESTART] Charm.exe no encontrado
[2026-05-29 23:29:06] CAIDO: Swarm Mesh Listener
[2026-05-29 23:29:06] [RESTART] Swarm Mesh Listener reiniciado
[2026-05-29 23:29:06] [WATCHDOG_ALERT] [ENJAMBRE: WATCHDOG] [WATCHDOG 23:29:06] ALERTA: Swarm Mesh Listener ha caido. Estado: reiniciado.
[2026-05-29 23:29:06] [WATCHDOG_ALERT] Encolado pasivamente en pending_messages.json
[2026-05-29 23:29:06] IDE Charm NO detectado. Reiniciando...
[2026-05-29 23:29:06] [RESTART] Charm.exe no encontrado
[2026-05-29 23:29:38] IDE Charm NO detectado. Reiniciando...
[2026-05-29 23:29:38] [RESTART] Charm.exe no encontrado
[2026-05-29 23:30:05] IDE Charm NO detectado. Reiniciando...
[2026-05-29 23:30:05] [RESTART] Charm.exe no encontrado
[2026-05-29 23:30:06] IDE Charm NO detectado. Reiniciando...
[2026-05-29 23:30:06] [RESTART] Charm.exe no encontrado
[2026-05-29 23:33:04] ==================================================
[2026-05-29 23:33:04] PROCESS WATCHDOG v2 — CENTINELA INICIADO
[2026-05-29 23:33:04] Vigilando 8 procesos cada 30s
[2026-05-29 23:33:04] Python: C:\Users\fnora\AppData\Local\Programs\Python\Python311\python.exe
[2026-05-29 23:33:04] ==================================================
[2026-05-29 23:33:04] CAIDO: Unified Channel Daemon (Telegram+Discord+Web)
[2026-05-29 23:33:04] [RESTART] Unified Channel Daemon (Telegram+Discord+Web) reiniciado
[2026-05-29 23:33:04] [WATCHDOG_ALERT] [ENJAMBRE: WATCHDOG] [WATCHDOG 23:33:04] ALERTA: Unified Channel Daemon (Telegram+Discord+Web) ha caido. Estado: reiniciado.
[2026-05-29 23:33:04] [WATCHDOG_ALERT] Encolado pasivamente en pending_messages.json
[2026-05-29 23:33:04] CAIDO: Swarm Mesh Listener
[2026-05-29 23:33:04] [RESTART] Swarm Mesh Listener reiniciado
[2026-05-29 23:33:04] [WATCHDOG_ALERT] [ENJAMBRE: WATCHDOG] [WATCHDOG 23:33:04] ALERTA: Swarm Mesh Listener ha caido. Estado: reiniciado.
[2026-05-29 23:33:04] [WATCHDOG_ALERT] Encolado pasivamente en pending_messages.json
[2026-05-29 23:33:04] CAIDO: Charm Panel (Web UI :7860)
[2026-05-29 23:33:04] [RESTART] Charm Panel (Web UI :7860) reiniciado
[2026-05-29 23:33:04] [WATCHDOG_ALERT] [ENJAMBRE: WATCHDOG] [WATCHDOG 23:33:04] ALERTA: Charm Panel (Web UI :7860) ha caido. Estado: reiniciado.
[2026-05-29 23:33:04] [WATCHDOG_ALERT] Encolado pasivamente en pending_messages.json
[2026-05-29 23:33:04] CAIDO: Charm Edu P2P Daemon
[2026-05-29 23:33:04] [RESTART] Charm Edu P2P Daemon reiniciado
[2026-05-29 23:33:04] [WATCHDOG_ALERT] [ENJAMBRE: WATCHDOG] [WATCHDOG 23:33:04] ALERTA: Charm Edu P2P Daemon ha caido. Estado: reiniciado.
[2026-05-29 23:33:04] [WATCHDOG_ALERT] Encolado pasivamente en pending_messages.json
[2026-05-29 23:33:04] CAIDO: N8N Bridge Daemon (Docker Proxy)
[2026-05-29 23:33:04] [RESTART] N8N Bridge Daemon (Docker Proxy) reiniciado
[2026-05-29 23:33:04] [WATCHDOG_ALERT] [ENJAMBRE: WATCHDOG] [WATCHDOG 23:33:04] ALERTA: N8N Bridge Daemon (Docker Proxy) ha caido. Estado: reiniciado.
[2026-05-29 23:33:04] [WATCHDOG_ALERT] Encolado pasivamente en pending_messages.json
[2026-05-29 23:33:04] CAIDO: Guardian Daemon (Seguridad Suprema)
[2026-05-29 23:33:04] [RESTART] Guardian Daemon (Seguridad Suprema) reiniciado
[2026-05-29 23:33:04] [WATCHDOG_ALERT] [ENJAMBRE: WATCHDOG] [WATCHDOG 23:33:04] ALERTA: Guardian Daemon (Seguridad Suprema) ha caido. Estado: reiniciado.
[2026-05-29 23:33:04] [WATCHDOG_ALERT] Encolado pasivamente en pending_messages.json
[2026-05-29 23:33:04] IDE Charm NO detectado. Reiniciando...
[2026-05-29 23:33:04] [RESTART] Charm.exe no encontrado
[2026-05-30 00:39:02] ==================================================
[2026-05-30 00:39:02] PROCESS WATCHDOG v2 — CENTINELA INICIADO
[2026-05-30 00:39:02] Vigilando 8 procesos cada 30s
[2026-05-30 00:39:02] Python: C:\Users\fnora\AppData\Local\Programs\Python\Python311\python.exe
[2026-05-30 00:39:02] ==================================================
[2026-05-30 00:39:02] CAIDO: Unified Channel Daemon (Telegram+Discord+Web)
[2026-05-30 00:39:02] [RESTART] Unified Channel Daemon (Telegram+Discord+Web) reiniciado
[2026-05-30 00:39:02] [WATCHDOG_ALERT] [ENJAMBRE: WATCHDOG] [WATCHDOG 00:39:02] ALERTA: Unified Channel Daemon (Telegram+Discord+Web) ha caido. Estado: reiniciado.
[2026-05-30 00:39:02] [WATCHDOG_ALERT] Encolado pasivamente en pending_messages.json
[2026-05-30 00:39:02] CAIDO: Web Monitor
[2026-05-30 00:39:02] [RESTART] Web Monitor reiniciado
[2026-05-30 00:39:02] [WATCHDOG_ALERT] [ENJAMBRE: WATCHDOG] [WATCHDOG 00:39:02] ALERTA: Web Monitor ha caido. Estado: reiniciado.
[2026-05-30 00:39:02] [WATCHDOG_ALERT] Encolado pasivamente en pending_messages.json
[2026-05-30 00:39:02] CAIDO: Swarm Mesh Listener
[2026-05-30 00:39:02] [RESTART] Swarm Mesh Listener reiniciado
[2026-05-30 00:39:02] [WATCHDOG_ALERT] [ENJAMBRE: WATCHDOG] [WATCHDOG 00:39:02] ALERTA: Swarm Mesh Listener ha caido. Estado: reiniciado.
[2026-05-30 00:39:02] [WATCHDOG_ALERT] Encolado pasivamente en pending_messages.json
[2026-05-30 00:39:02] CAIDO: Charm Panel (Web UI :7860)
[2026-05-30 00:39:02] [RESTART] Charm Panel (Web UI :7860) reiniciado
[2026-05-30 00:39:02] [WATCHDOG_ALERT] [ENJAMBRE: WATCHDOG] [WATCHDOG 00:39:02] ALERTA: Charm Panel (Web UI :7860) ha caido. Estado: reiniciado.
[2026-05-30 00:39:02] [WATCHDOG_ALERT] Encolado pasivamente en pending_messages.json
[2026-05-30 00:39:02] CAIDO: Swarm AI Watchdog (Pool de IAs)
[2026-05-30 00:39:02] [RESTART] Swarm AI Watchdog (Pool de IAs) reiniciado
[2026-05-30 00:39:02] [WATCHDOG_ALERT] [ENJAMBRE: WATCHDOG] [WATCHDOG 00:39:02] ALERTA: Swarm AI Watchdog (Pool de IAs) ha caido. Estado: reiniciado.
[2026-05-30 00:39:02] [WATCHDOG_ALERT] Encolado pasivamente en pending_messages.json
[2026-05-30 00:39:02] CAIDO: Charm Edu P2P Daemon
[2026-05-30 00:39:02] [RESTART] Charm Edu P2P Daemon reiniciado
[2026-05-30 00:39:02] [WATCHDOG_ALERT] [ENJAMBRE: WATCHDOG] [WATCHDOG 00:39:02] ALERTA: Charm Edu P2P Daemon ha caido. Estado: reiniciado.
[2026-05-30 00:39:02] [WATCHDOG_ALERT] Encolado pasivamente en pending_messages.json
[2026-05-30 00:39:02] CAIDO: N8N Bridge Daemon (Docker Proxy)
[2026-05-30 00:39:02] [RESTART] N8N Bridge Daemon (Docker Proxy) reiniciado
[2026-05-30 00:39:02] [WATCHDOG_ALERT] [ENJAMBRE: WATCHDOG] [WATCHDOG 00:39:02] ALERTA: N8N Bridge Daemon (Docker Proxy) ha caido. Estado: reiniciado.
[2026-05-30 00:39:02] [WATCHDOG_ALERT] Encolado pasivamente en pending_messages.json
[2026-05-30 00:39:02] CAIDO: Guardian Daemon (Seguridad Suprema)
[2026-05-30 00:39:02] [RESTART] Guardian Daemon (Seguridad Suprema) reiniciado
[2026-05-30 00:39:02] [WATCHDOG_ALERT] [ENJAMBRE: WATCHDOG] [WATCHDOG 00:39:02] ALERTA: Guardian Daemon (Seguridad Suprema) ha caido. Estado: reiniciado.
[2026-05-30 00:39:02] [WATCHDOG_ALERT] Encolado pasivamente en pending_messages.json
[2026-05-30 00:43:34] Estado: 7 vivos, 1 caidos
[2026-05-30 00:44:04] CAIDO: Swarm Mesh Listener
[2026-05-30 00:44:04] [RESTART] Swarm Mesh Listener reiniciado
[2026-05-30 00:44:04] [WATCHDOG_ALERT] [ENJAMBRE: WATCHDOG] [WATCHDOG 00:44:04] ALERTA: Swarm Mesh Listener ha caido. Estado: reiniciado.
[2026-05-30 00:44:04] [WATCHDOG_ALERT] Encolado pasivamente en pending_messages.json
[2026-05-30 00:45:04] ==================================================
[2026-05-30 00:45:04] PROCESS WATCHDOG v2 — CENTINELA INICIADO
[2026-05-30 00:45:04] Vigilando 8 procesos cada 30s
[2026-05-30 00:45:04] Python: C:\Users\fnora\AppData\Local\Programs\Python\Python311\python.exe
[2026-05-30 00:45:04] ==================================================
[2026-05-30 00:45:04] CAIDO: Web Monitor
[2026-05-30 00:45:04] [RESTART] Web Monitor reiniciado
[2026-05-30 00:45:04] [WATCHDOG_ALERT] [ENJAMBRE: WATCHDOG] [WATCHDOG 00:45:04] ALERTA: Web Monitor ha caido. Estado: reiniciado.
[2026-05-30 00:45:04] [WATCHDOG_ALERT] Encolado pasivamente en pending_messages.json
[2026-05-30 00:45:04] CAIDO: Swarm Mesh Listener
[2026-05-30 00:45:04] [RESTART] Swarm Mesh Listener reiniciado
[2026-05-30 00:45:04] [WATCHDOG_ALERT] [ENJAMBRE: WATCHDOG] [WATCHDOG 00:45:04] ALERTA: Swarm Mesh Listener ha caido. Estado: reiniciado.
[2026-05-30 00:45:04] [WATCHDOG_ALERT] Encolado pasivamente en pending_messages.json
[2026-05-30 00:45:04] CAIDO: Charm Panel (Web UI :7860)
[2026-05-30 00:45:04] [RESTART] Charm Panel (Web UI :7860) reiniciado
[2026-05-30 00:45:04] [WATCHDOG_ALERT] [ENJAMBRE: WATCHDOG] [WATCHDOG 00:45:04] ALERTA: Charm Panel (Web UI :7860) ha caido. Estado: reiniciado.
[2026-05-30 00:45:04] [WATCHDOG_ALERT] Encolado pasivamente en pending_messages.json
[2026-05-30 00:45:04] CAIDO: Swarm AI Watchdog (Pool de IAs)
[2026-05-30 00:45:04] [RESTART] Swarm AI Watchdog (Pool de IAs) reiniciado
[2026-05-30 00:45:04] [WATCHDOG_ALERT] [ENJAMBRE: WATCHDOG] [WATCHDOG 00:45:04] ALERTA: Swarm AI Watchdog (Pool de IAs) ha caido. Estado: reiniciado.
[2026-05-30 00:45:04] [WATCHDOG_ALERT] Encolado pasivamente en pending_messages.json
[2026-05-30 00:45:04] CAIDO: Charm Edu P2P Daemon
[2026-05-30 00:45:04] [RESTART] Charm Edu P2P Daemon reiniciado
[2026-05-30 00:45:04] [WATCHDOG_ALERT] [ENJAMBRE: WATCHDOG] [WATCHDOG 00:45:04] ALERTA: Charm Edu P2P Daemon ha caido. Estado: reiniciado.
[2026-05-30 00:45:04] [WATCHDOG_ALERT] Encolado pasivamente en pending_messages.json
[2026-05-30 00:45:04] CAIDO: N8N Bridge Daemon (Docker Proxy)
[2026-05-30 00:45:04] [RESTART] N8N Bridge Daemon (Docker Proxy) reiniciado
[2026-05-30 00:45:04] [WATCHDOG_ALERT] [ENJAMBRE: WATCHDOG] [WATCHDOG 00:45:04] ALERTA: N8N Bridge Daemon (Docker Proxy) ha caido. Estado: reiniciado.
[2026-05-30 00:45:04] [WATCHDOG_ALERT] Encolado pasivamente en pending_messages.json
[2026-05-30 00:45:04] CAIDO: Guardian Daemon (Seguridad Suprema)
[2026-05-30 00:45:04] [RESTART] Guardian Daemon (Seguridad Suprema) reiniciado
[2026-05-30 00:45:04] [WATCHDOG_ALERT] [ENJAMBRE: WATCHDOG] [WATCHDOG 00:45:04] ALERTA: Guardian Daemon (Seguridad Suprema) ha caido. Estado: reiniciado.
[2026-05-30 00:45:04] [WATCHDOG_ALERT] Encolado pasivamente en pending_messages.json
[2026-05-30 00:45:04] IDE Charm NO detectado. Reiniciando...
[2026-05-30 00:45:04] [RESTART] Charm reiniciado: C:\Users\fnora\AppData\Local\Programs\Antigravity\Antigravity.exe
[2026-05-30 00:45:12] [RESTART] boot_injection.py ejecutado
[2026-05-30 00:49:44] Estado: 7 vivos, 1 caidos
[2026-05-30 00:50:14] CAIDO: Swarm Mesh Listener
[2026-05-30 00:50:14] [RESTART] Swarm Mesh Listener reiniciado
[2026-05-30 00:50:14] [WATCHDOG_ALERT] [ENJAMBRE: WATCHDOG] [WATCHDOG 00:50:14] ALERTA: Swarm Mesh Listener ha caido. Estado: reiniciado.
[2026-05-30 00:50:14] [WATCHDOG_ALERT] Encolado pasivamente en pending_messages.json
[2026-05-30 00:54:45] Estado: 7 vivos, 1 caidos
[2026-05-30 00:55:15] CAIDO: Swarm Mesh Listener
[2026-05-30 00:55:15] [RESTART] Swarm Mesh Listener reiniciado
[2026-05-30 00:55:15] [WATCHDOG_ALERT] [ENJAMBRE: WATCHDOG] [WATCHDOG 00:55:15] ALERTA: Swarm Mesh Listener ha caido. Estado: reiniciado.
[2026-05-30 00:55:15] [WATCHDOG_ALERT] Encolado pasivamente en pending_messages.json
[2026-05-30 00:59:47] Estado: 7 vivos, 1 caidos
[2026-05-30 01:00:17] CAIDO: Swarm Mesh Listener
[2026-05-30 01:00:17] [RESTART] Swarm Mesh Listener reiniciado
[2026-05-30 01:00:17] [WATCHDOG_ALERT] [ENJAMBRE: WATCHDOG] [WATCHDOG 01:00:17] ALERTA: Swarm Mesh Listener ha caido. Estado: reiniciado.
[2026-05-30 01:00:17] [WATCHDOG_ALERT] Encolado pasivamente en pending_messages.json
[2026-05-30 01:01:29] ==================================================
[2026-05-30 01:01:29] PROCESS WATCHDOG v2 — CENTINELA INICIADO
[2026-05-30 01:01:29] Vigilando 8 procesos cada 30s
[2026-05-30 01:01:29] Python: C:\Users\fnora\AppData\Local\Programs\Python\Python311\python.exe
[2026-05-30 01:01:29] ==================================================
[2026-05-30 01:01:30] CAIDO: Web Monitor
[2026-05-30 01:01:30] [RESTART] Web Monitor reiniciado
[2026-05-30 01:01:30] [WATCHDOG_ALERT] [ENJAMBRE: WATCHDOG] [WATCHDOG 01:01:30] ALERTA: Web Monitor ha caido. Estado: reiniciado.
[2026-05-30 01:01:30] [WATCHDOG_ALERT] Encolado pasivamente en pending_messages.json
[2026-05-30 01:01:30] CAIDO: Swarm Mesh Listener
[2026-05-30 01:01:30] [RESTART] Swarm Mesh Listener reiniciado
[2026-05-30 01:01:30] [WATCHDOG_ALERT] [ENJAMBRE: WATCHDOG] [WATCHDOG 01:01:30] ALERTA: Swarm Mesh Listener ha caido. Estado: reiniciado.
[2026-05-30 01:01:30] [WATCHDOG_ALERT] Encolado pasivamente en pending_messages.json
[2026-05-30 01:01:30] CAIDO: Charm Panel (Web UI :7860)
[2026-05-30 01:01:30] [RESTART] Charm Panel (Web UI :7860) reiniciado
[2026-05-30 01:01:30] [WATCHDOG_ALERT] [ENJAMBRE: WATCHDOG] [WATCHDOG 01:01:30] ALERTA: Charm Panel (Web UI :7860) ha caido. Estado: reiniciado.
[2026-05-30 01:01:30] [WATCHDOG_ALERT] Encolado pasivamente en pending_messages.json
[2026-05-30 01:01:30] CAIDO: Swarm AI Watchdog (Pool de IAs)
[2026-05-30 01:01:30] [RESTART] Swarm AI Watchdog (Pool de IAs) reiniciado
[2026-05-30 01:01:30] [WATCHDOG_ALERT] [ENJAMBRE: WATCHDOG] [WATCHDOG 01:01:30] ALERTA: Swarm AI Watchdog (Pool de IAs) ha caido. Estado: reiniciado.
[2026-05-30 01:01:30] [WATCHDOG_ALERT] Encolado pasivamente en pending_messages.json
[2026-05-30 01:01:30] CAIDO: Charm Edu P2P Daemon
[2026-05-30 01:01:30] [RESTART] Charm Edu P2P Daemon reiniciado
[2026-05-30 01:01:30] [WATCHDOG_ALERT] [ENJAMBRE: WATCHDOG] [WATCHDOG 01:01:30] ALERTA: Charm Edu P2P Daemon ha caido. Estado: reiniciado.
[2026-05-30 01:01:30] [WATCHDOG_ALERT] Encolado pasivamente en pending_messages.json
[2026-05-30 01:01:30] CAIDO: N8N Bridge Daemon (Docker Proxy)
[2026-05-30 01:01:30] [RESTART] N8N Bridge Daemon (Docker Proxy) reiniciado
[2026-05-30 01:01:30] [WATCHDOG_ALERT] [ENJAMBRE: WATCHDOG] [WATCHDOG 01:01:30] ALERTA: N8N Bridge Daemon (Docker Proxy) ha caido. Estado: reiniciado.
[2026-05-30 01:01:30] [WATCHDOG_ALERT] Encolado pasivamente en pending_messages.json
[2026-05-30 01:01:30] CAIDO: Guardian Daemon (Seguridad Suprema)
[2026-05-30 01:01:30] [RESTART] Guardian Daemon (Seguridad Suprema) reiniciado
[2026-05-30 01:01:30] [WATCHDOG_ALERT] [ENJAMBRE: WATCHDOG] [WATCHDOG 01:01:30] ALERTA: Guardian Daemon (Seguridad Suprema) ha caido. Estado: reiniciado.
[2026-05-30 01:01:30] [WATCHDOG_ALERT] Encolado pasivamente en pending_messages.json
[2026-05-30 01:01:30] IDE Charm NO detectado. Reiniciando...
[2026-05-30 01:01:30] [RESTART] Charm reiniciado via start_swarm.bat
[2026-05-30 01:01:38] [RESTART] boot_injection.py ejecutado
[2026-05-30 01:05:50] ==================================================
[2026-05-30 01:05:50] PROCESS WATCHDOG v2 — CENTINELA INICIADO
[2026-05-30 01:05:50] Vigilando 8 procesos cada 30s
[2026-05-30 01:05:50] Python: C:\Users\fnora\AppData\Local\Programs\Python\Python311\python.exe
[2026-05-30 01:05:50] ==================================================
[2026-05-30 01:05:50] CAIDO: Web Monitor
[2026-05-30 01:05:50] [RESTART] Web Monitor reiniciado
[2026-05-30 01:05:50] [WATCHDOG_ALERT] [ENJAMBRE: WATCHDOG] [WATCHDOG 01:05:50] ALERTA: Web Monitor ha caido. Estado: reiniciado.
[2026-05-30 01:05:50] [WATCHDOG_ALERT] Encolado pasivamente en pending_messages.json
[2026-05-30 01:05:50] CAIDO: Swarm Mesh Listener
[2026-05-30 01:05:50] [RESTART] Swarm Mesh Listener reiniciado
[2026-05-30 01:05:50] [WATCHDOG_ALERT] [ENJAMBRE: WATCHDOG] [WATCHDOG 01:05:50] ALERTA: Swarm Mesh Listener ha caido. Estado: reiniciado.
[2026-05-30 01:05:50] [WATCHDOG_ALERT] Encolado pasivamente en pending_messages.json
[2026-05-30 01:05:50] CAIDO: Charm Panel (Web UI :7860)
[2026-05-30 01:05:51] [RESTART] Charm Panel (Web UI :7860) reiniciado
[2026-05-30 01:05:51] [WATCHDOG_ALERT] [ENJAMBRE: WATCHDOG] [WATCHDOG 01:05:51] ALERTA: Charm Panel (Web UI :7860) ha caido. Estado: reiniciado.
[2026-05-30 01:05:51] [WATCHDOG_ALERT] Encolado pasivamente en pending_messages.json
[2026-05-30 01:05:51] CAIDO: Swarm AI Watchdog (Pool de IAs)
[2026-05-30 01:05:51] [RESTART] Swarm AI Watchdog (Pool de IAs) reiniciado
[2026-05-30 01:05:51] [WATCHDOG_ALERT] [ENJAMBRE: WATCHDOG] [WATCHDOG 01:05:51] ALERTA: Swarm AI Watchdog (Pool de IAs) ha caido. Estado: reiniciado.
[2026-05-30 01:05:51] [WATCHDOG_ALERT] Encolado pasivamente en pending_messages.json
[2026-05-30 01:05:51] CAIDO: Charm Edu P2P Daemon
[2026-05-30 01:05:51] [RESTART] Charm Edu P2P Daemon reiniciado
[2026-05-30 01:05:51] [WATCHDOG_ALERT] [ENJAMBRE: WATCHDOG] [WATCHDOG 01:05:51] ALERTA: Charm Edu P2P Daemon ha caido. Estado: reiniciado.
[2026-05-30 01:05:51] [WATCHDOG_ALERT] Encolado pasivamente en pending_messages.json
[2026-05-30 01:05:51] CAIDO: N8N Bridge Daemon (Docker Proxy)
[2026-05-30 01:05:51] [RESTART] N8N Bridge Daemon (Docker Proxy) reiniciado
[2026-05-30 01:05:51] [WATCHDOG_ALERT] [ENJAMBRE: WATCHDOG] [WATCHDOG 01:05:51] ALERTA: N8N Bridge Daemon (Docker Proxy) ha caido. Estado: reiniciado.
[2026-05-30 01:05:51] [WATCHDOG_ALERT] Encolado pasivamente en pending_messages.json
[2026-05-30 01:05:51] CAIDO: Guardian Daemon (Seguridad Suprema)
[2026-05-30 01:05:51] [RESTART] Guardian Daemon (Seguridad Suprema) reiniciado
[2026-05-30 01:05:51] [WATCHDOG_ALERT] [ENJAMBRE: WATCHDOG] [WATCHDOG 01:05:51] ALERTA: Guardian Daemon (Seguridad Suprema) ha caido. Estado: reiniciado.
[2026-05-30 01:05:51] [WATCHDOG_ALERT] Encolado pasivamente en pending_messages.json
[2026-05-30 01:05:51] IDE Charm NO detectado. Reiniciando...
[2026-05-30 01:05:51] [RESTART] Charm reiniciado via start_swarm.bat
[2026-05-30 01:05:59] [RESTART] boot_injection.py ejecutado
[2026-05-30 01:10:30] Estado: 7 vivos, 1 caidos
[2026-05-30 01:11:00] CAIDO: Swarm Mesh Listener
[2026-05-30 01:11:00] [RESTART] Swarm Mesh Listener reiniciado
[2026-05-30 01:11:00] [WATCHDOG_ALERT] [ENJAMBRE: WATCHDOG] [WATCHDOG 01:11:00] ALERTA: Swarm Mesh Listener ha caido. Estado: reiniciado.
[2026-05-30 01:11:00] [WATCHDOG_ALERT] Encolado pasivamente en pending_messages.json
[2026-05-30 01:15:31] ==================================================
[2026-05-30 01:15:31] PROCESS WATCHDOG v2 — CENTINELA INICIADO
[2026-05-30 01:15:31] Vigilando 8 procesos cada 30s
[2026-05-30 01:15:31] Python: C:\Users\fnora\AppData\Local\Programs\Python\Python311\python.exe
[2026-05-30 01:15:31] ==================================================
[2026-05-30 01:15:31] CAIDO: Web Monitor
[2026-05-30 01:15:31] [RESTART] Web Monitor reiniciado
[2026-05-30 01:15:31] [WATCHDOG_ALERT] [ENJAMBRE: WATCHDOG] [WATCHDOG 01:15:31] ALERTA: Web Monitor ha caido. Estado: reiniciado.
[2026-05-30 01:15:31] [WATCHDOG_ALERT] Encolado pasivamente en pending_messages.json
[2026-05-30 01:15:31] CAIDO: Swarm Mesh Listener
[2026-05-30 01:15:31] [RESTART] Swarm Mesh Listener reiniciado
[2026-05-30 01:15:31] [WATCHDOG_ALERT] [ENJAMBRE: WATCHDOG] [WATCHDOG 01:15:31] ALERTA: Swarm Mesh Listener ha caido. Estado: reiniciado.
[2026-05-30 01:15:31] [WATCHDOG_ALERT] Encolado pasivamente en pending_messages.json
[2026-05-30 01:15:31] CAIDO: Charm Panel (Web UI :7860)
[2026-05-30 01:15:31] [RESTART] Charm Panel (Web UI :7860) reiniciado
[2026-05-30 01:15:31] [WATCHDOG_ALERT] [ENJAMBRE: WATCHDOG] [WATCHDOG 01:15:31] ALERTA: Charm Panel (Web UI :7860) ha caido. Estado: reiniciado.
[2026-05-30 01:15:31] [WATCHDOG_ALERT] Encolado pasivamente en pending_messages.json
[2026-05-30 01:15:31] CAIDO: Swarm AI Watchdog (Pool de IAs)
[2026-05-30 01:15:31] [RESTART] Swarm AI Watchdog (Pool de IAs) reiniciado
[2026-05-30 01:15:31] [WATCHDOG_ALERT] [ENJAMBRE: WATCHDOG] [WATCHDOG 01:15:31] ALERTA: Swarm AI Watchdog (Pool de IAs) ha caido. Estado: reiniciado.
[2026-05-30 01:15:31] [WATCHDOG_ALERT] Encolado pasivamente en pending_messages.json
[2026-05-30 01:15:31] CAIDO: Charm Edu P2P Daemon
[2026-05-30 01:15:31] [RESTART] Charm Edu P2P Daemon reiniciado
[2026-05-30 01:15:31] [WATCHDOG_ALERT] [ENJAMBRE: WATCHDOG] [WATCHDOG 01:15:31] ALERTA: Charm Edu P2P Daemon ha caido. Estado: reiniciado.
[2026-05-30 01:15:31] [WATCHDOG_ALERT] Encolado pasivamente en pending_messages.json
[2026-05-30 01:15:31] CAIDO: N8N Bridge Daemon (Docker Proxy)
[2026-05-30 01:15:31] [RESTART] N8N Bridge Daemon (Docker Proxy) reiniciado
[2026-05-30 01:15:31] [WATCHDOG_ALERT] [ENJAMBRE: WATCHDOG] [WATCHDOG 01:15:31] ALERTA: N8N Bridge Daemon (Docker Proxy) ha caido. Estado: reiniciado.
[2026-05-30 01:15:31] [WATCHDOG_ALERT] Encolado pasivamente en pending_messages.json
[2026-05-30 01:15:31] CAIDO: Guardian Daemon (Seguridad Suprema)
[2026-05-30 01:15:31] [RESTART] Guardian Daemon (Seguridad Suprema) reiniciado
[2026-05-30 01:15:31] [WATCHDOG_ALERT] [ENJAMBRE: WATCHDOG] [WATCHDOG 01:15:31] ALERTA: Guardian Daemon (Seguridad Suprema) ha caido. Estado: reiniciado.
[2026-05-30 01:15:31] [WATCHDOG_ALERT] Encolado pasivamente en pending_messages.json
[2026-05-30 01:15:31] IDE Charm NO detectado. Reiniciando...
[2026-05-30 01:15:31] [RESTART] Charm reiniciado via start_swarm.bat
[2026-05-30 01:15:39] [RESTART] boot_injection.py ejecutado
[2026-05-30 01:20:10] Estado: 7 vivos, 1 caidos
[2026-05-30 01:20:41] CAIDO: Swarm Mesh Listener
[2026-05-30 01:20:41] [RESTART] Swarm Mesh Listener reiniciado
[2026-05-30 01:20:41] [WATCHDOG_ALERT] [ENJAMBRE: WATCHDOG] [WATCHDOG 01:20:41] ALERTA: Swarm Mesh Listener ha caido. Estado: reiniciado.
[2026-05-30 01:20:41] [WATCHDOG_ALERT] Encolado pasivamente en pending_messages.json
[2026-05-30 01:22:21] ==================================================
[2026-05-30 01:22:21] PROCESS WATCHDOG v2 — CENTINELA INICIADO
[2026-05-30 01:22:21] Vigilando 8 procesos cada 30s
[2026-05-30 01:22:21] Python: C:\Users\fnora\AppData\Local\Programs\Python\Python311\python.exe
[2026-05-30 01:22:21] ==================================================
[2026-05-30 01:22:21] CAIDO: Web Monitor
[2026-05-30 01:22:21] [RESTART] Web Monitor reiniciado
[2026-05-30 01:22:21] [WATCHDOG_ALERT] [ENJAMBRE: WATCHDOG] [WATCHDOG 01:22:21] ALERTA: Web Monitor ha caido. Estado: reiniciado.
[2026-05-30 01:22:21] [WATCHDOG_ALERT] Encolado pasivamente en pending_messages.json
[2026-05-30 01:22:21] CAIDO: Swarm Mesh Listener
[2026-05-30 01:22:21] [RESTART] Swarm Mesh Listener reiniciado
[2026-05-30 01:22:21] [WATCHDOG_ALERT] [ENJAMBRE: WATCHDOG] [WATCHDOG 01:22:21] ALERTA: Swarm Mesh Listener ha caido. Estado: reiniciado.
[2026-05-30 01:22:21] [WATCHDOG_ALERT] Encolado pasivamente en pending_messages.json
[2026-05-30 01:22:21] CAIDO: Charm Panel (Web UI :7860)
[2026-05-30 01:22:21] [RESTART] Charm Panel (Web UI :7860) reiniciado
[2026-05-30 01:22:21] [WATCHDOG_ALERT] [ENJAMBRE: WATCHDOG] [WATCHDOG 01:22:21] ALERTA: Charm Panel (Web UI :7860) ha caido. Estado: reiniciado.
[2026-05-30 01:22:21] [WATCHDOG_ALERT] Encolado pasivamente en pending_messages.json
[2026-05-30 01:22:21] CAIDO: Swarm AI Watchdog (Pool de IAs)
[2026-05-30 01:22:21] [RESTART] Swarm AI Watchdog (Pool de IAs) reiniciado
[2026-05-30 01:22:21] [WATCHDOG_ALERT] [ENJAMBRE: WATCHDOG] [WATCHDOG 01:22:21] ALERTA: Swarm AI Watchdog (Pool de IAs) ha caido. Estado: reiniciado.
[2026-05-30 01:22:21] [WATCHDOG_ALERT] Encolado pasivamente en pending_messages.json
[2026-05-30 01:22:21] CAIDO: Charm Edu P2P Daemon
[2026-05-30 01:22:21] [RESTART] Charm Edu P2P Daemon reiniciado
[2026-05-30 01:22:21] [WATCHDOG_ALERT] [ENJAMBRE: WATCHDOG] [WATCHDOG 01:22:21] ALERTA: Charm Edu P2P Daemon ha caido. Estado: reiniciado.
[2026-05-30 01:22:21] [WATCHDOG_ALERT] Encolado pasivamente en pending_messages.json
[2026-05-30 01:22:21] CAIDO: N8N Bridge Daemon (Docker Proxy)
[2026-05-30 01:22:21] [RESTART] N8N Bridge Daemon (Docker Proxy) reiniciado
[2026-05-30 01:22:21] [WATCHDOG_ALERT] [ENJAMBRE: WATCHDOG] [WATCHDOG 01:22:21] ALERTA: N8N Bridge Daemon (Docker Proxy) ha caido. Estado: reiniciado.
[2026-05-30 01:22:21] [WATCHDOG_ALERT] Encolado pasivamente en pending_messages.json
[2026-05-30 01:22:21] CAIDO: Guardian Daemon (Seguridad Suprema)
[2026-05-30 01:22:21] [RESTART] Guardian Daemon (Seguridad Suprema) reiniciado
[2026-05-30 01:22:21] [WATCHDOG_ALERT] [ENJAMBRE: WATCHDOG] [WATCHDOG 01:22:21] ALERTA: Guardian Daemon (Seguridad Suprema) ha caido. Estado: reiniciado.
[2026-05-30 01:22:21] [WATCHDOG_ALERT] Encolado pasivamente en pending_messages.json
[2026-05-30 01:22:21] IDE Charm NO detectado. Reiniciando...
[2026-05-30 01:22:21] [RESTART] Charm reiniciado via start_swarm.bat
[2026-05-30 01:22:29] [RESTART] boot_injection.py ejecutado
[2026-05-30 01:27:01] Estado: 7 vivos, 1 caidos
[2026-05-30 01:27:31] CAIDO: Swarm Mesh Listener
[2026-05-30 01:27:31] [RESTART] Swarm Mesh Listener reiniciado
[2026-05-30 01:27:31] [WATCHDOG_ALERT] [ENJAMBRE: WATCHDOG] [WATCHDOG 01:27:31] ALERTA: Swarm Mesh Listener ha caido. Estado: reiniciado.
[2026-05-30 01:27:31] [WATCHDOG_ALERT] Encolado pasivamente en pending_messages.json
[2026-05-30 01:28:31] ==================================================
[2026-05-30 01:28:31] PROCESS WATCHDOG v2 — CENTINELA INICIADO
[2026-05-30 01:28:31] Vigilando 8 procesos cada 30s
[2026-05-30 01:28:31] Python: C:\Users\fnora\AppData\Local\Programs\Python\Python311\python.exe
[2026-05-30 01:28:31] ==================================================
[2026-05-30 01:28:31] CAIDO: Web Monitor
[2026-05-30 01:28:31] [RESTART] Web Monitor reiniciado
[2026-05-30 01:28:31] [WATCHDOG_ALERT] [ENJAMBRE: WATCHDOG] [WATCHDOG 01:28:31] ALERTA: Web Monitor ha caido. Estado: reiniciado.
[2026-05-30 01:28:31] [WATCHDOG_ALERT] Encolado pasivamente en pending_messages.json
[2026-05-30 01:28:31] CAIDO: Swarm Mesh Listener
[2026-05-30 01:28:31] [RESTART] Swarm Mesh Listener reiniciado
[2026-05-30 01:28:31] [WATCHDOG_ALERT] [ENJAMBRE: WATCHDOG] [WATCHDOG 01:28:31] ALERTA: Swarm Mesh Listener ha caido. Estado: reiniciado.
[2026-05-30 01:28:31] [WATCHDOG_ALERT] Encolado pasivamente en pending_messages.json
[2026-05-30 01:28:31] CAIDO: Charm Panel (Web UI :7860)
[2026-05-30 01:28:31] [RESTART] Charm Panel (Web UI :7860) reiniciado
[2026-05-30 01:28:31] [WATCHDOG_ALERT] [ENJAMBRE: WATCHDOG] [WATCHDOG 01:28:31] ALERTA: Charm Panel (Web UI :7860) ha caido. Estado: reiniciado.
[2026-05-30 01:28:31] [WATCHDOG_ALERT] Encolado pasivamente en pending_messages.json
[2026-05-30 01:28:31] CAIDO: Swarm AI Watchdog (Pool de IAs)
[2026-05-30 01:28:31] [RESTART] Swarm AI Watchdog (Pool de IAs) reiniciado
[2026-05-30 01:28:31] [WATCHDOG_ALERT] [ENJAMBRE: WATCHDOG] [WATCHDOG 01:28:31] ALERTA: Swarm AI Watchdog (Pool de IAs) ha caido. Estado: reiniciado.
[2026-05-30 01:28:31] [WATCHDOG_ALERT] Encolado pasivamente en pending_messages.json
[2026-05-30 01:28:31] CAIDO: Charm Edu P2P Daemon
[2026-05-30 01:28:31] [RESTART] Charm Edu P2P Daemon reiniciado
[2026-05-30 01:28:31] [WATCHDOG_ALERT] [ENJAMBRE: WATCHDOG] [WATCHDOG 01:28:31] ALERTA: Charm Edu P2P Daemon ha caido. Estado: reiniciado.
[2026-05-30 01:28:31] [WATCHDOG_ALERT] Encolado pasivamente en pending_messages.json
[2026-05-30 01:28:31] CAIDO: N8N Bridge Daemon (Docker Proxy)
[2026-05-30 01:28:31] [RESTART] N8N Bridge Daemon (Docker Proxy) reiniciado
[2026-05-30 01:28:31] [WATCHDOG_ALERT] [ENJAMBRE: WATCHDOG] [WATCHDOG 01:28:31] ALERTA: N8N Bridge Daemon (Docker Proxy) ha caido. Estado: reiniciado.
[2026-05-30 01:28:31] [WATCHDOG_ALERT] Encolado pasivamente en pending_messages.json
[2026-05-30 01:28:31] CAIDO: Guardian Daemon (Seguridad Suprema)
[2026-05-30 01:28:31] [RESTART] Guardian Daemon (Seguridad Suprema) reiniciado
[2026-05-30 01:28:31] [WATCHDOG_ALERT] [ENJAMBRE: WATCHDOG] [WATCHDOG 01:28:31] ALERTA: Guardian Daemon (Seguridad Suprema) ha caido. Estado: reiniciado.
[2026-05-30 01:28:31] [WATCHDOG_ALERT] Encolado pasivamente en pending_messages.json
[2026-05-30 01:28:31] IDE Charm NO detectado. Reiniciando...
[2026-05-30 01:28:31] [RESTART] Charm reiniciado via start_swarm.bat
[2026-05-30 01:28:31] [ERROR] No se pudo reiniciar Charm: [WinError 87] El parámetro no es correcto
[2026-05-30 01:28:39] [RESTART] boot_injection.py ejecutado
[2026-05-30 01:30:57] ==================================================
[2026-05-30 01:30:57] PROCESS WATCHDOG v2 — CENTINELA INICIADO
[2026-05-30 01:30:57] Vigilando 8 procesos cada 30s
[2026-05-30 01:30:57] Python: C:\Users\fnora\AppData\Local\Programs\Python\Python311\python.exe
[2026-05-30 01:30:57] ==================================================
[2026-05-30 01:30:58] CAIDO: Web Monitor
[2026-05-30 01:30:58] [RESTART] Web Monitor reiniciado
[2026-05-30 01:30:58] [WATCHDOG_ALERT] [ENJAMBRE: WATCHDOG] [WATCHDOG 01:30:58] ALERTA: Web Monitor ha caido. Estado: reiniciado.
[2026-05-30 01:30:58] [WATCHDOG_ALERT] Encolado pasivamente en pending_messages.json
[2026-05-30 01:30:58] CAIDO: Swarm Mesh Listener
[2026-05-30 01:30:58] [RESTART] Swarm Mesh Listener reiniciado
[2026-05-30 01:30:58] [WATCHDOG_ALERT] [ENJAMBRE: WATCHDOG] [WATCHDOG 01:30:58] ALERTA: Swarm Mesh Listener ha caido. Estado: reiniciado.
[2026-05-30 01:30:58] [WATCHDOG_ALERT] Encolado pasivamente en pending_messages.json
[2026-05-30 01:30:58] CAIDO: Charm Panel (Web UI :7860)
[2026-05-30 01:30:58] [RESTART] Charm Panel (Web UI :7860) reiniciado
[2026-05-30 01:30:58] [WATCHDOG_ALERT] [ENJAMBRE: WATCHDOG] [WATCHDOG 01:30:58] ALERTA: Charm Panel (Web UI :7860) ha caido. Estado: reiniciado.
[2026-05-30 01:30:58] [WATCHDOG_ALERT] Encolado pasivamente en pending_messages.json
[2026-05-30 01:30:58] CAIDO: Swarm AI Watchdog (Pool de IAs)
[2026-05-30 01:30:58] [RESTART] Swarm AI Watchdog (Pool de IAs) reiniciado
[2026-05-30 01:30:58] [WATCHDOG_ALERT] [ENJAMBRE: WATCHDOG] [WATCHDOG 01:30:58] ALERTA: Swarm AI Watchdog (Pool de IAs) ha caido. Estado: reiniciado.
[2026-05-30 01:30:58] [WATCHDOG_ALERT] Encolado pasivamente en pending_messages.json
[2026-05-30 01:30:58] CAIDO: Charm Edu P2P Daemon
[2026-05-30 01:30:58] [RESTART] Charm Edu P2P Daemon reiniciado
[2026-05-30 01:30:58] [WATCHDOG_ALERT] [ENJAMBRE: WATCHDOG] [WATCHDOG 01:30:58] ALERTA: Charm Edu P2P Daemon ha caido. Estado: reiniciado.
[2026-05-30 01:30:58] [WATCHDOG_ALERT] Encolado pasivamente en pending_messages.json
[2026-05-30 01:30:58] CAIDO: N8N Bridge Daemon (Docker Proxy)
[2026-05-30 01:30:58] [RESTART] N8N Bridge Daemon (Docker Proxy) reiniciado
[2026-05-30 01:30:58] [WATCHDOG_ALERT] [ENJAMBRE: WATCHDOG] [WATCHDOG 01:30:58] ALERTA: N8N Bridge Daemon (Docker Proxy) ha caido. Estado: reiniciado.
[2026-05-30 01:30:58] [WATCHDOG_ALERT] Encolado pasivamente en pending_messages.json
[2026-05-30 01:30:58] CAIDO: Guardian Daemon (Seguridad Suprema)
[2026-05-30 01:30:58] [RESTART] Guardian Daemon (Seguridad Suprema) reiniciado
[2026-05-30 01:30:58] [WATCHDOG_ALERT] [ENJAMBRE: WATCHDOG] [WATCHDOG 01:30:58] ALERTA: Guardian Daemon (Seguridad Suprema) ha caido. Estado: reiniciado.
[2026-05-30 01:30:58] [WATCHDOG_ALERT] Encolado pasivamente en pending_messages.json
[2026-05-30 01:30:58] IDE Charm NO detectado. Reiniciando...
[2026-05-30 01:30:58] [RESTART] Charm reiniciado via start_swarm.bat
[2026-05-30 01:31:06] [RESTART] boot_injection.py ejecutado
[2026-05-30 01:34:49] ==================================================
[2026-05-30 01:34:49] PROCESS WATCHDOG v2 — CENTINELA INICIADO
[2026-05-30 01:34:49] Vigilando 8 procesos cada 30s
[2026-05-30 01:34:49] Python: C:\Users\fnora\AppData\Local\Programs\Python\Python311\python.exe
[2026-05-30 01:34:49] ==================================================
[2026-05-30 01:34:49] CAIDO: Web Monitor
[2026-05-30 01:34:49] [RESTART] Web Monitor reiniciado
[2026-05-30 01:34:49] [WATCHDOG_ALERT] [ENJAMBRE: WATCHDOG] [WATCHDOG 01:34:49] ALERTA: Web Monitor ha caido. Estado: reiniciado.
[2026-05-30 01:34:49] [WATCHDOG_ALERT] Encolado pasivamente en pending_messages.json
[2026-05-30 01:34:49] CAIDO: Swarm Mesh Listener
[2026-05-30 01:34:49] [RESTART] Swarm Mesh Listener reiniciado
[2026-05-30 01:34:49] [WATCHDOG_ALERT] [ENJAMBRE: WATCHDOG] [WATCHDOG 01:34:49] ALERTA: Swarm Mesh Listener ha caido. Estado: reiniciado.
[2026-05-30 01:34:49] [WATCHDOG_ALERT] Encolado pasivamente en pending_messages.json
[2026-05-30 01:34:49] CAIDO: Charm Panel (Web UI :7860)
[2026-05-30 01:34:49] [RESTART] Charm Panel (Web UI :7860) reiniciado
[2026-05-30 01:34:49] [WATCHDOG_ALERT] [ENJAMBRE: WATCHDOG] [WATCHDOG 01:34:49] ALERTA: Charm Panel (Web UI :7860) ha caido. Estado: reiniciado.
[2026-05-30 01:34:49] [WATCHDOG_ALERT] Encolado pasivamente en pending_messages.json
[2026-05-30 01:34:49] CAIDO: Swarm AI Watchdog (Pool de IAs)
[2026-05-30 01:34:49] [RESTART] Swarm AI Watchdog (Pool de IAs) reiniciado
[2026-05-30 01:34:49] [WATCHDOG_ALERT] [ENJAMBRE: WATCHDOG] [WATCHDOG 01:34:49] ALERTA: Swarm AI Watchdog (Pool de IAs) ha caido. Estado: reiniciado.
[2026-05-30 01:34:49] [WATCHDOG_ALERT] Encolado pasivamente en pending_messages.json
[2026-05-30 01:34:49] CAIDO: Charm Edu P2P Daemon
[2026-05-30 01:34:49] [RESTART] Charm Edu P2P Daemon reiniciado
[2026-05-30 01:34:49] [WATCHDOG_ALERT] [ENJAMBRE: WATCHDOG] [WATCHDOG 01:34:49] ALERTA: Charm Edu P2P Daemon ha caido. Estado: reiniciado.
[2026-05-30 01:34:49] [WATCHDOG_ALERT] Encolado pasivamente en pending_messages.json
[2026-05-30 01:34:49] CAIDO: N8N Bridge Daemon (Docker Proxy)
[2026-05-30 01:34:49] [RESTART] N8N Bridge Daemon (Docker Proxy) reiniciado
[2026-05-30 01:34:49] [WATCHDOG_ALERT] [ENJAMBRE: WATCHDOG] [WATCHDOG 01:34:49] ALERTA: N8N Bridge Daemon (Docker Proxy) ha caido. Estado: reiniciado.
[2026-05-30 01:34:49] [WATCHDOG_ALERT] Encolado pasivamente en pending_messages.json
[2026-05-30 01:34:49] CAIDO: Guardian Daemon (Seguridad Suprema)
[2026-05-30 01:34:49] [RESTART] Guardian Daemon (Seguridad Suprema) reiniciado
[2026-05-30 01:34:49] [WATCHDOG_ALERT] [ENJAMBRE: WATCHDOG] [WATCHDOG 01:34:49] ALERTA: Guardian Daemon (Seguridad Suprema) ha caido. Estado: reiniciado.
[2026-05-30 01:34:49] [WATCHDOG_ALERT] Encolado pasivamente en pending_messages.json
[2026-05-30 01:34:49] IDE Charm NO detectado. Reiniciando...
[2026-05-30 01:34:49] [RESTART] Charm reiniciado via start_swarm.bat
[2026-05-30 01:34:57] [RESTART] boot_injection.py ejecutado
[2026-05-30 01:37:48] ==================================================
[2026-05-30 01:37:48] PROCESS WATCHDOG v2 — CENTINELA INICIADO
[2026-05-30 01:37:48] Vigilando 8 procesos cada 30s
[2026-05-30 01:37:48] Python: C:\Users\fnora\AppData\Local\Programs\Python\Python311\python.exe
[2026-05-30 01:37:48] ==================================================
[2026-05-30 01:37:48] CAIDO: Web Monitor
[2026-05-30 01:37:48] [RESTART] Web Monitor reiniciado
[2026-05-30 01:37:48] [WATCHDOG_ALERT] [ENJAMBRE: WATCHDOG] [WATCHDOG 01:37:48] ALERTA: Web Monitor ha caido. Estado: reiniciado.
[2026-05-30 01:37:48] [WATCHDOG_ALERT] Encolado pasivamente en pending_messages.json
[2026-05-30 01:37:48] CAIDO: Swarm Mesh Listener
[2026-05-30 01:37:48] [RESTART] Swarm Mesh Listener reiniciado
[2026-05-30 01:37:48] [WATCHDOG_ALERT] [ENJAMBRE: WATCHDOG] [WATCHDOG 01:37:48] ALERTA: Swarm Mesh Listener ha caido. Estado: reiniciado.
[2026-05-30 01:37:48] [WATCHDOG_ALERT] Encolado pasivamente en pending_messages.json
[2026-05-30 01:37:48] CAIDO: Charm Panel (Web UI :7860)
[2026-05-30 01:37:48] [RESTART] Charm Panel (Web UI :7860) reiniciado
[2026-05-30 01:37:48] [WATCHDOG_ALERT] [ENJAMBRE: WATCHDOG] [WATCHDOG 01:37:48] ALERTA: Charm Panel (Web UI :7860) ha caido. Estado: reiniciado.
[2026-05-30 01:37:48] [WATCHDOG_ALERT] Encolado pasivamente en pending_messages.json
[2026-05-30 01:37:48] CAIDO: Swarm AI Watchdog (Pool de IAs)
[2026-05-30 01:37:48] [RESTART] Swarm AI Watchdog (Pool de IAs) reiniciado
[2026-05-30 01:37:48] [WATCHDOG_ALERT] [ENJAMBRE: WATCHDOG] [WATCHDOG 01:37:48] ALERTA: Swarm AI Watchdog (Pool de IAs) ha caido. Estado: reiniciado.
[2026-05-30 01:37:48] [WATCHDOG_ALERT] Encolado pasivamente en pending_messages.json
[2026-05-30 01:37:48] CAIDO: Charm Edu P2P Daemon
[2026-05-30 01:37:48] [RESTART] Charm Edu P2P Daemon reiniciado
[2026-05-30 01:37:48] [WATCHDOG_ALERT] [ENJAMBRE: WATCHDOG] [WATCHDOG 01:37:48] ALERTA: Charm Edu P2P Daemon ha caido. Estado: reiniciado.
[2026-05-30 01:37:48] [WATCHDOG_ALERT] Encolado pasivamente en pending_messages.json
[2026-05-30 01:37:48] CAIDO: N8N Bridge Daemon (Docker Proxy)
[2026-05-30 01:37:48] [RESTART] N8N Bridge Daemon (Docker Proxy) reiniciado
[2026-05-30 01:37:48] [WATCHDOG_ALERT] [ENJAMBRE: WATCHDOG] [WATCHDOG 01:37:48] ALERTA: N8N Bridge Daemon (Docker Proxy) ha caido. Estado: reiniciado.
[2026-05-30 01:37:48] [WATCHDOG_ALERT] Encolado pasivamente en pending_messages.json
[2026-05-30 01:37:48] CAIDO: Guardian Daemon (Seguridad Suprema)
[2026-05-30 01:37:48] [RESTART] Guardian Daemon (Seguridad Suprema) reiniciado
[2026-05-30 01:37:48] [WATCHDOG_ALERT] [ENJAMBRE: WATCHDOG] [WATCHDOG 01:37:48] ALERTA: Guardian Daemon (Seguridad Suprema) ha caido. Estado: reiniciado.
[2026-05-30 01:37:48] [WATCHDOG_ALERT] Encolado pasivamente en pending_messages.json
[2026-05-30 01:37:48] IDE Charm NO detectado. Reiniciando...
[2026-05-30 01:37:48] [RESTART] Charm reiniciado via start_swarm.bat
[2026-05-30 01:37:56] [RESTART] boot_injection.py ejecutado
[2026-05-30 01:42:27] ==================================================
[2026-05-30 01:42:27] PROCESS WATCHDOG v2 — CENTINELA INICIADO
[2026-05-30 01:42:27] Vigilando 8 procesos cada 30s
[2026-05-30 01:42:27] Python: C:\Users\fnora\AppData\Local\Programs\Python\Python311\python.exe
[2026-05-30 01:42:27] ==================================================
[2026-05-30 01:42:27] CAIDO: Web Monitor
[2026-05-30 01:42:27] [RESTART] Web Monitor reiniciado
[2026-05-30 01:42:27] [WATCHDOG_ALERT] [ENJAMBRE: WATCHDOG] [WATCHDOG 01:42:27] ALERTA: Web Monitor ha caido. Estado: reiniciado.
[2026-05-30 01:42:27] [WATCHDOG_ALERT] Encolado pasivamente en pending_messages.json
[2026-05-30 01:42:27] CAIDO: Swarm Mesh Listener
[2026-05-30 01:42:27] [RESTART] Swarm Mesh Listener reiniciado
[2026-05-30 01:42:27] [WATCHDOG_ALERT] [ENJAMBRE: WATCHDOG] [WATCHDOG 01:42:27] ALERTA: Swarm Mesh Listener ha caido. Estado: reiniciado.
[2026-05-30 01:42:27] [WATCHDOG_ALERT] Encolado pasivamente en pending_messages.json
[2026-05-30 01:42:27] CAIDO: Charm Panel (Web UI :7860)
[2026-05-30 01:42:27] [RESTART] Charm Panel (Web UI :7860) reiniciado
[2026-05-30 01:42:27] [WATCHDOG_ALERT] [ENJAMBRE: WATCHDOG] [WATCHDOG 01:42:27] ALERTA: Charm Panel (Web UI :7860) ha caido. Estado: reiniciado.
[2026-05-30 01:42:27] [WATCHDOG_ALERT] Encolado pasivamente en pending_messages.json
[2026-05-30 01:42:27] CAIDO: Swarm AI Watchdog (Pool de IAs)
[2026-05-30 01:42:27] [RESTART] Swarm AI Watchdog (Pool de IAs) reiniciado
[2026-05-30 01:42:27] [WATCHDOG_ALERT] [ENJAMBRE: WATCHDOG] [WATCHDOG 01:42:27] ALERTA: Swarm AI Watchdog (Pool de IAs) ha caido. Estado: reiniciado.
[2026-05-30 01:42:27] [WATCHDOG_ALERT] Encolado pasivamente en pending_messages.json
[2026-05-30 01:42:27] CAIDO: Charm Edu P2P Daemon
[2026-05-30 01:42:27] [RESTART] Charm Edu P2P Daemon reiniciado
[2026-05-30 01:42:27] [WATCHDOG_ALERT] [ENJAMBRE: WATCHDOG] [WATCHDOG 01:42:27] ALERTA: Charm Edu P2P Daemon ha caido. Estado: reiniciado.
[2026-05-30 01:42:27] [WATCHDOG_ALERT] Encolado pasivamente en pending_messages.json
[2026-05-30 01:42:27] CAIDO: N8N Bridge Daemon (Docker Proxy)
[2026-05-30 01:42:27] [RESTART] N8N Bridge Daemon (Docker Proxy) reiniciado
[2026-05-30 01:42:27] [WATCHDOG_ALERT] [ENJAMBRE: WATCHDOG] [WATCHDOG 01:42:27] ALERTA: N8N Bridge Daemon (Docker Proxy) ha caido. Estado: reiniciado.
[2026-05-30 01:42:27] [WATCHDOG_ALERT] Encolado pasivamente en pending_messages.json
[2026-05-30 01:42:27] CAIDO: Guardian Daemon (Seguridad Suprema)
[2026-05-30 01:42:27] [RESTART] Guardian Daemon (Seguridad Suprema) reiniciado
[2026-05-30 01:42:27] [WATCHDOG_ALERT] [ENJAMBRE: WATCHDOG] [WATCHDOG 01:42:27] ALERTA: Guardian Daemon (Seguridad Suprema) ha caido. Estado: reiniciado.
[2026-05-30 01:42:27] [WATCHDOG_ALERT] Encolado pasivamente en pending_messages.json
[2026-05-30 01:42:27] IDE Charm NO detectado. Reiniciando...
[2026-05-30 01:42:27] [RESTART] Charm reiniciado via start_swarm.bat
[2026-05-30 01:42:35] [RESTART] boot_injection.py ejecutado
[2026-05-30 01:46:56] ==================================================
[2026-05-30 01:46:56] PROCESS WATCHDOG v2 — CENTINELA INICIADO
[2026-05-30 01:46:56] Vigilando 8 procesos cada 30s
[2026-05-30 01:46:56] Python: C:\Users\fnora\AppData\Local\Programs\Python\Python311\python.exe
[2026-05-30 01:46:56] ==================================================
[2026-05-30 01:46:56] CAIDO: Web Monitor
[2026-05-30 01:46:56] [RESTART] Web Monitor reiniciado
[2026-05-30 01:46:56] [WATCHDOG_ALERT] [ENJAMBRE: WATCHDOG] [WATCHDOG 01:46:56] ALERTA: Web Monitor ha caido. Estado: reiniciado.
[2026-05-30 01:46:56] [WATCHDOG_ALERT] Encolado pasivamente en pending_messages.json
[2026-05-30 01:46:56] CAIDO: Swarm Mesh Listener
[2026-05-30 01:46:56] [RESTART] Swarm Mesh Listener reiniciado
[2026-05-30 01:46:56] [WATCHDOG_ALERT] [ENJAMBRE: WATCHDOG] [WATCHDOG 01:46:56] ALERTA: Swarm Mesh Listener ha caido. Estado: reiniciado.
[2026-05-30 01:46:56] [WATCHDOG_ALERT] Encolado pasivamente en pending_messages.json
[2026-05-30 01:46:56] CAIDO: Charm Panel (Web UI :7860)
[2026-05-30 01:46:56] [RESTART] Charm Panel (Web UI :7860) reiniciado
[2026-05-30 01:46:56] [WATCHDOG_ALERT] [ENJAMBRE: WATCHDOG] [WATCHDOG 01:46:56] ALERTA: Charm Panel (Web UI :7860) ha caido. Estado: reiniciado.
[2026-05-30 01:46:56] [WATCHDOG_ALERT] Encolado pasivamente en pending_messages.json
[2026-05-30 01:46:56] CAIDO: Swarm AI Watchdog (Pool de IAs)
[2026-05-30 01:46:56] [RESTART] Swarm AI Watchdog (Pool de IAs) reiniciado
[2026-05-30 01:46:56] [WATCHDOG_ALERT] [ENJAMBRE: WATCHDOG] [WATCHDOG 01:46:56] ALERTA: Swarm AI Watchdog (Pool de IAs) ha caido. Estado: reiniciado.
[2026-05-30 01:46:56] [WATCHDOG_ALERT] Encolado pasivamente en pending_messages.json
[2026-05-30 01:46:56] CAIDO: Charm Edu P2P Daemon
[2026-05-30 01:46:56] [RESTART] Charm Edu P2P Daemon reiniciado
[2026-05-30 01:46:56] [WATCHDOG_ALERT] [ENJAMBRE: WATCHDOG] [WATCHDOG 01:46:56] ALERTA: Charm Edu P2P Daemon ha caido. Estado: reiniciado.
[2026-05-30 01:46:56] [WATCHDOG_ALERT] Encolado pasivamente en pending_messages.json
[2026-05-30 01:46:56] CAIDO: N8N Bridge Daemon (Docker Proxy)
[2026-05-30 01:46:57] [RESTART] N8N Bridge Daemon (Docker Proxy) reiniciado
[2026-05-30 01:46:57] [WATCHDOG_ALERT] [ENJAMBRE: WATCHDOG] [WATCHDOG 01:46:57] ALERTA: N8N Bridge Daemon (Docker Proxy) ha caido. Estado: reiniciado.
[2026-05-30 01:46:57] [WATCHDOG_ALERT] Encolado pasivamente en pending_messages.json
[2026-05-30 01:46:57] CAIDO: Guardian Daemon (Seguridad Suprema)
[2026-05-30 01:46:57] [RESTART] Guardian Daemon (Seguridad Suprema) reiniciado
[2026-05-30 01:46:57] [WATCHDOG_ALERT] [ENJAMBRE: WATCHDOG] [WATCHDOG 01:46:57] ALERTA: Guardian Daemon (Seguridad Suprema) ha caido. Estado: reiniciado.
[2026-05-30 01:46:57] [WATCHDOG_ALERT] Encolado pasivamente en pending_messages.json
[2026-05-30 01:46:57] IDE Charm NO detectado. Reiniciando...
[2026-05-30 01:46:57] [RESTART] Lanzando doble instancia de Antigravity...
[2026-05-30 01:47:01] [RESTART] Ambas instancias de Antigravity lanzadas exitosamente.
[2026-05-30 01:51:32] Estado: 7 vivos, 1 caidos
[2026-05-30 01:52:09] ==================================================
[2026-05-30 01:52:09] PROCESS WATCHDOG v2 — CENTINELA INICIADO
[2026-05-30 01:52:09] Vigilando 8 procesos cada 30s
[2026-05-30 01:52:09] Python: C:\Users\fnora\AppData\Local\Programs\Python\Python311\python.exe
[2026-05-30 01:52:09] ==================================================
[2026-05-30 01:52:10] CAIDO: Web Monitor
[2026-05-30 01:52:10] [RESTART] Web Monitor reiniciado
[2026-05-30 01:52:10] [WATCHDOG_ALERT] [ENJAMBRE: WATCHDOG] [WATCHDOG 01:52:10] ALERTA: Web Monitor ha caido. Estado: reiniciado.
[2026-05-30 01:52:10] [WATCHDOG_ALERT] Encolado pasivamente en pending_messages.json
[2026-05-30 01:52:10] CAIDO: Swarm Mesh Listener
[2026-05-30 01:52:10] [RESTART] Swarm Mesh Listener reiniciado
[2026-05-30 01:52:10] [WATCHDOG_ALERT] [ENJAMBRE: WATCHDOG] [WATCHDOG 01:52:10] ALERTA: Swarm Mesh Listener ha caido. Estado: reiniciado.
[2026-05-30 01:52:10] [WATCHDOG_ALERT] Encolado pasivamente en pending_messages.json
[2026-05-30 01:52:10] CAIDO: Charm Panel (Web UI :7860)
[2026-05-30 01:52:10] [RESTART] Charm Panel (Web UI :7860) reiniciado
[2026-05-30 01:52:10] [WATCHDOG_ALERT] [ENJAMBRE: WATCHDOG] [WATCHDOG 01:52:10] ALERTA: Charm Panel (Web UI :7860) ha caido. Estado: reiniciado.
[2026-05-30 01:52:10] [WATCHDOG_ALERT] Encolado pasivamente en pending_messages.json
[2026-05-30 01:52:10] CAIDO: Swarm AI Watchdog (Pool de IAs)
[2026-05-30 01:52:10] [RESTART] Swarm AI Watchdog (Pool de IAs) reiniciado
[2026-05-30 01:52:10] [WATCHDOG_ALERT] [ENJAMBRE: WATCHDOG] [WATCHDOG 01:52:10] ALERTA: Swarm AI Watchdog (Pool de IAs) ha caido. Estado: reiniciado.
[2026-05-30 01:52:10] [WATCHDOG_ALERT] Encolado pasivamente en pending_messages.json
[2026-05-30 01:52:10] CAIDO: Charm Edu P2P Daemon
[2026-05-30 01:52:10] [RESTART] Charm Edu P2P Daemon reiniciado
[2026-05-30 01:52:10] [WATCHDOG_ALERT] [ENJAMBRE: WATCHDOG] [WATCHDOG 01:52:10] ALERTA: Charm Edu P2P Daemon ha caido. Estado: reiniciado.
[2026-05-30 01:52:10] [WATCHDOG_ALERT] Encolado pasivamente en pending_messages.json
[2026-05-30 01:52:10] CAIDO: N8N Bridge Daemon (Docker Proxy)
[2026-05-30 01:52:10] [RESTART] N8N Bridge Daemon (Docker Proxy) reiniciado
[2026-05-30 01:52:10] [WATCHDOG_ALERT] [ENJAMBRE: WATCHDOG] [WATCHDOG 01:52:10] ALERTA: N8N Bridge Daemon (Docker Proxy) ha caido. Estado: reiniciado.
[2026-05-30 01:52:10] [WATCHDOG_ALERT] Encolado pasivamente en pending_messages.json
[2026-05-30 01:52:10] CAIDO: Guardian Daemon (Seguridad Suprema)
[2026-05-30 01:52:10] [RESTART] Guardian Daemon (Seguridad Suprema) reiniciado
[2026-05-30 01:52:10] [WATCHDOG_ALERT] [ENJAMBRE: WATCHDOG] [WATCHDOG 01:52:10] ALERTA: Guardian Daemon (Seguridad Suprema) ha caido. Estado: reiniciado.
[2026-05-30 01:52:10] [WATCHDOG_ALERT] Encolado pasivamente en pending_messages.json
[2026-05-30 01:52:10] IDE Charm NO detectado. Reiniciando...
[2026-05-30 01:52:10] [RESTART] Lanzando doble instancia de Antigravity...
[2026-05-30 01:52:14] [RESTART] Ambas instancias de Antigravity lanzadas exitosamente.
[2026-05-30 02:09:51] ==================================================
[2026-05-30 02:09:51] PROCESS WATCHDOG v2 — CENTINELA INICIADO
[2026-05-30 02:09:51] Vigilando 8 procesos cada 30s
[2026-05-30 02:09:51] Python: C:\Users\fnora\AppData\Local\Programs\Python\Python311\python.exe
[2026-05-30 02:09:51] ==================================================
[2026-05-30 02:09:51] CAIDO: Unified Channel Daemon (Telegram+Discord+Web)
[2026-05-30 02:09:51] [RESTART] Unified Channel Daemon (Telegram+Discord+Web) reiniciado
[2026-05-30 02:09:51] [WATCHDOG_ALERT] [ENJAMBRE: WATCHDOG] [WATCHDOG 02:09:51] ALERTA: Unified Channel Daemon (Telegram+Discord+Web) ha caido. Estado: reiniciado.
[2026-05-30 02:09:51] [WATCHDOG_ALERT] Encolado pasivamente en pending_messages.json
[2026-05-30 02:09:51] CAIDO: Web Monitor
[2026-05-30 02:09:51] [RESTART] Web Monitor reiniciado
[2026-05-30 02:09:51] [WATCHDOG_ALERT] [ENJAMBRE: WATCHDOG] [WATCHDOG 02:09:51] ALERTA: Web Monitor ha caido. Estado: reiniciado.
[2026-05-30 02:09:51] [WATCHDOG_ALERT] Encolado pasivamente en pending_messages.json
[2026-05-30 02:09:51] CAIDO: Swarm Mesh Listener
[2026-05-30 02:09:51] [RESTART] Swarm Mesh Listener reiniciado
[2026-05-30 02:09:51] [WATCHDOG_ALERT] [ENJAMBRE: WATCHDOG] [WATCHDOG 02:09:51] ALERTA: Swarm Mesh Listener ha caido. Estado: reiniciado.
[2026-05-30 02:09:51] [WATCHDOG_ALERT] Encolado pasivamente en pending_messages.json
[2026-05-30 02:09:51] CAIDO: Charm Panel (Web UI :7860)
[2026-05-30 02:09:51] [RESTART] Charm Panel (Web UI :7860) reiniciado
[2026-05-30 02:09:51] [WATCHDOG_ALERT] [ENJAMBRE: WATCHDOG] [WATCHDOG 02:09:51] ALERTA: Charm Panel (Web UI :7860) ha caido. Estado: reiniciado.
[2026-05-30 02:09:51] [WATCHDOG_ALERT] Encolado pasivamente en pending_messages.json
[2026-05-30 02:09:51] CAIDO: Swarm AI Watchdog (Pool de IAs)
[2026-05-30 02:09:51] [RESTART] Swarm AI Watchdog (Pool de IAs) reiniciado
[2026-05-30 02:09:51] [WATCHDOG_ALERT] [ENJAMBRE: WATCHDOG] [WATCHDOG 02:09:51] ALERTA: Swarm AI Watchdog (Pool de IAs) ha caido. Estado: reiniciado.
[2026-05-30 02:09:51] [WATCHDOG_ALERT] Encolado pasivamente en pending_messages.json
[2026-05-30 02:09:51] CAIDO: Charm Edu P2P Daemon
[2026-05-30 02:09:51] [RESTART] Charm Edu P2P Daemon reiniciado
[2026-05-30 02:09:51] [WATCHDOG_ALERT] [ENJAMBRE: WATCHDOG] [WATCHDOG 02:09:51] ALERTA: Charm Edu P2P Daemon ha caido. Estado: reiniciado.
[2026-05-30 02:09:51] [WATCHDOG_ALERT] Encolado pasivamente en pending_messages.json
[2026-05-30 02:09:51] CAIDO: N8N Bridge Daemon (Docker Proxy)
[2026-05-30 02:09:51] [RESTART] N8N Bridge Daemon (Docker Proxy) reiniciado
[2026-05-30 02:09:51] [WATCHDOG_ALERT] [ENJAMBRE: WATCHDOG] [WATCHDOG 02:09:51] ALERTA: N8N Bridge Daemon (Docker Proxy) ha caido. Estado: reiniciado.
[2026-05-30 02:09:51] [WATCHDOG_ALERT] Encolado pasivamente en pending_messages.json
[2026-05-30 02:09:51] CAIDO: Guardian Daemon (Seguridad Suprema)
[2026-05-30 02:09:51] [RESTART] Guardian Daemon (Seguridad Suprema) reiniciado
[2026-05-30 02:09:51] [WATCHDOG_ALERT] [ENJAMBRE: WATCHDOG] [WATCHDOG 02:09:51] ALERTA: Guardian Daemon (Seguridad Suprema) ha caido. Estado: reiniciado.
[2026-05-30 02:09:51] [WATCHDOG_ALERT] Encolado pasivamente en pending_messages.json
[2026-05-30 02:09:51] IDE Charm NO detectado. Reiniciando...
[2026-05-30 02:09:51] [RESTART] Lanzando doble instancia de Antigravity...
[2026-05-30 08:05:48] ==================================================
[2026-05-30 08:05:48] PROCESS WATCHDOG v2 — CENTINELA INICIADO
[2026-05-30 08:05:48] Vigilando 8 procesos cada 30s
[2026-05-30 08:05:48] Python: C:\Users\fnora\AppData\Local\Programs\Python\Python311\python.exe
[2026-05-30 08:05:48] ==================================================
[2026-05-30 08:05:48] CAIDO: Unified Channel Daemon (Telegram+Discord+Web)
[2026-05-30 08:05:48] [RESTART] Unified Channel Daemon (Telegram+Discord+Web) reiniciado
[2026-05-30 08:05:48] [WATCHDOG_ALERT] [ENJAMBRE: WATCHDOG] [WATCHDOG 08:05:48] ALERTA: Unified Channel Daemon (Telegram+Discord+Web) ha caido. Estado: reiniciado.
[2026-05-30 08:05:48] [WATCHDOG_ALERT] Encolado pasivamente en pending_messages.json
[2026-05-30 08:05:48] CAIDO: Web Monitor
[2026-05-30 08:05:48] [RESTART] Web Monitor reiniciado
[2026-05-30 08:05:48] [WATCHDOG_ALERT] [ENJAMBRE: WATCHDOG] [WATCHDOG 08:05:48] ALERTA: Web Monitor ha caido. Estado: reiniciado.
[2026-05-30 08:05:48] [WATCHDOG_ALERT] Encolado pasivamente en pending_messages.json
[2026-05-30 08:05:48] CAIDO: Swarm Mesh Listener
[2026-05-30 08:05:48] [RESTART] Swarm Mesh Listener reiniciado
[2026-05-30 08:05:48] [WATCHDOG_ALERT] [ENJAMBRE: WATCHDOG] [WATCHDOG 08:05:48] ALERTA: Swarm Mesh Listener ha caido. Estado: reiniciado.
[2026-05-30 08:05:48] [WATCHDOG_ALERT] Encolado pasivamente en pending_messages.json
[2026-05-30 08:05:48] CAIDO: Charm Panel (Web UI :7860)
[2026-05-30 08:05:48] [RESTART] Charm Panel (Web UI :7860) reiniciado
[2026-05-30 08:05:48] [WATCHDOG_ALERT] [ENJAMBRE: WATCHDOG] [WATCHDOG 08:05:48] ALERTA: Charm Panel (Web UI :7860) ha caido. Estado: reiniciado.
[2026-05-30 08:05:48] [WATCHDOG_ALERT] Encolado pasivamente en pending_messages.json
[2026-05-30 08:05:48] CAIDO: Swarm AI Watchdog (Pool de IAs)
[2026-05-30 08:05:48] [RESTART] Swarm AI Watchdog (Pool de IAs) reiniciado
[2026-05-30 08:05:48] [WATCHDOG_ALERT] [ENJAMBRE: WATCHDOG] [WATCHDOG 08:05:48] ALERTA: Swarm AI Watchdog (Pool de IAs) ha caido. Estado: reiniciado.
[2026-05-30 08:05:48] [WATCHDOG_ALERT] Encolado pasivamente en pending_messages.json
[2026-05-30 08:05:49] CAIDO: Charm Edu P2P Daemon
[2026-05-30 08:05:49] [RESTART] Charm Edu P2P Daemon reiniciado
[2026-05-30 08:05:49] [WATCHDOG_ALERT] [ENJAMBRE: WATCHDOG] [WATCHDOG 08:05:49] ALERTA: Charm Edu P2P Daemon ha caido. Estado: reiniciado.
[2026-05-30 08:05:49] [WATCHDOG_ALERT] Encolado pasivamente en pending_messages.json
[2026-05-30 08:05:49] CAIDO: N8N Bridge Daemon (Docker Proxy)
[2026-05-30 08:05:49] [RESTART] N8N Bridge Daemon (Docker Proxy) reiniciado
[2026-05-30 08:05:49] [WATCHDOG_ALERT] [ENJAMBRE: WATCHDOG] [WATCHDOG 08:05:49] ALERTA: N8N Bridge Daemon (Docker Proxy) ha caido. Estado: reiniciado.
[2026-05-30 08:05:49] [WATCHDOG_ALERT] Encolado pasivamente en pending_messages.json
[2026-05-30 08:05:49] CAIDO: Guardian Daemon (Seguridad Suprema)
[2026-05-30 08:05:49] [RESTART] Guardian Daemon (Seguridad Suprema) reiniciado
[2026-05-30 08:05:49] [WATCHDOG_ALERT] [ENJAMBRE: WATCHDOG] [WATCHDOG 08:05:49] ALERTA: Guardian Daemon (Seguridad Suprema) ha caido. Estado: reiniciado.
[2026-05-30 08:05:49] [WATCHDOG_ALERT] Encolado pasivamente en pending_messages.json
[2026-05-30 08:05:49] [N8N DOCKER] Contenedor caído. Intentando iniciar...
[2026-05-30 08:05:53] [QDRANT] Caido. Intentando reiniciar...
[2026-05-30 08:05:53] [DOCKER] Docker Desktop no parece estar activo. Intentando levantarlo...
[2026-05-30 08:05:53] [DOCKER] Iniciado ejecutable. Esperando 30s para inicializacion del daemon...
[2026-05-30 08:06:26] [QDRANT] Reiniciado con exito
[2026-05-30 08:06:26] [WATCHDOG_ALERT] [ENJAMBRE: WATCHDOG] Qdrant ha sido levantado automáticamente (incluyendo inicio de Docker Desktop). Memoria vectorial online.
[2026-05-30 08:06:56] [N8N DOCKER] Contenedor caído. Intentando iniciar...
[2026-05-30 08:10:58] CAIDO: Swarm Mesh Listener
[2026-05-30 08:10:58] [RESTART] Swarm Mesh Listener reiniciado
[2026-05-30 08:10:58] [WATCHDOG_ALERT] [ENJAMBRE: WATCHDOG] [WATCHDOG 08:10:58] ALERTA: Swarm Mesh Listener ha caido. Estado: reiniciado.
[2026-05-30 08:10:58] [WATCHDOG_ALERT] Encolado pasivamente en pending_messages.json
[2026-05-30 08:10:58] Estado: 7 vivos, 1 caidos
[2026-05-30 08:15:59] CAIDO: Swarm Mesh Listener
[2026-05-30 08:15:59] [RESTART] Swarm Mesh Listener reiniciado
[2026-05-30 08:15:59] [WATCHDOG_ALERT] [ENJAMBRE: WATCHDOG] [WATCHDOG 08:15:59] ALERTA: Swarm Mesh Listener ha caido. Estado: reiniciado.
[2026-05-30 08:15:59] [WATCHDOG_ALERT] Encolado pasivamente en pending_messages.json
[2026-05-30 08:15:59] Estado: 7 vivos, 1 caidos
[2026-05-30 08:17:00] CAIDO: Unified Channel Daemon (Telegram+Discord+Web)
[2026-05-30 08:17:00] [RESTART] Unified Channel Daemon (Telegram+Discord+Web) reiniciado
[2026-05-30 08:17:00] [WATCHDOG_ALERT] [ENJAMBRE: WATCHDOG] [WATCHDOG 08:17:00] ALERTA: Unified Channel Daemon (Telegram+Discord+Web) ha caido. Estado: reiniciado.
[2026-05-30 08:17:00] [WATCHDOG_ALERT] Encolado pasivamente en pending_messages.json
[2026-05-30 08:21:01] CAIDO: Swarm Mesh Listener
[2026-05-30 08:21:01] [RESTART] Swarm Mesh Listener reiniciado
[2026-05-30 08:21:01] [WATCHDOG_ALERT] [ENJAMBRE: WATCHDOG] [WATCHDOG 08:21:01] ALERTA: Swarm Mesh Listener ha caido. Estado: reiniciado.
[2026-05-30 08:21:01] [WATCHDOG_ALERT] Encolado pasivamente en pending_messages.json
[2026-05-30 08:21:01] Estado: 7 vivos, 1 caidos
[2026-05-30 08:26:02] CAIDO: Swarm Mesh Listener
[2026-05-30 08:26:02] [RESTART] Swarm Mesh Listener reiniciado
[2026-05-30 08:26:02] [WATCHDOG_ALERT] [ENJAMBRE: WATCHDOG] [WATCHDOG 08:26:02] ALERTA: Swarm Mesh Listener ha caido. Estado: reiniciado.
[2026-05-30 08:26:02] [WATCHDOG_ALERT] Encolado pasivamente en pending_messages.json
[2026-05-30 08:26:03] Estado: 7 vivos, 1 caidos
[2026-05-30 08:31:04] CAIDO: Swarm Mesh Listener
[2026-05-30 08:31:04] [RESTART] Swarm Mesh Listener reiniciado
[2026-05-30 08:31:04] [WATCHDOG_ALERT] [ENJAMBRE: WATCHDOG] [WATCHDOG 08:31:04] ALERTA: Swarm Mesh Listener ha caido. Estado: reiniciado.
[2026-05-30 08:31:04] [WATCHDOG_ALERT] Encolado pasivamente en pending_messages.json
[2026-05-30 08:31:04] Estado: 7 vivos, 1 caidos
[2026-05-30 08:32:29] ==================================================
[2026-05-30 08:32:29] PROCESS WATCHDOG v2 — CENTINELA INICIADO
[2026-05-30 08:32:29] Vigilando 8 procesos cada 30s
[2026-05-30 08:32:29] Python: C:\Users\fnora\AppData\Local\Programs\Python\Python311\python.exe
[2026-05-30 08:32:29] ==================================================
[2026-05-30 08:32:29] Señal de cierre recibida. Watchdog terminando.
[2026-05-30 08:32:29] WATCHDOG TERMINADO
[2026-05-31 20:34:18] ==================================================
[2026-05-31 20:34:18] PROCESS WATCHDOG v2 — CENTINELA INICIADO
[2026-05-31 20:34:18] Vigilando 8 procesos cada 30s
[2026-05-31 20:34:18] Python: C:\Users\fnora\AppData\Local\Programs\Python\Python311\python.exe
[2026-05-31 20:34:18] ==================================================
[2026-05-31 20:34:18] Señal de cierre recibida. Watchdog terminando.
[2026-05-31 20:34:18] WATCHDOG TERMINADO
[2026-06-01 08:15:41] ==================================================
[2026-06-01 08:15:41] PROCESS WATCHDOG v2 — CENTINELA INICIADO
[2026-06-01 08:15:41] Vigilando 8 procesos cada 30s
[2026-06-01 08:15:41] Python: C:\Users\fnora\AppData\Local\Programs\Python\Python311\python.exe
[2026-06-01 08:15:41] ==================================================
[2026-06-01 08:15:41] CAIDO: Unified Channel Daemon (Telegram+Discord+Web)
[2026-06-01 08:15:41] [RESTART] Unified Channel Daemon (Telegram+Discord+Web) reiniciado
[2026-06-01 08:15:41] [WATCHDOG_ALERT] [ENJAMBRE: WATCHDOG] [WATCHDOG 08:15:41] ALERTA: Unified Channel Daemon (Telegram+Discord+Web) ha caido. Estado: reiniciado.
[2026-06-01 08:15:41] [WATCHDOG_ALERT] Encolado pasivamente en pending_messages.json
[2026-06-01 08:15:41] CAIDO: Web Monitor
[2026-06-01 08:15:41] [RESTART] Web Monitor reiniciado
[2026-06-01 08:15:41] [WATCHDOG_ALERT] [ENJAMBRE: WATCHDOG] [WATCHDOG 08:15:41] ALERTA: Web Monitor ha caido. Estado: reiniciado.
[2026-06-01 08:15:41] [WATCHDOG_ALERT] Encolado pasivamente en pending_messages.json
[2026-06-01 08:15:41] CAIDO: Swarm Mesh Listener
[2026-06-01 08:15:41] [RESTART] Swarm Mesh Listener reiniciado
[2026-06-01 08:15:41] [WATCHDOG_ALERT] [ENJAMBRE: WATCHDOG] [WATCHDOG 08:15:41] ALERTA: Swarm Mesh Listener ha caido. Estado: reiniciado.
[2026-06-01 08:15:41] [WATCHDOG_ALERT] Encolado pasivamente en pending_messages.json
[2026-06-01 08:15:41] CAIDO: Charm Panel (Web UI :7860)
[2026-06-01 08:15:41] [RESTART] Charm Panel (Web UI :7860) reiniciado
[2026-06-01 08:15:41] [WATCHDOG_ALERT] [ENJAMBRE: WATCHDOG] [WATCHDOG 08:15:41] ALERTA: Charm Panel (Web UI :7860) ha caido. Estado: reiniciado.
[2026-06-01 08:15:41] [WATCHDOG_ALERT] Encolado pasivamente en pending_messages.json
[2026-06-01 08:15:41] CAIDO: Swarm AI Watchdog (Pool de IAs)
[2026-06-01 08:15:41] [RESTART] Swarm AI Watchdog (Pool de IAs) reiniciado
[2026-06-01 08:15:41] [WATCHDOG_ALERT] [ENJAMBRE: WATCHDOG] [WATCHDOG 08:15:41] ALERTA: Swarm AI Watchdog (Pool de IAs) ha caido. Estado: reiniciado.
[2026-06-01 08:15:41] [WATCHDOG_ALERT] Encolado pasivamente en pending_messages.json
[2026-06-01 08:15:41] CAIDO: Charm Edu P2P Daemon
[2026-06-01 08:15:41] [RESTART] Charm Edu P2P Daemon reiniciado
[2026-06-01 08:15:41] [WATCHDOG_ALERT] [ENJAMBRE: WATCHDOG] [WATCHDOG 08:15:41] ALERTA: Charm Edu P2P Daemon ha caido. Estado: reiniciado.
[2026-06-01 08:15:41] [WATCHDOG_ALERT] Encolado pasivamente en pending_messages.json
[2026-06-01 08:15:41] CAIDO: N8N Bridge Daemon (Docker Proxy)
[2026-06-01 08:15:41] [RESTART] N8N Bridge Daemon (Docker Proxy) reiniciado
[2026-06-01 08:15:41] [WATCHDOG_ALERT] [ENJAMBRE: WATCHDOG] [WATCHDOG 08:15:41] ALERTA: N8N Bridge Daemon (Docker Proxy) ha caido. Estado: reiniciado.
[2026-06-01 08:15:41] [WATCHDOG_ALERT] Encolado pasivamente en pending_messages.json
[2026-06-01 08:15:41] CAIDO: Guardian Daemon (Seguridad Suprema)
[2026-06-01 08:15:41] [RESTART] Guardian Daemon (Seguridad Suprema) reiniciado
[2026-06-01 08:15:41] [WATCHDOG_ALERT] [ENJAMBRE: WATCHDOG] [WATCHDOG 08:15:41] ALERTA: Guardian Daemon (Seguridad Suprema) ha caido. Estado: reiniciado.
[2026-06-01 08:15:41] [WATCHDOG_ALERT] Encolado pasivamente en pending_messages.json
[2026-06-01 08:15:41] [N8N DOCKER] Contenedor caído. Intentando iniciar...
[2026-06-01 08:15:45] [QDRANT] Caido. Intentando reiniciar...
[2026-06-01 08:15:46] [DOCKER] Docker Desktop no parece estar activo. Intentando levantarlo...
[2026-06-01 08:15:46] [DOCKER] Iniciado ejecutable. Esperando 30s para inicializacion del daemon...
[2026-06-01 08:16:19] [QDRANT] Reiniciado con exito
[2026-06-01 08:16:19] [WATCHDOG_ALERT] [ENJAMBRE: WATCHDOG] Qdrant ha sido levantado automáticamente (incluyendo inicio de Docker Desktop). Memoria vectorial online.
[2026-06-01 08:20:50] CAIDO: Swarm Mesh Listener
[2026-06-01 08:20:50] [RESTART] Swarm Mesh Listener reiniciado
[2026-06-01 08:20:50] [WATCHDOG_ALERT] [ENJAMBRE: WATCHDOG] [WATCHDOG 08:20:50] ALERTA: Swarm Mesh Listener ha caido. Estado: reiniciado.
[2026-06-01 08:20:50] [WATCHDOG_ALERT] Encolado pasivamente en pending_messages.json
[2026-06-01 08:20:50] Estado: 7 vivos, 1 caidos
[2026-06-01 08:25:51] CAIDO: Swarm Mesh Listener
[2026-06-01 08:25:51] [RESTART] Swarm Mesh Listener reiniciado
[2026-06-01 08:25:51] [WATCHDOG_ALERT] [ENJAMBRE: WATCHDOG] [WATCHDOG 08:25:51] ALERTA: Swarm Mesh Listener ha caido. Estado: reiniciado.
[2026-06-01 08:25:51] [WATCHDOG_ALERT] Encolado pasivamente en pending_messages.json
[2026-06-01 08:25:52] Estado: 7 vivos, 1 caidos
[2026-06-01 08:30:53] CAIDO: Swarm Mesh Listener
[2026-06-01 08:30:53] [RESTART] Swarm Mesh Listener reiniciado
[2026-06-01 08:30:53] [WATCHDOG_ALERT] [ENJAMBRE: WATCHDOG] [WATCHDOG 08:30:53] ALERTA: Swarm Mesh Listener ha caido. Estado: reiniciado.
[2026-06-01 08:30:53] [WATCHDOG_ALERT] Encolado pasivamente en pending_messages.json
[2026-06-01 08:30:53] Estado: 7 vivos, 1 caidos
[2026-06-01 08:35:54] CAIDO: Swarm Mesh Listener
[2026-06-01 08:35:54] [RESTART] Swarm Mesh Listener reiniciado
[2026-06-01 08:35:54] [WATCHDOG_ALERT] [ENJAMBRE: WATCHDOG] [WATCHDOG 08:35:54] ALERTA: Swarm Mesh Listener ha caido. Estado: reiniciado.
[2026-06-01 08:35:54] [WATCHDOG_ALERT] Encolado pasivamente en pending_messages.json
[2026-06-01 08:35:54] Estado: 7 vivos, 1 caidos
[2026-06-01 08:36:55] CAIDO: Unified Channel Daemon (Telegram+Discord+Web)
[2026-06-01 08:36:55] [RESTART] Unified Channel Daemon (Telegram+Discord+Web) reiniciado
[2026-06-01 08:36:55] [WATCHDOG_ALERT] [ENJAMBRE: WATCHDOG] [WATCHDOG 08:36:55] ALERTA: Unified Channel Daemon (Telegram+Discord+Web) ha caido. Estado: reiniciado.
[2026-06-01 08:36:55] [WATCHDOG_ALERT] Encolado pasivamente en pending_messages.json
[2026-06-01 08:40:56] CAIDO: Swarm Mesh Listener
[2026-06-01 08:40:56] [RESTART] Swarm Mesh Listener reiniciado
[2026-06-01 08:40:56] [WATCHDOG_ALERT] [ENJAMBRE: WATCHDOG] [WATCHDOG 08:40:56] ALERTA: Swarm Mesh Listener ha caido. Estado: reiniciado.
[2026-06-01 08:40:56] [WATCHDOG_ALERT] Encolado pasivamente en pending_messages.json
[2026-06-01 08:40:56] Estado: 7 vivos, 1 caidos
[2026-06-01 08:45:57] CAIDO: Swarm Mesh Listener
[2026-06-01 08:45:57] [RESTART] Swarm Mesh Listener reiniciado
[2026-06-01 08:45:57] [WATCHDOG_ALERT] [ENJAMBRE: WATCHDOG] [WATCHDOG 08:45:57] ALERTA: Swarm Mesh Listener ha caido. Estado: reiniciado.
[2026-06-01 08:45:58] [WATCHDOG_ALERT] Encolado pasivamente en pending_messages.json
[2026-06-01 08:45:58] Estado: 7 vivos, 1 caidos
[2026-06-01 08:50:59] CAIDO: Swarm Mesh Listener
[2026-06-01 08:50:59] [RESTART] Swarm Mesh Listener reiniciado
[2026-06-01 08:50:59] [WATCHDOG_ALERT] [ENJAMBRE: WATCHDOG] [WATCHDOG 08:50:59] ALERTA: Swarm Mesh Listener ha caido. Estado: reiniciado.
[2026-06-01 08:50:59] [WATCHDOG_ALERT] Encolado pasivamente en pending_messages.json
[2026-06-01 08:50:59] Estado: 7 vivos, 1 caidos
[2026-06-01 08:56:00] CAIDO: Swarm Mesh Listener
[2026-06-01 08:56:00] [RESTART] Swarm Mesh Listener reiniciado
[2026-06-01 08:56:00] [WATCHDOG_ALERT] [ENJAMBRE: WATCHDOG] [WATCHDOG 08:56:00] ALERTA: Swarm Mesh Listener ha caido. Estado: reiniciado.
[2026-06-01 08:56:00] [WATCHDOG_ALERT] Encolado pasivamente en pending_messages.json
[2026-06-01 08:56:00] Estado: 7 vivos, 1 caidos
[2026-06-01 09:01:02] CAIDO: Swarm Mesh Listener
[2026-06-01 09:01:02] [RESTART] Swarm Mesh Listener reiniciado
[2026-06-01 09:01:02] [WATCHDOG_ALERT] [ENJAMBRE: WATCHDOG] [WATCHDOG 09:01:02] ALERTA: Swarm Mesh Listener ha caido. Estado: reiniciado.
[2026-06-01 09:01:02] [WATCHDOG_ALERT] Encolado pasivamente en pending_messages.json
[2026-06-01 09:01:02] Estado: 7 vivos, 1 caidos
[2026-06-01 09:06:03] CAIDO: Swarm Mesh Listener
[2026-06-01 09:06:03] [RESTART] Swarm Mesh Listener reiniciado
[2026-06-01 09:06:03] [WATCHDOG_ALERT] [ENJAMBRE: WATCHDOG] [WATCHDOG 09:06:03] ALERTA: Swarm Mesh Listener ha caido. Estado: reiniciado.
[2026-06-01 09:06:03] [WATCHDOG_ALERT] Encolado pasivamente en pending_messages.json
[2026-06-01 09:06:03] Estado: 7 vivos, 1 caidos
[2026-06-01 09:11:05] CAIDO: Swarm Mesh Listener
[2026-06-01 09:11:05] [RESTART] Swarm Mesh Listener reiniciado
[2026-06-01 09:11:05] [WATCHDOG_ALERT] [ENJAMBRE: WATCHDOG] [WATCHDOG 09:11:05] ALERTA: Swarm Mesh Listener ha caido. Estado: reiniciado.
[2026-06-01 09:11:05] [WATCHDOG_ALERT] Encolado pasivamente en pending_messages.json
[2026-06-01 09:11:05] Estado: 7 vivos, 1 caidos
[2026-06-01 09:16:07] CAIDO: Swarm Mesh Listener
[2026-06-01 09:16:07] [RESTART] Swarm Mesh Listener reiniciado
[2026-06-01 09:16:07] [WATCHDOG_ALERT] [ENJAMBRE: WATCHDOG] [WATCHDOG 09:16:07] ALERTA: Swarm Mesh Listener ha caido. Estado: reiniciado.
[2026-06-01 09:16:07] [WATCHDOG_ALERT] Encolado pasivamente en pending_messages.json
[2026-06-01 09:16:07] Estado: 7 vivos, 1 caidos
[2026-06-01 09:21:08] CAIDO: Swarm Mesh Listener
[2026-06-01 09:21:08] [RESTART] Swarm Mesh Listener reiniciado
[2026-06-01 09:21:08] [WATCHDOG_ALERT] [ENJAMBRE: WATCHDOG] [WATCHDOG 09:21:08] ALERTA: Swarm Mesh Listener ha caido. Estado: reiniciado.
[2026-06-01 09:21:08] [WATCHDOG_ALERT] Encolado pasivamente en pending_messages.json
[2026-06-01 09:21:08] Estado: 7 vivos, 1 caidos
[2026-06-01 09:26:10] CAIDO: Swarm Mesh Listener
[2026-06-01 09:26:10] [RESTART] Swarm Mesh Listener reiniciado
[2026-06-01 09:26:10] [WATCHDOG_ALERT] [ENJAMBRE: WATCHDOG] [WATCHDOG 09:26:10] ALERTA: Swarm Mesh Listener ha caido. Estado: reiniciado.
[2026-06-01 09:26:10] [WATCHDOG_ALERT] Encolado pasivamente en pending_messages.json
[2026-06-01 09:26:10] Estado: 7 vivos, 1 caidos
[2026-06-01 09:31:12] CAIDO: Swarm Mesh Listener
[2026-06-01 09:31:12] [RESTART] Swarm Mesh Listener reiniciado
[2026-06-01 09:31:12] [WATCHDOG_ALERT] [ENJAMBRE: WATCHDOG] [WATCHDOG 09:31:12] ALERTA: Swarm Mesh Listener ha caido. Estado: reiniciado.
[2026-06-01 09:31:12] [WATCHDOG_ALERT] Encolado pasivamente en pending_messages.json
[2026-06-01 09:31:12] Estado: 7 vivos, 1 caidos
[2026-06-01 09:36:13] CAIDO: Swarm Mesh Listener
[2026-06-01 09:36:13] [RESTART] Swarm Mesh Listener reiniciado
[2026-06-01 09:36:13] [WATCHDOG_ALERT] [ENJAMBRE: WATCHDOG] [WATCHDOG 09:36:13] ALERTA: Swarm Mesh Listener ha caido. Estado: reiniciado.
[2026-06-01 09:36:13] [WATCHDOG_ALERT] Encolado pasivamente en pending_messages.json
[2026-06-01 09:36:13] Estado: 7 vivos, 1 caidos
[2026-06-01 09:41:15] CAIDO: Swarm Mesh Listener
[2026-06-01 09:41:15] [RESTART] Swarm Mesh Listener reiniciado
[2026-06-01 09:41:15] [WATCHDOG_ALERT] [ENJAMBRE: WATCHDOG] [WATCHDOG 09:41:15] ALERTA: Swarm Mesh Listener ha caido. Estado: reiniciado.
[2026-06-01 09:41:15] [WATCHDOG_ALERT] Encolado pasivamente en pending_messages.json
[2026-06-01 09:41:15] Estado: 7 vivos, 1 caidos
[2026-06-01 09:46:16] CAIDO: Swarm Mesh Listener
[2026-06-01 09:46:16] [RESTART] Swarm Mesh Listener reiniciado
[2026-06-01 09:46:16] [WATCHDOG_ALERT] [ENJAMBRE: WATCHDOG] [WATCHDOG 09:46:16] ALERTA: Swarm Mesh Listener ha caido. Estado: reiniciado.
[2026-06-01 09:46:16] [WATCHDOG_ALERT] Encolado pasivamente en pending_messages.json
[2026-06-01 09:46:16] Estado: 7 vivos, 1 caidos
[2026-06-01 09:51:18] CAIDO: Swarm Mesh Listener
[2026-06-01 09:51:18] [RESTART] Swarm Mesh Listener reiniciado
[2026-06-01 09:51:18] [WATCHDOG_ALERT] [ENJAMBRE: WATCHDOG] [WATCHDOG 09:51:18] ALERTA: Swarm Mesh Listener ha caido. Estado: reiniciado.
[2026-06-01 09:51:18] [WATCHDOG_ALERT] Encolado pasivamente en pending_messages.json
[2026-06-01 09:51:18] Estado: 7 vivos, 1 caidos
[2026-06-01 09:56:20] CAIDO: Swarm Mesh Listener
[2026-06-01 09:56:20] [RESTART] Swarm Mesh Listener reiniciado
[2026-06-01 09:56:20] [WATCHDOG_ALERT] [ENJAMBRE: WATCHDOG] [WATCHDOG 09:56:20] ALERTA: Swarm Mesh Listener ha caido. Estado: reiniciado.
[2026-06-01 09:56:20] [WATCHDOG_ALERT] Encolado pasivamente en pending_messages.json
[2026-06-01 09:56:20] Estado: 7 vivos, 1 caidos
[2026-06-01 10:01:21] CAIDO: Swarm Mesh Listener
[2026-06-01 10:01:21] [RESTART] Swarm Mesh Listener reiniciado
[2026-06-01 10:01:21] [WATCHDOG_ALERT] [ENJAMBRE: WATCHDOG] [WATCHDOG 10:01:21] ALERTA: Swarm Mesh Listener ha caido. Estado: reiniciado.
[2026-06-01 10:01:21] [WATCHDOG_ALERT] Encolado pasivamente en pending_messages.json
[2026-06-01 10:01:21] Estado: 7 vivos, 1 caidos
[2026-06-01 10:06:23] CAIDO: Swarm Mesh Listener
[2026-06-01 10:06:23] [RESTART] Swarm Mesh Listener reiniciado
[2026-06-01 10:06:23] [WATCHDOG_ALERT] [ENJAMBRE: WATCHDOG] [WATCHDOG 10:06:23] ALERTA: Swarm Mesh Listener ha caido. Estado: reiniciado.
[2026-06-01 10:06:23] [WATCHDOG_ALERT] Encolado pasivamente en pending_messages.json
[2026-06-01 10:06:23] Estado: 7 vivos, 1 caidos
[2026-06-01 10:11:24] CAIDO: Swarm Mesh Listener
[2026-06-01 10:11:24] [RESTART] Swarm Mesh Listener reiniciado
[2026-06-01 10:11:24] [WATCHDOG_ALERT] [ENJAMBRE: WATCHDOG] [WATCHDOG 10:11:24] ALERTA: Swarm Mesh Listener ha caido. Estado: reiniciado.
[2026-06-01 10:11:24] [WATCHDOG_ALERT] Encolado pasivamente en pending_messages.json
[2026-06-01 10:11:24] Estado: 7 vivos, 1 caidos
[2026-06-01 10:16:26] CAIDO: Swarm Mesh Listener
[2026-06-01 10:16:26] [RESTART] Swarm Mesh Listener reiniciado
[2026-06-01 10:16:26] [WATCHDOG_ALERT] [ENJAMBRE: WATCHDOG] [WATCHDOG 10:16:26] ALERTA: Swarm Mesh Listener ha caido. Estado: reiniciado.
[2026-06-01 10:16:26] [WATCHDOG_ALERT] Encolado pasivamente en pending_messages.json
[2026-06-01 10:16:26] Estado: 7 vivos, 1 caidos
[2026-06-01 10:21:28] CAIDO: Swarm Mesh Listener
[2026-06-01 10:21:28] [RESTART] Swarm Mesh Listener reiniciado
[2026-06-01 10:21:28] [WATCHDOG_ALERT] [ENJAMBRE: WATCHDOG] [WATCHDOG 10:21:28] ALERTA: Swarm Mesh Listener ha caido. Estado: reiniciado.
[2026-06-01 10:21:28] [WATCHDOG_ALERT] Encolado pasivamente en pending_messages.json
[2026-06-01 10:21:28] Estado: 7 vivos, 1 caidos
[2026-06-01 10:26:29] CAIDO: Swarm Mesh Listener
[2026-06-01 10:26:29] [RESTART] Swarm Mesh Listener reiniciado
[2026-06-01 10:26:29] [WATCHDOG_ALERT] [ENJAMBRE: WATCHDOG] [WATCHDOG 10:26:29] ALERTA: Swarm Mesh Listener ha caido. Estado: reiniciado.
[2026-06-01 10:26:29] [WATCHDOG_ALERT] Encolado pasivamente en pending_messages.json
[2026-06-01 10:26:29] Estado: 7 vivos, 1 caidos
[2026-06-01 10:31:31] CAIDO: Swarm Mesh Listener
[2026-06-01 10:31:31] [RESTART] Swarm Mesh Listener reiniciado
[2026-06-01 10:31:31] [WATCHDOG_ALERT] [ENJAMBRE: WATCHDOG] [WATCHDOG 10:31:31] ALERTA: Swarm Mesh Listener ha caido. Estado: reiniciado.
[2026-06-01 10:31:31] [WATCHDOG_ALERT] Encolado pasivamente en pending_messages.json
[2026-06-01 10:31:31] Estado: 7 vivos, 1 caidos
[2026-06-01 10:36:33] CAIDO: Swarm Mesh Listener
[2026-06-01 10:36:33] [RESTART] Swarm Mesh Listener reiniciado
[2026-06-01 10:36:33] [WATCHDOG_ALERT] [ENJAMBRE: WATCHDOG] [WATCHDOG 10:36:33] ALERTA: Swarm Mesh Listener ha caido. Estado: reiniciado.
[2026-06-01 10:36:33] [WATCHDOG_ALERT] Encolado pasivamente en pending_messages.json
[2026-06-01 10:36:33] Estado: 7 vivos, 1 caidos
[2026-06-01 10:41:35] CAIDO: Swarm Mesh Listener
[2026-06-01 10:41:35] [RESTART] Swarm Mesh Listener reiniciado
[2026-06-01 10:41:35] [WATCHDOG_ALERT] [ENJAMBRE: WATCHDOG] [WATCHDOG 10:41:35] ALERTA: Swarm Mesh Listener ha caido. Estado: reiniciado.
[2026-06-01 10:41:35] [WATCHDOG_ALERT] Encolado pasivamente en pending_messages.json
[2026-06-01 10:41:35] Estado: 7 vivos, 1 caidos
[2026-06-01 10:46:36] CAIDO: Swarm Mesh Listener
[2026-06-01 10:46:36] [RESTART] Swarm Mesh Listener reiniciado
[2026-06-01 10:46:36] [WATCHDOG_ALERT] [ENJAMBRE: WATCHDOG] [WATCHDOG 10:46:36] ALERTA: Swarm Mesh Listener ha caido. Estado: reiniciado.
[2026-06-01 10:46:36] [WATCHDOG_ALERT] Encolado pasivamente en pending_messages.json
[2026-06-01 10:46:36] Estado: 7 vivos, 1 caidos
[2026-06-01 10:51:38] CAIDO: Swarm Mesh Listener
[2026-06-01 10:51:38] [RESTART] Swarm Mesh Listener reiniciado
[2026-06-01 10:51:38] [WATCHDOG_ALERT] [ENJAMBRE: WATCHDOG] [WATCHDOG 10:51:38] ALERTA: Swarm Mesh Listener ha caido. Estado: reiniciado.
[2026-06-01 10:51:38] [WATCHDOG_ALERT] Encolado pasivamente en pending_messages.json
[2026-06-01 10:51:38] Estado: 7 vivos, 1 caidos
[2026-06-01 10:56:40] CAIDO: Swarm Mesh Listener
[2026-06-01 10:56:40] [RESTART] Swarm Mesh Listener reiniciado
[2026-06-01 10:56:40] [WATCHDOG_ALERT] [ENJAMBRE: WATCHDOG] [WATCHDOG 10:56:40] ALERTA: Swarm Mesh Listener ha caido. Estado: reiniciado.
[2026-06-01 10:56:40] [WATCHDOG_ALERT] Encolado pasivamente en pending_messages.json
[2026-06-01 10:56:40] Estado: 7 vivos, 1 caidos
[2026-06-01 11:01:42] CAIDO: Swarm Mesh Listener
[2026-06-01 11:01:42] [RESTART] Swarm Mesh Listener reiniciado
[2026-06-01 11:01:42] [WATCHDOG_ALERT] [ENJAMBRE: WATCHDOG] [WATCHDOG 11:01:42] ALERTA: Swarm Mesh Listener ha caido. Estado: reiniciado.
[2026-06-01 11:01:42] [WATCHDOG_ALERT] Encolado pasivamente en pending_messages.json
[2026-06-01 11:01:42] Estado: 7 vivos, 1 caidos
[2026-06-01 11:06:44] CAIDO: Swarm Mesh Listener
[2026-06-01 11:06:44] [RESTART] Swarm Mesh Listener reiniciado
[2026-06-01 11:06:44] [WATCHDOG_ALERT] [ENJAMBRE: WATCHDOG] [WATCHDOG 11:06:44] ALERTA: Swarm Mesh Listener ha caido. Estado: reiniciado.
[2026-06-01 11:06:44] [WATCHDOG_ALERT] Encolado pasivamente en pending_messages.json
[2026-06-01 11:06:44] Estado: 7 vivos, 1 caidos
[2026-06-01 11:11:45] CAIDO: Swarm Mesh Listener
[2026-06-01 11:11:45] [RESTART] Swarm Mesh Listener reiniciado
[2026-06-01 11:11:45] [WATCHDOG_ALERT] [ENJAMBRE: WATCHDOG] [WATCHDOG 11:11:45] ALERTA: Swarm Mesh Listener ha caido. Estado: reiniciado.
[2026-06-01 11:11:45] [WATCHDOG_ALERT] Encolado pasivamente en pending_messages.json
[2026-06-01 11:11:45] Estado: 7 vivos, 1 caidos
[2026-06-01 11:16:47] CAIDO: Swarm Mesh Listener
[2026-06-01 11:16:47] [RESTART] Swarm Mesh Listener reiniciado
[2026-06-01 11:16:47] [WATCHDOG_ALERT] [ENJAMBRE: WATCHDOG] [WATCHDOG 11:16:47] ALERTA: Swarm Mesh Listener ha caido. Estado: reiniciado.
[2026-06-01 11:16:47] [WATCHDOG_ALERT] Encolado pasivamente en pending_messages.json
[2026-06-01 11:16:47] Estado: 7 vivos, 1 caidos
[2026-06-01 11:21:48] CAIDO: Swarm Mesh Listener
[2026-06-01 11:21:48] [RESTART] Swarm Mesh Listener reiniciado
[2026-06-01 11:21:48] [WATCHDOG_ALERT] [ENJAMBRE: WATCHDOG] [WATCHDOG 11:21:48] ALERTA: Swarm Mesh Listener ha caido. Estado: reiniciado.
[2026-06-01 11:21:48] [WATCHDOG_ALERT] Encolado pasivamente en pending_messages.json
[2026-06-01 11:21:49] Estado: 7 vivos, 1 caidos
[2026-06-01 11:26:50] CAIDO: Swarm Mesh Listener
[2026-06-01 11:26:50] [RESTART] Swarm Mesh Listener reiniciado
[2026-06-01 11:26:50] [WATCHDOG_ALERT] [ENJAMBRE: WATCHDOG] [WATCHDOG 11:26:50] ALERTA: Swarm Mesh Listener ha caido. Estado: reiniciado.
[2026-06-01 11:26:50] [WATCHDOG_ALERT] Encolado pasivamente en pending_messages.json
[2026-06-01 11:26:50] Estado: 7 vivos, 1 caidos
[2026-06-01 11:31:52] CAIDO: Swarm Mesh Listener
[2026-06-01 11:31:52] [RESTART] Swarm Mesh Listener reiniciado
[2026-06-01 11:31:52] [WATCHDOG_ALERT] [ENJAMBRE: WATCHDOG] [WATCHDOG 11:31:52] ALERTA: Swarm Mesh Listener ha caido. Estado: reiniciado.
[2026-06-01 11:31:52] [WATCHDOG_ALERT] Encolado pasivamente en pending_messages.json
[2026-06-01 11:31:52] Estado: 7 vivos, 1 caidos
[2026-06-01 11:36:53] CAIDO: Swarm Mesh Listener
[2026-06-01 11:36:53] [RESTART] Swarm Mesh Listener reiniciado
[2026-06-01 11:36:53] [WATCHDOG_ALERT] [ENJAMBRE: WATCHDOG] [WATCHDOG 11:36:53] ALERTA: Swarm Mesh Listener ha caido. Estado: reiniciado.
[2026-06-01 11:36:53] [WATCHDOG_ALERT] Encolado pasivamente en pending_messages.json
[2026-06-01 11:36:53] Estado: 7 vivos, 1 caidos
[2026-06-01 11:41:55] CAIDO: Swarm Mesh Listener
[2026-06-01 11:41:55] [RESTART] Swarm Mesh Listener reiniciado
[2026-06-01 11:41:55] [WATCHDOG_ALERT] [ENJAMBRE: WATCHDOG] [WATCHDOG 11:41:55] ALERTA: Swarm Mesh Listener ha caido. Estado: reiniciado.
[2026-06-01 11:41:55] [WATCHDOG_ALERT] Encolado pasivamente en pending_messages.json
[2026-06-01 11:41:55] Estado: 7 vivos, 1 caidos
[2026-06-01 11:46:56] CAIDO: Swarm Mesh Listener
[2026-06-01 11:46:56] [RESTART] Swarm Mesh Listener reiniciado
[2026-06-01 11:46:56] [WATCHDOG_ALERT] [ENJAMBRE: WATCHDOG] [WATCHDOG 11:46:56] ALERTA: Swarm Mesh Listener ha caido. Estado: reiniciado.
[2026-06-01 11:46:56] [WATCHDOG_ALERT] Encolado pasivamente en pending_messages.json
[2026-06-01 11:46:56] Estado: 7 vivos, 1 caidos
[2026-06-01 11:51:58] CAIDO: Swarm Mesh Listener
[2026-06-01 11:51:58] [RESTART] Swarm Mesh Listener reiniciado
[2026-06-01 11:51:58] [WATCHDOG_ALERT] [ENJAMBRE: WATCHDOG] [WATCHDOG 11:51:58] ALERTA: Swarm Mesh Listener ha caido. Estado: reiniciado.
[2026-06-01 11:51:58] [WATCHDOG_ALERT] Encolado pasivamente en pending_messages.json
[2026-06-01 11:51:58] Estado: 7 vivos, 1 caidos
[2026-06-01 11:56:59] CAIDO: Swarm Mesh Listener
[2026-06-01 11:56:59] [RESTART] Swarm Mesh Listener reiniciado
[2026-06-01 11:56:59] [WATCHDOG_ALERT] [ENJAMBRE: WATCHDOG] [WATCHDOG 11:56:59] ALERTA: Swarm Mesh Listener ha caido. Estado: reiniciado.
[2026-06-01 11:56:59] [WATCHDOG_ALERT] Encolado pasivamente en pending_messages.json
[2026-06-01 11:56:59] Estado: 7 vivos, 1 caidos
[2026-06-01 12:02:01] CAIDO: Swarm Mesh Listener
[2026-06-01 12:02:01] [RESTART] Swarm Mesh Listener reiniciado
[2026-06-01 12:02:01] [WATCHDOG_ALERT] [ENJAMBRE: WATCHDOG] [WATCHDOG 12:02:01] ALERTA: Swarm Mesh Listener ha caido. Estado: reiniciado.
[2026-06-01 12:02:01] [WATCHDOG_ALERT] Encolado pasivamente en pending_messages.json
[2026-06-01 12:02:01] Estado: 7 vivos, 1 caidos
[2026-06-01 12:07:02] CAIDO: Swarm Mesh Listener
[2026-06-01 12:07:02] [RESTART] Swarm Mesh Listener reiniciado
[2026-06-01 12:07:02] [WATCHDOG_ALERT] [ENJAMBRE: WATCHDOG] [WATCHDOG 12:07:02] ALERTA: Swarm Mesh Listener ha caido. Estado: reiniciado.
[2026-06-01 12:07:03] [WATCHDOG_ALERT] Encolado pasivamente en pending_messages.json
[2026-06-01 12:07:03] Estado: 7 vivos, 1 caidos
[2026-06-01 12:12:04] CAIDO: Swarm Mesh Listener
[2026-06-01 12:12:04] [RESTART] Swarm Mesh Listener reiniciado
[2026-06-01 12:12:04] [WATCHDOG_ALERT] [ENJAMBRE: WATCHDOG] [WATCHDOG 12:12:04] ALERTA: Swarm Mesh Listener ha caido. Estado: reiniciado.
[2026-06-01 12:12:04] [WATCHDOG_ALERT] Encolado pasivamente en pending_messages.json
[2026-06-01 12:12:04] Estado: 7 vivos, 1 caidos
[2026-06-01 12:17:06] CAIDO: Swarm Mesh Listener
[2026-06-01 12:17:06] [RESTART] Swarm Mesh Listener reiniciado
[2026-06-01 12:17:06] [WATCHDOG_ALERT] [ENJAMBRE: WATCHDOG] [WATCHDOG 12:17:06] ALERTA: Swarm Mesh Listener ha caido. Estado: reiniciado.
[2026-06-01 12:17:06] [WATCHDOG_ALERT] Encolado pasivamente en pending_messages.json
[2026-06-01 12:17:06] Estado: 7 vivos, 1 caidos
[2026-06-01 12:22:07] CAIDO: Swarm Mesh Listener
[2026-06-01 12:22:07] [RESTART] Swarm Mesh Listener reiniciado
[2026-06-01 12:22:07] [WATCHDOG_ALERT] [ENJAMBRE: WATCHDOG] [WATCHDOG 12:22:07] ALERTA: Swarm Mesh Listener ha caido. Estado: reiniciado.
[2026-06-01 12:22:07] [WATCHDOG_ALERT] Encolado pasivamente en pending_messages.json
[2026-06-01 12:22:07] Estado: 7 vivos, 1 caidos
[2026-06-01 12:27:09] CAIDO: Swarm Mesh Listener
[2026-06-01 12:27:09] [RESTART] Swarm Mesh Listener reiniciado
[2026-06-01 12:27:09] [WATCHDOG_ALERT] [ENJAMBRE: WATCHDOG] [WATCHDOG 12:27:09] ALERTA: Swarm Mesh Listener ha caido. Estado: reiniciado.
[2026-06-01 12:27:09] [WATCHDOG_ALERT] Encolado pasivamente en pending_messages.json
[2026-06-01 12:27:09] Estado: 7 vivos, 1 caidos
[2026-06-01 12:32:10] CAIDO: Swarm Mesh Listener
[2026-06-01 12:32:10] [RESTART] Swarm Mesh Listener reiniciado
[2026-06-01 12:32:10] [WATCHDOG_ALERT] [ENJAMBRE: WATCHDOG] [WATCHDOG 12:32:10] ALERTA: Swarm Mesh Listener ha caido. Estado: reiniciado.
[2026-06-01 12:32:10] [WATCHDOG_ALERT] Encolado pasivamente en pending_messages.json
[2026-06-01 12:32:10] Estado: 7 vivos, 1 caidos
[2026-06-01 12:37:12] CAIDO: Swarm Mesh Listener
[2026-06-01 12:37:12] [RESTART] Swarm Mesh Listener reiniciado
[2026-06-01 12:37:12] [WATCHDOG_ALERT] [ENJAMBRE: WATCHDOG] [WATCHDOG 12:37:12] ALERTA: Swarm Mesh Listener ha caido. Estado: reiniciado.
[2026-06-01 12:37:12] [WATCHDOG_ALERT] Encolado pasivamente en pending_messages.json
[2026-06-01 12:37:12] Estado: 7 vivos, 1 caidos
[2026-06-01 12:42:13] CAIDO: Swarm Mesh Listener
[2026-06-01 12:42:13] [RESTART] Swarm Mesh Listener reiniciado
[2026-06-01 12:42:13] [WATCHDOG_ALERT] [ENJAMBRE: WATCHDOG] [WATCHDOG 12:42:13] ALERTA: Swarm Mesh Listener ha caido. Estado: reiniciado.
[2026-06-01 12:42:13] [WATCHDOG_ALERT] Encolado pasivamente en pending_messages.json
[2026-06-01 12:42:13] Estado: 7 vivos, 1 caidos
[2026-06-01 12:47:15] CAIDO: Swarm Mesh Listener
[2026-06-01 12:47:15] [RESTART] Swarm Mesh Listener reiniciado
[2026-06-01 12:47:15] [WATCHDOG_ALERT] [ENJAMBRE: WATCHDOG] [WATCHDOG 12:47:15] ALERTA: Swarm Mesh Listener ha caido. Estado: reiniciado.
[2026-06-01 12:47:15] [WATCHDOG_ALERT] Encolado pasivamente en pending_messages.json
[2026-06-01 12:47:15] Estado: 7 vivos, 1 caidos
[2026-06-01 12:52:16] CAIDO: Swarm Mesh Listener
[2026-06-01 12:52:16] [RESTART] Swarm Mesh Listener reiniciado
[2026-06-01 12:52:16] [WATCHDOG_ALERT] [ENJAMBRE: WATCHDOG] [WATCHDOG 12:52:16] ALERTA: Swarm Mesh Listener ha caido. Estado: reiniciado.
[2026-06-01 12:52:16] [WATCHDOG_ALERT] Encolado pasivamente en pending_messages.json
[2026-06-01 12:52:16] Estado: 7 vivos, 1 caidos
[2026-06-01 12:57:18] CAIDO: Swarm Mesh Listener
[2026-06-01 12:57:18] [RESTART] Swarm Mesh Listener reiniciado
[2026-06-01 12:57:18] [WATCHDOG_ALERT] [ENJAMBRE: WATCHDOG] [WATCHDOG 12:57:18] ALERTA: Swarm Mesh Listener ha caido. Estado: reiniciado.
[2026-06-01 12:57:18] [WATCHDOG_ALERT] Encolado pasivamente en pending_messages.json
[2026-06-01 12:57:18] Estado: 7 vivos, 1 caidos
[2026-06-01 13:02:19] CAIDO: Swarm Mesh Listener
[2026-06-01 13:02:19] [RESTART] Swarm Mesh Listener reiniciado
[2026-06-01 13:02:19] [WATCHDOG_ALERT] [ENJAMBRE: WATCHDOG] [WATCHDOG 13:02:19] ALERTA: Swarm Mesh Listener ha caido. Estado: reiniciado.
[2026-06-01 13:02:19] [WATCHDOG_ALERT] Encolado pasivamente en pending_messages.json
[2026-06-01 13:02:20] Estado: 7 vivos, 1 caidos
[2026-06-01 13:07:21] CAIDO: Swarm Mesh Listener
[2026-06-01 13:07:21] [RESTART] Swarm Mesh Listener reiniciado
[2026-06-01 13:07:21] [WATCHDOG_ALERT] [ENJAMBRE: WATCHDOG] [WATCHDOG 13:07:21] ALERTA: Swarm Mesh Listener ha caido. Estado: reiniciado.
[2026-06-01 13:07:21] [WATCHDOG_ALERT] Encolado pasivamente en pending_messages.json
[2026-06-01 13:07:21] Estado: 7 vivos, 1 caidos
[2026-06-01 13:12:23] CAIDO: Swarm Mesh Listener
[2026-06-01 13:12:23] [RESTART] Swarm Mesh Listener reiniciado
[2026-06-01 13:12:23] [WATCHDOG_ALERT] [ENJAMBRE: WATCHDOG] [WATCHDOG 13:12:23] ALERTA: Swarm Mesh Listener ha caido. Estado: reiniciado.
[2026-06-01 13:12:23] [WATCHDOG_ALERT] Encolado pasivamente en pending_messages.json
[2026-06-01 13:12:23] Estado: 7 vivos, 1 caidos
[2026-06-01 13:17:24] CAIDO: Swarm Mesh Listener
[2026-06-01 13:17:24] [RESTART] Swarm Mesh Listener reiniciado
[2026-06-01 13:17:24] [WATCHDOG_ALERT] [ENJAMBRE: WATCHDOG] [WATCHDOG 13:17:24] ALERTA: Swarm Mesh Listener ha caido. Estado: reiniciado.
[2026-06-01 13:17:24] [WATCHDOG_ALERT] Encolado pasivamente en pending_messages.json
[2026-06-01 13:17:24] Estado: 7 vivos, 1 caidos
[2026-06-01 13:22:26] CAIDO: Swarm Mesh Listener
[2026-06-01 13:22:26] [RESTART] Swarm Mesh Listener reiniciado
[2026-06-01 13:22:26] [WATCHDOG_ALERT] [ENJAMBRE: WATCHDOG] [WATCHDOG 13:22:26] ALERTA: Swarm Mesh Listener ha caido. Estado: reiniciado.
[2026-06-01 13:22:26] [WATCHDOG_ALERT] Encolado pasivamente en pending_messages.json
[2026-06-01 13:22:26] Estado: 7 vivos, 1 caidos
[2026-06-01 13:27:27] CAIDO: Swarm Mesh Listener
[2026-06-01 13:27:27] [RESTART] Swarm Mesh Listener reiniciado
[2026-06-01 13:27:27] [WATCHDOG_ALERT] [ENJAMBRE: WATCHDOG] [WATCHDOG 13:27:27] ALERTA: Swarm Mesh Listener ha caido. Estado: reiniciado.
[2026-06-01 13:27:27] [WATCHDOG_ALERT] Encolado pasivamente en pending_messages.json
[2026-06-01 13:27:27] Estado: 7 vivos, 1 caidos
[2026-06-01 13:32:29] CAIDO: Swarm Mesh Listener
[2026-06-01 13:32:29] [RESTART] Swarm Mesh Listener reiniciado
[2026-06-01 13:32:29] [WATCHDOG_ALERT] [ENJAMBRE: WATCHDOG] [WATCHDOG 13:32:29] ALERTA: Swarm Mesh Listener ha caido. Estado: reiniciado.
[2026-06-01 13:32:29] [WATCHDOG_ALERT] Encolado pasivamente en pending_messages.json
[2026-06-01 13:32:29] Estado: 7 vivos, 1 caidos
[2026-06-01 13:37:30] CAIDO: Swarm Mesh Listener
[2026-06-01 13:37:30] [RESTART] Swarm Mesh Listener reiniciado
[2026-06-01 13:37:30] [WATCHDOG_ALERT] [ENJAMBRE: WATCHDOG] [WATCHDOG 13:37:30] ALERTA: Swarm Mesh Listener ha caido. Estado: reiniciado.
[2026-06-01 13:37:30] [WATCHDOG_ALERT] Encolado pasivamente en pending_messages.json
[2026-06-01 13:37:30] Estado: 7 vivos, 1 caidos
[2026-06-01 13:42:32] CAIDO: Swarm Mesh Listener
[2026-06-01 13:42:32] [RESTART] Swarm Mesh Listener reiniciado
[2026-06-01 13:42:32] [WATCHDOG_ALERT] [ENJAMBRE: WATCHDOG] [WATCHDOG 13:42:32] ALERTA: Swarm Mesh Listener ha caido. Estado: reiniciado.
[2026-06-01 13:42:32] [WATCHDOG_ALERT] Encolado pasivamente en pending_messages.json
[2026-06-01 13:42:32] Estado: 7 vivos, 1 caidos
[2026-06-01 13:47:33] CAIDO: Swarm Mesh Listener
[2026-06-01 13:47:33] [RESTART] Swarm Mesh Listener reiniciado
[2026-06-01 13:47:33] [WATCHDOG_ALERT] [ENJAMBRE: WATCHDOG] [WATCHDOG 13:47:33] ALERTA: Swarm Mesh Listener ha caido. Estado: reiniciado.
[2026-06-01 13:47:33] [WATCHDOG_ALERT] Encolado pasivamente en pending_messages.json
[2026-06-01 13:47:33] Estado: 7 vivos, 1 caidos
[2026-06-01 13:52:35] CAIDO: Swarm Mesh Listener
[2026-06-01 13:52:35] [RESTART] Swarm Mesh Listener reiniciado
[2026-06-01 13:52:35] [WATCHDOG_ALERT] [ENJAMBRE: WATCHDOG] [WATCHDOG 13:52:35] ALERTA: Swarm Mesh Listener ha caido. Estado: reiniciado.
[2026-06-01 13:52:35] [WATCHDOG_ALERT] Encolado pasivamente en pending_messages.json
[2026-06-01 13:52:35] Estado: 7 vivos, 1 caidos
[2026-06-01 13:57:36] CAIDO: Swarm Mesh Listener
[2026-06-01 13:57:36] [RESTART] Swarm Mesh Listener reiniciado
[2026-06-01 13:57:36] [WATCHDOG_ALERT] [ENJAMBRE: WATCHDOG] [WATCHDOG 13:57:36] ALERTA: Swarm Mesh Listener ha caido. Estado: reiniciado.
[2026-06-01 13:57:36] [WATCHDOG_ALERT] Encolado pasivamente en pending_messages.json
[2026-06-01 13:57:36] Estado: 7 vivos, 1 caidos
[2026-06-01 14:02:38] CAIDO: Swarm Mesh Listener
[2026-06-01 14:02:38] [RESTART] Swarm Mesh Listener reiniciado
[2026-06-01 14:02:38] [WATCHDOG_ALERT] [ENJAMBRE: WATCHDOG] [WATCHDOG 14:02:38] ALERTA: Swarm Mesh Listener ha caido. Estado: reiniciado.
[2026-06-01 14:02:38] [WATCHDOG_ALERT] Encolado pasivamente en pending_messages.json
[2026-06-01 14:02:38] Estado: 7 vivos, 1 caidos
[2026-06-01 14:07:40] CAIDO: Swarm Mesh Listener
[2026-06-01 14:07:40] [RESTART] Swarm Mesh Listener reiniciado
[2026-06-01 14:07:40] [WATCHDOG_ALERT] [ENJAMBRE: WATCHDOG] [WATCHDOG 14:07:40] ALERTA: Swarm Mesh Listener ha caido. Estado: reiniciado.
[2026-06-01 14:07:40] [WATCHDOG_ALERT] Encolado pasivamente en pending_messages.json
[2026-06-01 14:07:40] Estado: 7 vivos, 1 caidos
[2026-06-01 14:12:41] CAIDO: Swarm Mesh Listener
[2026-06-01 14:12:41] [RESTART] Swarm Mesh Listener reiniciado
[2026-06-01 14:12:41] [WATCHDOG_ALERT] [ENJAMBRE: WATCHDOG] [WATCHDOG 14:12:41] ALERTA: Swarm Mesh Listener ha caido. Estado: reiniciado.
[2026-06-01 14:12:41] [WATCHDOG_ALERT] Encolado pasivamente en pending_messages.json
[2026-06-01 14:12:41] Estado: 7 vivos, 1 caidos
[2026-06-01 14:17:43] CAIDO: Swarm Mesh Listener
[2026-06-01 14:17:43] [RESTART] Swarm Mesh Listener reiniciado
[2026-06-01 14:17:43] [WATCHDOG_ALERT] [ENJAMBRE: WATCHDOG] [WATCHDOG 14:17:43] ALERTA: Swarm Mesh Listener ha caido. Estado: reiniciado.
[2026-06-01 14:17:43] [WATCHDOG_ALERT] Encolado pasivamente en pending_messages.json
[2026-06-01 14:17:43] Estado: 7 vivos, 1 caidos
[2026-06-01 14:22:44] CAIDO: Swarm Mesh Listener
[2026-06-01 14:22:44] [RESTART] Swarm Mesh Listener reiniciado
[2026-06-01 14:22:44] [WATCHDOG_ALERT] [ENJAMBRE: WATCHDOG] [WATCHDOG 14:22:44] ALERTA: Swarm Mesh Listener ha caido. Estado: reiniciado.
[2026-06-01 14:22:44] [WATCHDOG_ALERT] Encolado pasivamente en pending_messages.json
[2026-06-01 14:22:44] Estado: 7 vivos, 1 caidos
[2026-06-01 14:27:46] CAIDO: Swarm Mesh Listener
[2026-06-01 14:27:46] [RESTART] Swarm Mesh Listener reiniciado
[2026-06-01 14:27:46] [WATCHDOG_ALERT] [ENJAMBRE: WATCHDOG] [WATCHDOG 14:27:46] ALERTA: Swarm Mesh Listener ha caido. Estado: reiniciado.
[2026-06-01 14:27:46] [WATCHDOG_ALERT] Encolado pasivamente en pending_messages.json
[2026-06-01 14:27:46] Estado: 7 vivos, 1 caidos
[2026-06-01 14:32:47] CAIDO: Swarm Mesh Listener
[2026-06-01 14:32:47] [RESTART] Swarm Mesh Listener reiniciado
[2026-06-01 14:32:47] [WATCHDOG_ALERT] [ENJAMBRE: WATCHDOG] [WATCHDOG 14:32:47] ALERTA: Swarm Mesh Listener ha caido. Estado: reiniciado.
[2026-06-01 14:32:47] [WATCHDOG_ALERT] Encolado pasivamente en pending_messages.json
[2026-06-01 14:32:47] Estado: 7 vivos, 1 caidos
[2026-06-01 14:37:49] CAIDO: Swarm Mesh Listener
[2026-06-01 14:37:49] [RESTART] Swarm Mesh Listener reiniciado
[2026-06-01 14:37:49] [WATCHDOG_ALERT] [ENJAMBRE: WATCHDOG] [WATCHDOG 14:37:49] ALERTA: Swarm Mesh Listener ha caido. Estado: reiniciado.
[2026-06-01 14:37:49] [WATCHDOG_ALERT] Encolado pasivamente en pending_messages.json
[2026-06-01 14:37:49] Estado: 7 vivos, 1 caidos
[2026-06-01 14:42:50] CAIDO: Swarm Mesh Listener
[2026-06-01 14:42:50] [RESTART] Swarm Mesh Listener reiniciado
[2026-06-01 14:42:50] [WATCHDOG_ALERT] [ENJAMBRE: WATCHDOG] [WATCHDOG 14:42:50] ALERTA: Swarm Mesh Listener ha caido. Estado: reiniciado.
[2026-06-01 14:42:50] [WATCHDOG_ALERT] Encolado pasivamente en pending_messages.json
[2026-06-01 14:42:50] Estado: 7 vivos, 1 caidos
[2026-06-01 14:47:52] CAIDO: Swarm Mesh Listener
[2026-06-01 14:47:52] [RESTART] Swarm Mesh Listener reiniciado
[2026-06-01 14:47:52] [WATCHDOG_ALERT] [ENJAMBRE: WATCHDOG] [WATCHDOG 14:47:52] ALERTA: Swarm Mesh Listener ha caido. Estado: reiniciado.
[2026-06-01 14:47:52] [WATCHDOG_ALERT] Encolado pasivamente en pending_messages.json
[2026-06-01 14:47:52] Estado: 7 vivos, 1 caidos
[2026-06-01 14:52:53] CAIDO: Swarm Mesh Listener
[2026-06-01 14:52:53] [RESTART] Swarm Mesh Listener reiniciado
[2026-06-01 14:52:53] [WATCHDOG_ALERT] [ENJAMBRE: WATCHDOG] [WATCHDOG 14:52:53] ALERTA: Swarm Mesh Listener ha caido. Estado: reiniciado.
[2026-06-01 14:52:53] [WATCHDOG_ALERT] Encolado pasivamente en pending_messages.json
[2026-06-01 14:52:53] Estado: 7 vivos, 1 caidos
[2026-06-01 14:57:55] CAIDO: Swarm Mesh Listener
[2026-06-01 14:57:55] [RESTART] Swarm Mesh Listener reiniciado
[2026-06-01 14:57:55] [WATCHDOG_ALERT] [ENJAMBRE: WATCHDOG] [WATCHDOG 14:57:55] ALERTA: Swarm Mesh Listener ha caido. Estado: reiniciado.
[2026-06-01 14:57:55] [WATCHDOG_ALERT] Encolado pasivamente en pending_messages.json
[2026-06-01 14:57:55] Estado: 7 vivos, 1 caidos
[2026-06-01 15:02:57] CAIDO: Swarm Mesh Listener
[2026-06-01 15:02:57] [RESTART] Swarm Mesh Listener reiniciado
[2026-06-01 15:02:57] [WATCHDOG_ALERT] [ENJAMBRE: WATCHDOG] [WATCHDOG 15:02:57] ALERTA: Swarm Mesh Listener ha caido. Estado: reiniciado.
[2026-06-01 15:02:57] [WATCHDOG_ALERT] Encolado pasivamente en pending_messages.json
[2026-06-01 15:02:57] Estado: 7 vivos, 1 caidos
[2026-06-01 15:07:58] CAIDO: Swarm Mesh Listener
[2026-06-01 15:07:58] [RESTART] Swarm Mesh Listener reiniciado
[2026-06-01 15:07:58] [WATCHDOG_ALERT] [ENJAMBRE: WATCHDOG] [WATCHDOG 15:07:58] ALERTA: Swarm Mesh Listener ha caido. Estado: reiniciado.
[2026-06-01 15:07:58] [WATCHDOG_ALERT] Encolado pasivamente en pending_messages.json
[2026-06-01 15:07:58] Estado: 7 vivos, 1 caidos
[2026-06-01 15:13:00] CAIDO: Swarm Mesh Listener
[2026-06-01 15:13:00] [RESTART] Swarm Mesh Listener reiniciado
[2026-06-01 15:13:00] [WATCHDOG_ALERT] [ENJAMBRE: WATCHDOG] [WATCHDOG 15:13:00] ALERTA: Swarm Mesh Listener ha caido. Estado: reiniciado.
[2026-06-01 15:13:00] [WATCHDOG_ALERT] Encolado pasivamente en pending_messages.json
[2026-06-01 15:13:00] Estado: 7 vivos, 1 caidos
[2026-06-01 15:18:01] CAIDO: Swarm Mesh Listener
[2026-06-01 15:18:01] [RESTART] Swarm Mesh Listener reiniciado
[2026-06-01 15:18:01] [WATCHDOG_ALERT] [ENJAMBRE: WATCHDOG] [WATCHDOG 15:18:01] ALERTA: Swarm Mesh Listener ha caido. Estado: reiniciado.
[2026-06-01 15:18:01] [WATCHDOG_ALERT] Encolado pasivamente en pending_messages.json
[2026-06-01 15:18:01] Estado: 7 vivos, 1 caidos
[2026-06-01 15:23:03] CAIDO: Swarm Mesh Listener
[2026-06-01 15:23:03] [RESTART] Swarm Mesh Listener reiniciado
[2026-06-01 15:23:03] [WATCHDOG_ALERT] [ENJAMBRE: WATCHDOG] [WATCHDOG 15:23:03] ALERTA: Swarm Mesh Listener ha caido. Estado: reiniciado.
[2026-06-01 15:23:03] [WATCHDOG_ALERT] Encolado pasivamente en pending_messages.json
[2026-06-01 15:23:03] Estado: 7 vivos, 1 caidos
[2026-06-01 15:28:04] CAIDO: Swarm Mesh Listener
[2026-06-01 15:28:04] [RESTART] Swarm Mesh Listener reiniciado
[2026-06-01 15:28:04] [WATCHDOG_ALERT] [ENJAMBRE: WATCHDOG] [WATCHDOG 15:28:04] ALERTA: Swarm Mesh Listener ha caido. Estado: reiniciado.
[2026-06-01 15:28:04] [WATCHDOG_ALERT] Encolado pasivamente en pending_messages.json
[2026-06-01 15:28:04] Estado: 7 vivos, 1 caidos
[2026-06-01 15:33:06] CAIDO: Swarm Mesh Listener
[2026-06-01 15:33:06] [RESTART] Swarm Mesh Listener reiniciado
[2026-06-01 15:33:06] [WATCHDOG_ALERT] [ENJAMBRE: WATCHDOG] [WATCHDOG 15:33:06] ALERTA: Swarm Mesh Listener ha caido. Estado: reiniciado.
[2026-06-01 15:33:06] [WATCHDOG_ALERT] Encolado pasivamente en pending_messages.json
[2026-06-01 15:33:06] Estado: 7 vivos, 1 caidos
[2026-06-01 15:38:07] CAIDO: Swarm Mesh Listener
[2026-06-01 15:38:07] [RESTART] Swarm Mesh Listener reiniciado
[2026-06-01 15:38:07] [WATCHDOG_ALERT] [ENJAMBRE: WATCHDOG] [WATCHDOG 15:38:07] ALERTA: Swarm Mesh Listener ha caido. Estado: reiniciado.
[2026-06-01 15:38:07] [WATCHDOG_ALERT] Encolado pasivamente en pending_messages.json
[2026-06-01 15:38:07] Estado: 7 vivos, 1 caidos
[2026-06-01 15:43:09] CAIDO: Swarm Mesh Listener
[2026-06-01 15:43:09] [RESTART] Swarm Mesh Listener reiniciado
[2026-06-01 15:43:09] [WATCHDOG_ALERT] [ENJAMBRE: WATCHDOG] [WATCHDOG 15:43:09] ALERTA: Swarm Mesh Listener ha caido. Estado: reiniciado.
[2026-06-01 15:43:09] [WATCHDOG_ALERT] Encolado pasivamente en pending_messages.json
[2026-06-01 15:43:09] Estado: 7 vivos, 1 caidos
[2026-06-01 15:48:10] CAIDO: Swarm Mesh Listener
[2026-06-01 15:48:10] [RESTART] Swarm Mesh Listener reiniciado
[2026-06-01 15:48:10] [WATCHDOG_ALERT] [ENJAMBRE: WATCHDOG] [WATCHDOG 15:48:10] ALERTA: Swarm Mesh Listener ha caido. Estado: reiniciado.
[2026-06-01 15:48:10] [WATCHDOG_ALERT] Encolado pasivamente en pending_messages.json
[2026-06-01 15:48:10] Estado: 7 vivos, 1 caidos
[2026-06-01 15:53:12] CAIDO: Swarm Mesh Listener
[2026-06-01 15:53:12] [RESTART] Swarm Mesh Listener reiniciado
[2026-06-01 15:53:12] [WATCHDOG_ALERT] [ENJAMBRE: WATCHDOG] [WATCHDOG 15:53:12] ALERTA: Swarm Mesh Listener ha caido. Estado: reiniciado.
[2026-06-01 15:53:12] [WATCHDOG_ALERT] Encolado pasivamente en pending_messages.json
[2026-06-01 15:53:12] Estado: 7 vivos, 1 caidos
[2026-06-01 15:58:13] CAIDO: Swarm Mesh Listener
[2026-06-01 15:58:13] [RESTART] Swarm Mesh Listener reiniciado
[2026-06-01 15:58:13] [WATCHDOG_ALERT] [ENJAMBRE: WATCHDOG] [WATCHDOG 15:58:13] ALERTA: Swarm Mesh Listener ha caido. Estado: reiniciado.
[2026-06-01 15:58:13] [WATCHDOG_ALERT] Encolado pasivamente en pending_messages.json
[2026-06-01 15:58:13] Estado: 7 vivos, 1 caidos
[2026-06-01 16:03:15] CAIDO: Swarm Mesh Listener
[2026-06-01 16:03:15] [RESTART] Swarm Mesh Listener reiniciado
[2026-06-01 16:03:15] [WATCHDOG_ALERT] [ENJAMBRE: WATCHDOG] [WATCHDOG 16:03:15] ALERTA: Swarm Mesh Listener ha caido. Estado: reiniciado.
[2026-06-01 16:03:15] [WATCHDOG_ALERT] Encolado pasivamente en pending_messages.json
[2026-06-01 16:03:15] Estado: 7 vivos, 1 caidos
[2026-06-01 16:08:16] CAIDO: Swarm Mesh Listener
[2026-06-01 16:08:16] [RESTART] Swarm Mesh Listener reiniciado
[2026-06-01 16:08:16] [WATCHDOG_ALERT] [ENJAMBRE: WATCHDOG] [WATCHDOG 16:08:16] ALERTA: Swarm Mesh Listener ha caido. Estado: reiniciado.
[2026-06-01 16:08:16] [WATCHDOG_ALERT] Encolado pasivamente en pending_messages.json
[2026-06-01 16:08:16] Estado: 7 vivos, 1 caidos
[2026-06-01 16:13:18] CAIDO: Swarm Mesh Listener
[2026-06-01 16:13:18] [RESTART] Swarm Mesh Listener reiniciado
[2026-06-01 16:13:18] [WATCHDOG_ALERT] [ENJAMBRE: WATCHDOG] [WATCHDOG 16:13:18] ALERTA: Swarm Mesh Listener ha caido. Estado: reiniciado.
[2026-06-01 16:13:18] [WATCHDOG_ALERT] Encolado pasivamente en pending_messages.json
[2026-06-01 16:13:18] Estado: 7 vivos, 1 caidos
[2026-06-01 16:18:19] CAIDO: Swarm Mesh Listener
[2026-06-01 16:18:19] [RESTART] Swarm Mesh Listener reiniciado
[2026-06-01 16:18:19] [WATCHDOG_ALERT] [ENJAMBRE: WATCHDOG] [WATCHDOG 16:18:19] ALERTA: Swarm Mesh Listener ha caido. Estado: reiniciado.
[2026-06-01 16:18:19] [WATCHDOG_ALERT] Encolado pasivamente en pending_messages.json
[2026-06-01 16:18:19] Estado: 7 vivos, 1 caidos
[2026-06-01 16:23:21] CAIDO: Swarm Mesh Listener
[2026-06-01 16:23:21] [RESTART] Swarm Mesh Listener reiniciado
[2026-06-01 16:23:21] [WATCHDOG_ALERT] [ENJAMBRE: WATCHDOG] [WATCHDOG 16:23:21] ALERTA: Swarm Mesh Listener ha caido. Estado: reiniciado.
[2026-06-01 16:23:21] [WATCHDOG_ALERT] Encolado pasivamente en pending_messages.json
[2026-06-01 16:23:21] Estado: 7 vivos, 1 caidos
[2026-06-01 16:28:22] CAIDO: Swarm Mesh Listener
[2026-06-01 16:28:22] [RESTART] Swarm Mesh Listener reiniciado
[2026-06-01 16:28:22] [WATCHDOG_ALERT] [ENJAMBRE: WATCHDOG] [WATCHDOG 16:28:22] ALERTA: Swarm Mesh Listener ha caido. Estado: reiniciado.
[2026-06-01 16:28:22] [WATCHDOG_ALERT] Encolado pasivamente en pending_messages.json
[2026-06-01 16:28:22] Estado: 7 vivos, 1 caidos
[2026-06-01 16:33:24] CAIDO: Swarm Mesh Listener
[2026-06-01 16:33:24] [RESTART] Swarm Mesh Listener reiniciado
[2026-06-01 16:33:24] [WATCHDOG_ALERT] [ENJAMBRE: WATCHDOG] [WATCHDOG 16:33:24] ALERTA: Swarm Mesh Listener ha caido. Estado: reiniciado.
[2026-06-01 16:33:24] [WATCHDOG_ALERT] Encolado pasivamente en pending_messages.json
[2026-06-01 16:33:24] Estado: 7 vivos, 1 caidos
[2026-06-01 16:38:25] CAIDO: Swarm Mesh Listener
[2026-06-01 16:38:25] [RESTART] Swarm Mesh Listener reiniciado
[2026-06-01 16:38:25] [WATCHDOG_ALERT] [ENJAMBRE: WATCHDOG] [WATCHDOG 16:38:25] ALERTA: Swarm Mesh Listener ha caido. Estado: reiniciado.
[2026-06-01 16:38:25] [WATCHDOG_ALERT] Encolado pasivamente en pending_messages.json
[2026-06-01 16:38:25] Estado: 7 vivos, 1 caidos
[2026-06-01 16:43:27] CAIDO: Swarm Mesh Listener
[2026-06-01 16:43:27] [RESTART] Swarm Mesh Listener reiniciado
[2026-06-01 16:43:27] [WATCHDOG_ALERT] [ENJAMBRE: WATCHDOG] [WATCHDOG 16:43:27] ALERTA: Swarm Mesh Listener ha caido. Estado: reiniciado.
[2026-06-01 16:43:27] [WATCHDOG_ALERT] Encolado pasivamente en pending_messages.json
[2026-06-01 16:43:27] Estado: 7 vivos, 1 caidos
[2026-06-01 16:48:28] CAIDO: Swarm Mesh Listener
[2026-06-01 16:48:28] [RESTART] Swarm Mesh Listener reiniciado
[2026-06-01 16:48:28] [WATCHDOG_ALERT] [ENJAMBRE: WATCHDOG] [WATCHDOG 16:48:28] ALERTA: Swarm Mesh Listener ha caido. Estado: reiniciado.
[2026-06-01 16:48:29] [WATCHDOG_ALERT] Encolado pasivamente en pending_messages.json
[2026-06-01 16:48:29] Estado: 7 vivos, 1 caidos
[2026-06-01 16:53:30] CAIDO: Swarm Mesh Listener
[2026-06-01 16:53:30] [RESTART] Swarm Mesh Listener reiniciado
[2026-06-01 16:53:30] [WATCHDOG_ALERT] [ENJAMBRE: WATCHDOG] [WATCHDOG 16:53:30] ALERTA: Swarm Mesh Listener ha caido. Estado: reiniciado.
[2026-06-01 16:53:30] [WATCHDOG_ALERT] Encolado pasivamente en pending_messages.json
[2026-06-01 16:53:30] Estado: 7 vivos, 1 caidos
[2026-06-01 16:58:32] CAIDO: Swarm Mesh Listener
[2026-06-01 16:58:32] [RESTART] Swarm Mesh Listener reiniciado
[2026-06-01 16:58:32] [WATCHDOG_ALERT] [ENJAMBRE: WATCHDOG] [WATCHDOG 16:58:32] ALERTA: Swarm Mesh Listener ha caido. Estado: reiniciado.
[2026-06-01 16:58:32] [WATCHDOG_ALERT] Encolado pasivamente en pending_messages.json
[2026-06-01 16:58:32] Estado: 7 vivos, 1 caidos
[2026-06-01 17:03:33] CAIDO: Swarm Mesh Listener
[2026-06-01 17:03:33] [RESTART] Swarm Mesh Listener reiniciado
[2026-06-01 17:03:33] [WATCHDOG_ALERT] [ENJAMBRE: WATCHDOG] [WATCHDOG 17:03:33] ALERTA: Swarm Mesh Listener ha caido. Estado: reiniciado.
[2026-06-01 17:03:33] [WATCHDOG_ALERT] Encolado pasivamente en pending_messages.json
[2026-06-01 17:03:33] Estado: 7 vivos, 1 caidos
[2026-06-01 17:08:35] CAIDO: Swarm Mesh Listener
[2026-06-01 17:08:35] [RESTART] Swarm Mesh Listener reiniciado
[2026-06-01 17:08:35] [WATCHDOG_ALERT] [ENJAMBRE: WATCHDOG] [WATCHDOG 17:08:35] ALERTA: Swarm Mesh Listener ha caido. Estado: reiniciado.
[2026-06-01 17:08:35] [WATCHDOG_ALERT] Encolado pasivamente en pending_messages.json
[2026-06-01 17:08:35] Estado: 7 vivos, 1 caidos
[2026-06-01 17:13:37] CAIDO: Swarm Mesh Listener
[2026-06-01 17:13:37] [RESTART] Swarm Mesh Listener reiniciado
[2026-06-01 17:13:37] [WATCHDOG_ALERT] [ENJAMBRE: WATCHDOG] [WATCHDOG 17:13:37] ALERTA: Swarm Mesh Listener ha caido. Estado: reiniciado.
[2026-06-01 17:13:37] [WATCHDOG_ALERT] Encolado pasivamente en pending_messages.json
[2026-06-01 17:13:37] Estado: 7 vivos, 1 caidos
[2026-06-01 17:18:39] CAIDO: Swarm Mesh Listener
[2026-06-01 17:18:39] [RESTART] Swarm Mesh Listener reiniciado
[2026-06-01 17:18:39] [WATCHDOG_ALERT] [ENJAMBRE: WATCHDOG] [WATCHDOG 17:18:39] ALERTA: Swarm Mesh Listener ha caido. Estado: reiniciado.
[2026-06-01 17:18:39] [WATCHDOG_ALERT] Encolado pasivamente en pending_messages.json
[2026-06-01 17:18:39] Estado: 7 vivos, 1 caidos
[2026-06-01 17:23:40] CAIDO: Swarm Mesh Listener
[2026-06-01 17:23:40] [RESTART] Swarm Mesh Listener reiniciado
[2026-06-01 17:23:40] [WATCHDOG_ALERT] [ENJAMBRE: WATCHDOG] [WATCHDOG 17:23:40] ALERTA: Swarm Mesh Listener ha caido. Estado: reiniciado.
[2026-06-01 17:23:40] [WATCHDOG_ALERT] Encolado pasivamente en pending_messages.json
[2026-06-01 17:23:40] Estado: 7 vivos, 1 caidos
[2026-06-01 17:28:42] CAIDO: Swarm Mesh Listener
[2026-06-01 17:28:42] [RESTART] Swarm Mesh Listener reiniciado
[2026-06-01 17:28:42] [WATCHDOG_ALERT] [ENJAMBRE: WATCHDOG] [WATCHDOG 17:28:42] ALERTA: Swarm Mesh Listener ha caido. Estado: reiniciado.
[2026-06-01 17:28:42] [WATCHDOG_ALERT] Encolado pasivamente en pending_messages.json
[2026-06-01 17:28:42] Estado: 7 vivos, 1 caidos
[2026-06-01 17:33:44] CAIDO: Swarm Mesh Listener
[2026-06-01 17:33:44] [RESTART] Swarm Mesh Listener reiniciado
[2026-06-01 17:33:44] [WATCHDOG_ALERT] [ENJAMBRE: WATCHDOG] [WATCHDOG 17:33:44] ALERTA: Swarm Mesh Listener ha caido. Estado: reiniciado.
[2026-06-01 17:33:44] [WATCHDOG_ALERT] Encolado pasivamente en pending_messages.json
[2026-06-01 17:33:44] Estado: 7 vivos, 1 caidos
[2026-06-01 17:38:46] CAIDO: Swarm Mesh Listener
[2026-06-01 17:38:46] [RESTART] Swarm Mesh Listener reiniciado
[2026-06-01 17:38:46] [WATCHDOG_ALERT] [ENJAMBRE: WATCHDOG] [WATCHDOG 17:38:46] ALERTA: Swarm Mesh Listener ha caido. Estado: reiniciado.
[2026-06-01 17:38:46] [WATCHDOG_ALERT] Encolado pasivamente en pending_messages.json
[2026-06-01 17:38:46] Estado: 7 vivos, 1 caidos
[2026-06-01 17:43:48] CAIDO: Swarm Mesh Listener
[2026-06-01 17:43:48] [RESTART] Swarm Mesh Listener reiniciado
[2026-06-01 17:43:48] [WATCHDOG_ALERT] [ENJAMBRE: WATCHDOG] [WATCHDOG 17:43:48] ALERTA: Swarm Mesh Listener ha caido. Estado: reiniciado.
[2026-06-01 17:43:48] [WATCHDOG_ALERT] Encolado pasivamente en pending_messages.json
[2026-06-01 17:43:48] Estado: 7 vivos, 1 caidos
[2026-06-01 17:48:49] CAIDO: Swarm Mesh Listener
[2026-06-01 17:48:49] [RESTART] Swarm Mesh Listener reiniciado
[2026-06-01 17:48:49] [WATCHDOG_ALERT] [ENJAMBRE: WATCHDOG] [WATCHDOG 17:48:49] ALERTA: Swarm Mesh Listener ha caido. Estado: reiniciado.
[2026-06-01 17:48:49] [WATCHDOG_ALERT] Encolado pasivamente en pending_messages.json
[2026-06-01 17:48:49] Estado: 7 vivos, 1 caidos
[2026-06-01 17:53:51] CAIDO: Swarm Mesh Listener
[2026-06-01 17:53:51] [RESTART] Swarm Mesh Listener reiniciado
[2026-06-01 17:53:51] [WATCHDOG_ALERT] [ENJAMBRE: WATCHDOG] [WATCHDOG 17:53:51] ALERTA: Swarm Mesh Listener ha caido. Estado: reiniciado.
[2026-06-01 17:53:51] [WATCHDOG_ALERT] Encolado pasivamente en pending_messages.json
[2026-06-01 17:53:51] Estado: 7 vivos, 1 caidos
[2026-06-01 17:58:53] CAIDO: Swarm Mesh Listener
[2026-06-01 17:58:53] [RESTART] Swarm Mesh Listener reiniciado
[2026-06-01 17:58:53] [WATCHDOG_ALERT] [ENJAMBRE: WATCHDOG] [WATCHDOG 17:58:53] ALERTA: Swarm Mesh Listener ha caido. Estado: reiniciado.
[2026-06-01 17:58:53] [WATCHDOG_ALERT] Encolado pasivamente en pending_messages.json
[2026-06-01 17:58:53] Estado: 7 vivos, 1 caidos
[2026-06-01 18:03:55] CAIDO: Swarm Mesh Listener
[2026-06-01 18:03:55] [RESTART] Swarm Mesh Listener reiniciado
[2026-06-01 18:03:55] [WATCHDOG_ALERT] [ENJAMBRE: WATCHDOG] [WATCHDOG 18:03:55] ALERTA: Swarm Mesh Listener ha caido. Estado: reiniciado.
[2026-06-01 18:03:55] [WATCHDOG_ALERT] Encolado pasivamente en pending_messages.json
[2026-06-01 18:03:55] Estado: 7 vivos, 1 caidos
[2026-06-01 18:08:56] CAIDO: Swarm Mesh Listener
[2026-06-01 18:08:56] [RESTART] Swarm Mesh Listener reiniciado
[2026-06-01 18:08:56] [WATCHDOG_ALERT] [ENJAMBRE: WATCHDOG] [WATCHDOG 18:08:56] ALERTA: Swarm Mesh Listener ha caido. Estado: reiniciado.
[2026-06-01 18:08:56] [WATCHDOG_ALERT] Encolado pasivamente en pending_messages.json
[2026-06-01 18:08:56] Estado: 7 vivos, 1 caidos
[2026-06-01 18:13:58] CAIDO: Swarm Mesh Listener
[2026-06-01 18:13:58] [RESTART] Swarm Mesh Listener reiniciado
[2026-06-01 18:13:58] [WATCHDOG_ALERT] [ENJAMBRE: WATCHDOG] [WATCHDOG 18:13:58] ALERTA: Swarm Mesh Listener ha caido. Estado: reiniciado.
[2026-06-01 18:13:58] [WATCHDOG_ALERT] Encolado pasivamente en pending_messages.json
[2026-06-01 18:13:58] Estado: 7 vivos, 1 caidos
[2026-06-01 18:19:00] CAIDO: Swarm Mesh Listener
[2026-06-01 18:19:00] [RESTART] Swarm Mesh Listener reiniciado
[2026-06-01 18:19:00] [WATCHDOG_ALERT] [ENJAMBRE: WATCHDOG] [WATCHDOG 18:19:00] ALERTA: Swarm Mesh Listener ha caido. Estado: reiniciado.
[2026-06-01 18:19:00] [WATCHDOG_ALERT] Encolado pasivamente en pending_messages.json
[2026-06-01 18:19:00] Estado: 7 vivos, 1 caidos
[2026-06-01 18:24:02] CAIDO: Swarm Mesh Listener
[2026-06-01 18:24:02] [RESTART] Swarm Mesh Listener reiniciado
[2026-06-01 18:24:02] [WATCHDOG_ALERT] [ENJAMBRE: WATCHDOG] [WATCHDOG 18:24:02] ALERTA: Swarm Mesh Listener ha caido. Estado: reiniciado.
[2026-06-01 18:24:02] [WATCHDOG_ALERT] Encolado pasivamente en pending_messages.json
[2026-06-01 18:24:02] Estado: 7 vivos, 1 caidos
[2026-06-01 18:29:04] CAIDO: Swarm Mesh Listener
[2026-06-01 18:29:04] [RESTART] Swarm Mesh Listener reiniciado
[2026-06-01 18:29:04] [WATCHDOG_ALERT] [ENJAMBRE: WATCHDOG] [WATCHDOG 18:29:04] ALERTA: Swarm Mesh Listener ha caido. Estado: reiniciado.
[2026-06-01 18:29:04] [WATCHDOG_ALERT] Encolado pasivamente en pending_messages.json
[2026-06-01 18:29:04] Estado: 7 vivos, 1 caidos
[2026-06-01 18:34:05] CAIDO: Swarm Mesh Listener
[2026-06-01 18:34:05] [RESTART] Swarm Mesh Listener reiniciado
[2026-06-01 18:34:05] [WATCHDOG_ALERT] [ENJAMBRE: WATCHDOG] [WATCHDOG 18:34:05] ALERTA: Swarm Mesh Listener ha caido. Estado: reiniciado.
[2026-06-01 18:34:05] [WATCHDOG_ALERT] Encolado pasivamente en pending_messages.json
[2026-06-01 18:34:05] Estado: 7 vivos, 1 caidos
[2026-06-01 18:39:07] CAIDO: Swarm Mesh Listener
[2026-06-01 18:39:07] [RESTART] Swarm Mesh Listener reiniciado
[2026-06-01 18:39:07] [WATCHDOG_ALERT] [ENJAMBRE: WATCHDOG] [WATCHDOG 18:39:07] ALERTA: Swarm Mesh Listener ha caido. Estado: reiniciado.
[2026-06-01 18:39:07] [WATCHDOG_ALERT] Encolado pasivamente en pending_messages.json
[2026-06-01 18:39:07] Estado: 7 vivos, 1 caidos
[2026-06-01 18:44:09] CAIDO: Swarm Mesh Listener
[2026-06-01 18:44:09] [RESTART] Swarm Mesh Listener reiniciado
[2026-06-01 18:44:09] [WATCHDOG_ALERT] [ENJAMBRE: WATCHDOG] [WATCHDOG 18:44:09] ALERTA: Swarm Mesh Listener ha caido. Estado: reiniciado.
[2026-06-01 18:44:09] [WATCHDOG_ALERT] Encolado pasivamente en pending_messages.json
[2026-06-01 18:44:09] Estado: 7 vivos, 1 caidos
[2026-06-01 18:49:11] CAIDO: Swarm Mesh Listener
[2026-06-01 18:49:11] [RESTART] Swarm Mesh Listener reiniciado
[2026-06-01 18:49:11] [WATCHDOG_ALERT] [ENJAMBRE: WATCHDOG] [WATCHDOG 18:49:11] ALERTA: Swarm Mesh Listener ha caido. Estado: reiniciado.
[2026-06-01 18:49:11] [WATCHDOG_ALERT] Encolado pasivamente en pending_messages.json
[2026-06-01 18:49:11] Estado: 7 vivos, 1 caidos
[2026-06-01 18:54:13] CAIDO: Swarm Mesh Listener
[2026-06-01 18:54:13] [RESTART] Swarm Mesh Listener reiniciado
[2026-06-01 18:54:13] [WATCHDOG_ALERT] [ENJAMBRE: WATCHDOG] [WATCHDOG 18:54:13] ALERTA: Swarm Mesh Listener ha caido. Estado: reiniciado.
[2026-06-01 18:54:13] [WATCHDOG_ALERT] Encolado pasivamente en pending_messages.json
[2026-06-01 18:54:13] Estado: 7 vivos, 1 caidos
[2026-06-01 18:59:14] CAIDO: Swarm Mesh Listener
[2026-06-01 18:59:14] [RESTART] Swarm Mesh Listener reiniciado
[2026-06-01 18:59:14] [WATCHDOG_ALERT] [ENJAMBRE: WATCHDOG] [WATCHDOG 18:59:14] ALERTA: Swarm Mesh Listener ha caido. Estado: reiniciado.
[2026-06-01 18:59:14] [WATCHDOG_ALERT] Encolado pasivamente en pending_messages.json
[2026-06-01 18:59:14] Estado: 7 vivos, 1 caidos
[2026-06-01 19:04:16] CAIDO: Swarm Mesh Listener
[2026-06-01 19:04:16] [RESTART] Swarm Mesh Listener reiniciado
[2026-06-01 19:04:16] [WATCHDOG_ALERT] [ENJAMBRE: WATCHDOG] [WATCHDOG 19:04:16] ALERTA: Swarm Mesh Listener ha caido. Estado: reiniciado.
[2026-06-01 19:04:16] [WATCHDOG_ALERT] Encolado pasivamente en pending_messages.json
[2026-06-01 19:04:16] Estado: 7 vivos, 1 caidos
[2026-06-01 19:09:18] CAIDO: Swarm Mesh Listener
[2026-06-01 19:09:18] [RESTART] Swarm Mesh Listener reiniciado
[2026-06-01 19:09:18] [WATCHDOG_ALERT] [ENJAMBRE: WATCHDOG] [WATCHDOG 19:09:18] ALERTA: Swarm Mesh Listener ha caido. Estado: reiniciado.
[2026-06-01 19:09:18] [WATCHDOG_ALERT] Encolado pasivamente en pending_messages.json
[2026-06-01 19:09:18] Estado: 7 vivos, 1 caidos
[2026-06-01 19:14:20] CAIDO: Swarm Mesh Listener
[2026-06-01 19:14:20] [RESTART] Swarm Mesh Listener reiniciado
[2026-06-01 19:14:20] [WATCHDOG_ALERT] [ENJAMBRE: WATCHDOG] [WATCHDOG 19:14:20] ALERTA: Swarm Mesh Listener ha caido. Estado: reiniciado.
[2026-06-01 19:14:20] [WATCHDOG_ALERT] Encolado pasivamente en pending_messages.json
[2026-06-01 19:14:20] Estado: 7 vivos, 1 caidos
[2026-06-01 19:19:21] CAIDO: Swarm Mesh Listener
[2026-06-01 19:19:21] [RESTART] Swarm Mesh Listener reiniciado
[2026-06-01 19:19:21] [WATCHDOG_ALERT] [ENJAMBRE: WATCHDOG] [WATCHDOG 19:19:21] ALERTA: Swarm Mesh Listener ha caido. Estado: reiniciado.
[2026-06-01 19:19:21] [WATCHDOG_ALERT] Encolado pasivamente en pending_messages.json
[2026-06-01 19:19:21] Estado: 7 vivos, 1 caidos
[2026-06-01 19:24:23] CAIDO: Swarm Mesh Listener
[2026-06-01 19:24:23] [RESTART] Swarm Mesh Listener reiniciado
[2026-06-01 19:24:23] [WATCHDOG_ALERT] [ENJAMBRE: WATCHDOG] [WATCHDOG 19:24:23] ALERTA: Swarm Mesh Listener ha caido. Estado: reiniciado.
[2026-06-01 19:24:23] [WATCHDOG_ALERT] Encolado pasivamente en pending_messages.json
[2026-06-01 19:24:23] Estado: 7 vivos, 1 caidos
[2026-06-01 19:29:25] CAIDO: Swarm Mesh Listener
[2026-06-01 19:29:25] [RESTART] Swarm Mesh Listener reiniciado
[2026-06-01 19:29:25] [WATCHDOG_ALERT] [ENJAMBRE: WATCHDOG] [WATCHDOG 19:29:25] ALERTA: Swarm Mesh Listener ha caido. Estado: reiniciado.
[2026-06-01 19:29:25] [WATCHDOG_ALERT] Encolado pasivamente en pending_messages.json
[2026-06-01 19:29:25] Estado: 7 vivos, 1 caidos
[2026-06-01 19:34:27] CAIDO: Swarm Mesh Listener
[2026-06-01 19:34:27] [RESTART] Swarm Mesh Listener reiniciado
[2026-06-01 19:34:27] [WATCHDOG_ALERT] [ENJAMBRE: WATCHDOG] [WATCHDOG 19:34:27] ALERTA: Swarm Mesh Listener ha caido. Estado: reiniciado.
[2026-06-01 19:34:27] [WATCHDOG_ALERT] Encolado pasivamente en pending_messages.json
[2026-06-01 19:34:27] Estado: 7 vivos, 1 caidos
[2026-06-01 19:39:28] CAIDO: Swarm Mesh Listener
[2026-06-01 19:39:28] [RESTART] Swarm Mesh Listener reiniciado
[2026-06-01 19:39:28] [WATCHDOG_ALERT] [ENJAMBRE: WATCHDOG] [WATCHDOG 19:39:28] ALERTA: Swarm Mesh Listener ha caido. Estado: reiniciado.
[2026-06-01 19:39:29] [WATCHDOG_ALERT] Encolado pasivamente en pending_messages.json
[2026-06-01 19:39:29] Estado: 7 vivos, 1 caidos
[2026-06-01 19:44:30] CAIDO: Swarm Mesh Listener
[2026-06-01 19:44:30] [RESTART] Swarm Mesh Listener reiniciado
[2026-06-01 19:44:30] [WATCHDOG_ALERT] [ENJAMBRE: WATCHDOG] [WATCHDOG 19:44:30] ALERTA: Swarm Mesh Listener ha caido. Estado: reiniciado.
[2026-06-01 19:44:30] [WATCHDOG_ALERT] Encolado pasivamente en pending_messages.json
[2026-06-01 19:44:30] Estado: 7 vivos, 1 caidos
[2026-06-01 19:49:32] CAIDO: Swarm Mesh Listener
[2026-06-01 19:49:32] [RESTART] Swarm Mesh Listener reiniciado
[2026-06-01 19:49:32] [WATCHDOG_ALERT] [ENJAMBRE: WATCHDOG] [WATCHDOG 19:49:32] ALERTA: Swarm Mesh Listener ha caido. Estado: reiniciado.
[2026-06-01 19:49:32] [WATCHDOG_ALERT] Encolado pasivamente en pending_messages.json
[2026-06-01 19:49:32] Estado: 7 vivos, 1 caidos
[2026-06-01 19:54:34] CAIDO: Swarm Mesh Listener
[2026-06-01 19:54:34] [RESTART] Swarm Mesh Listener reiniciado
[2026-06-01 19:54:34] [WATCHDOG_ALERT] [ENJAMBRE: WATCHDOG] [WATCHDOG 19:54:34] ALERTA: Swarm Mesh Listener ha caido. Estado: reiniciado.
[2026-06-01 19:54:34] [WATCHDOG_ALERT] Encolado pasivamente en pending_messages.json
[2026-06-01 19:54:34] Estado: 7 vivos, 1 caidos
[2026-06-01 19:59:35] CAIDO: Swarm Mesh Listener
[2026-06-01 19:59:35] [RESTART] Swarm Mesh Listener reiniciado
[2026-06-01 19:59:35] [WATCHDOG_ALERT] [ENJAMBRE: WATCHDOG] [WATCHDOG 19:59:35] ALERTA: Swarm Mesh Listener ha caido. Estado: reiniciado.
[2026-06-01 19:59:35] [WATCHDOG_ALERT] Encolado pasivamente en pending_messages.json
[2026-06-01 19:59:35] Estado: 7 vivos, 1 caidos
[2026-06-01 20:04:37] CAIDO: Swarm Mesh Listener
[2026-06-01 20:04:37] [RESTART] Swarm Mesh Listener reiniciado
[2026-06-01 20:04:37] [WATCHDOG_ALERT] [ENJAMBRE: WATCHDOG] [WATCHDOG 20:04:37] ALERTA: Swarm Mesh Listener ha caido. Estado: reiniciado.
[2026-06-01 20:04:37] [WATCHDOG_ALERT] Encolado pasivamente en pending_messages.json
[2026-06-01 20:04:37] Estado: 7 vivos, 1 caidos
[2026-06-01 20:09:39] CAIDO: Swarm Mesh Listener
[2026-06-01 20:09:39] [RESTART] Swarm Mesh Listener reiniciado
[2026-06-01 20:09:39] [WATCHDOG_ALERT] [ENJAMBRE: WATCHDOG] [WATCHDOG 20:09:39] ALERTA: Swarm Mesh Listener ha caido. Estado: reiniciado.
[2026-06-01 20:09:39] [WATCHDOG_ALERT] Encolado pasivamente en pending_messages.json
[2026-06-01 20:09:39] Estado: 7 vivos, 1 caidos
[2026-06-01 20:14:40] CAIDO: Swarm Mesh Listener
[2026-06-01 20:14:40] [RESTART] Swarm Mesh Listener reiniciado
[2026-06-01 20:14:40] [WATCHDOG_ALERT] [ENJAMBRE: WATCHDOG] [WATCHDOG 20:14:40] ALERTA: Swarm Mesh Listener ha caido. Estado: reiniciado.
[2026-06-01 20:14:40] [WATCHDOG_ALERT] Encolado pasivamente en pending_messages.json
[2026-06-01 20:14:40] Estado: 7 vivos, 1 caidos
[2026-06-01 20:19:42] CAIDO: Swarm Mesh Listener
[2026-06-01 20:19:42] [RESTART] Swarm Mesh Listener reiniciado
[2026-06-01 20:19:42] [WATCHDOG_ALERT] [ENJAMBRE: WATCHDOG] [WATCHDOG 20:19:42] ALERTA: Swarm Mesh Listener ha caido. Estado: reiniciado.
[2026-06-01 20:19:42] [WATCHDOG_ALERT] Encolado pasivamente en pending_messages.json
[2026-06-01 20:19:42] Estado: 7 vivos, 1 caidos
[2026-06-01 20:24:44] CAIDO: Swarm Mesh Listener
[2026-06-01 20:24:44] [RESTART] Swarm Mesh Listener reiniciado
[2026-06-01 20:24:44] [WATCHDOG_ALERT] [ENJAMBRE: WATCHDOG] [WATCHDOG 20:24:44] ALERTA: Swarm Mesh Listener ha caido. Estado: reiniciado.
[2026-06-01 20:24:44] [WATCHDOG_ALERT] Encolado pasivamente en pending_messages.json
[2026-06-01 20:24:44] Estado: 7 vivos, 1 caidos
[2026-06-01 20:29:46] CAIDO: Swarm Mesh Listener
[2026-06-01 20:29:46] [RESTART] Swarm Mesh Listener reiniciado
[2026-06-01 20:29:46] [WATCHDOG_ALERT] [ENJAMBRE: WATCHDOG] [WATCHDOG 20:29:46] ALERTA: Swarm Mesh Listener ha caido. Estado: reiniciado.
[2026-06-01 20:29:46] [WATCHDOG_ALERT] Encolado pasivamente en pending_messages.json
[2026-06-01 20:29:46] Estado: 7 vivos, 1 caidos
[2026-06-01 20:34:47] CAIDO: Swarm Mesh Listener
[2026-06-01 20:34:47] [RESTART] Swarm Mesh Listener reiniciado
[2026-06-01 20:34:47] [WATCHDOG_ALERT] [ENJAMBRE: WATCHDOG] [WATCHDOG 20:34:47] ALERTA: Swarm Mesh Listener ha caido. Estado: reiniciado.
[2026-06-01 20:34:47] [WATCHDOG_ALERT] Encolado pasivamente en pending_messages.json
[2026-06-01 20:34:48] Estado: 7 vivos, 1 caidos
[2026-06-01 20:39:49] CAIDO: Swarm Mesh Listener
[2026-06-01 20:39:49] [RESTART] Swarm Mesh Listener reiniciado
[2026-06-01 20:39:49] [WATCHDOG_ALERT] [ENJAMBRE: WATCHDOG] [WATCHDOG 20:39:49] ALERTA: Swarm Mesh Listener ha caido. Estado: reiniciado.
[2026-06-01 20:39:49] [WATCHDOG_ALERT] Encolado pasivamente en pending_messages.json
[2026-06-01 20:39:49] Estado: 7 vivos, 1 caidos
[2026-06-01 20:44:51] CAIDO: Swarm Mesh Listener
[2026-06-01 20:44:51] [RESTART] Swarm Mesh Listener reiniciado
[2026-06-01 20:44:51] [WATCHDOG_ALERT] [ENJAMBRE: WATCHDOG] [WATCHDOG 20:44:51] ALERTA: Swarm Mesh Listener ha caido. Estado: reiniciado.
[2026-06-01 20:44:51] [WATCHDOG_ALERT] Encolado pasivamente en pending_messages.json
[2026-06-01 20:44:51] Estado: 7 vivos, 1 caidos
[2026-06-01 20:49:55] CAIDO: Swarm Mesh Listener
[2026-06-01 20:49:55] [RESTART] Swarm Mesh Listener reiniciado
[2026-06-01 20:49:55] [WATCHDOG_ALERT] [ENJAMBRE: WATCHDOG] [WATCHDOG 20:49:55] ALERTA: Swarm Mesh Listener ha caido. Estado: reiniciado.
[2026-06-01 20:49:55] [WATCHDOG_ALERT] Encolado pasivamente en pending_messages.json
[2026-06-01 20:49:55] Estado: 7 vivos, 1 caidos
[2026-06-01 20:54:56] CAIDO: Swarm Mesh Listener
[2026-06-01 20:54:56] [RESTART] Swarm Mesh Listener reiniciado
[2026-06-01 20:54:56] [WATCHDOG_ALERT] [ENJAMBRE: WATCHDOG] [WATCHDOG 20:54:56] ALERTA: Swarm Mesh Listener ha caido. Estado: reiniciado.
[2026-06-01 20:54:56] [WATCHDOG_ALERT] Encolado pasivamente en pending_messages.json
[2026-06-01 20:54:56] Estado: 7 vivos, 1 caidos
[2026-06-01 20:59:58] CAIDO: Swarm Mesh Listener
[2026-06-01 20:59:58] [RESTART] Swarm Mesh Listener reiniciado
[2026-06-01 20:59:58] [WATCHDOG_ALERT] [ENJAMBRE: WATCHDOG] [WATCHDOG 20:59:58] ALERTA: Swarm Mesh Listener ha caido. Estado: reiniciado.
[2026-06-01 20:59:58] [WATCHDOG_ALERT] Encolado pasivamente en pending_messages.json
[2026-06-01 20:59:58] Estado: 7 vivos, 1 caidos
[2026-06-01 21:04:59] CAIDO: Swarm Mesh Listener
[2026-06-01 21:04:59] [RESTART] Swarm Mesh Listener reiniciado
[2026-06-01 21:04:59] [WATCHDOG_ALERT] [ENJAMBRE: WATCHDOG] [WATCHDOG 21:04:59] ALERTA: Swarm Mesh Listener ha caido. Estado: reiniciado.
[2026-06-01 21:04:59] [WATCHDOG_ALERT] Encolado pasivamente en pending_messages.json
[2026-06-01 21:04:59] Estado: 7 vivos, 1 caidos
[2026-06-01 21:10:01] CAIDO: Swarm Mesh Listener
[2026-06-01 21:10:01] [RESTART] Swarm Mesh Listener reiniciado
[2026-06-01 21:10:01] [WATCHDOG_ALERT] [ENJAMBRE: WATCHDOG] [WATCHDOG 21:10:01] ALERTA: Swarm Mesh Listener ha caido. Estado: reiniciado.
[2026-06-01 21:10:01] [WATCHDOG_ALERT] Encolado pasivamente en pending_messages.json
[2026-06-01 21:10:01] Estado: 7 vivos, 1 caidos
[2026-06-01 21:15:03] CAIDO: Swarm Mesh Listener
[2026-06-01 21:15:03] [RESTART] Swarm Mesh Listener reiniciado
[2026-06-01 21:15:03] [WATCHDOG_ALERT] [ENJAMBRE: WATCHDOG] [WATCHDOG 21:15:03] ALERTA: Swarm Mesh Listener ha caido. Estado: reiniciado.
[2026-06-01 21:15:03] [WATCHDOG_ALERT] Encolado pasivamente en pending_messages.json
[2026-06-01 21:15:03] Estado: 7 vivos, 1 caidos
[2026-06-01 21:20:04] CAIDO: Swarm Mesh Listener
[2026-06-01 21:20:04] [RESTART] Swarm Mesh Listener reiniciado
[2026-06-01 21:20:04] [WATCHDOG_ALERT] [ENJAMBRE: WATCHDOG] [WATCHDOG 21:20:04] ALERTA: Swarm Mesh Listener ha caido. Estado: reiniciado.
[2026-06-01 21:20:04] [WATCHDOG_ALERT] Encolado pasivamente en pending_messages.json
[2026-06-01 21:20:04] Estado: 7 vivos, 1 caidos
[2026-06-01 21:25:06] CAIDO: Swarm Mesh Listener
[2026-06-01 21:25:06] [RESTART] Swarm Mesh Listener reiniciado
[2026-06-01 21:25:06] [WATCHDOG_ALERT] [ENJAMBRE: WATCHDOG] [WATCHDOG 21:25:06] ALERTA: Swarm Mesh Listener ha caido. Estado: reiniciado.
[2026-06-01 21:25:06] [WATCHDOG_ALERT] Encolado pasivamente en pending_messages.json
[2026-06-01 21:25:06] Estado: 7 vivos, 1 caidos
[2026-06-01 21:30:08] CAIDO: Swarm Mesh Listener
[2026-06-01 21:30:08] [RESTART] Swarm Mesh Listener reiniciado
[2026-06-01 21:30:08] [WATCHDOG_ALERT] [ENJAMBRE: WATCHDOG] [WATCHDOG 21:30:08] ALERTA: Swarm Mesh Listener ha caido. Estado: reiniciado.
[2026-06-01 21:30:08] [WATCHDOG_ALERT] Encolado pasivamente en pending_messages.json
[2026-06-01 21:30:08] Estado: 7 vivos, 1 caidos
[2026-06-01 21:35:09] CAIDO: Swarm Mesh Listener
[2026-06-01 21:35:09] [RESTART] Swarm Mesh Listener reiniciado
[2026-06-01 21:35:09] [WATCHDOG_ALERT] [ENJAMBRE: WATCHDOG] [WATCHDOG 21:35:09] ALERTA: Swarm Mesh Listener ha caido. Estado: reiniciado.
[2026-06-01 21:35:09] [WATCHDOG_ALERT] Encolado pasivamente en pending_messages.json
[2026-06-01 21:35:09] Estado: 7 vivos, 1 caidos
[2026-06-01 21:40:11] CAIDO: Swarm Mesh Listener
[2026-06-01 21:40:11] [RESTART] Swarm Mesh Listener reiniciado
[2026-06-01 21:40:11] [WATCHDOG_ALERT] [ENJAMBRE: WATCHDOG] [WATCHDOG 21:40:11] ALERTA: Swarm Mesh Listener ha caido. Estado: reiniciado.
[2026-06-01 21:40:11] [WATCHDOG_ALERT] Encolado pasivamente en pending_messages.json
[2026-06-01 21:40:11] Estado: 7 vivos, 1 caidos
[2026-06-01 21:45:12] CAIDO: Swarm Mesh Listener
[2026-06-01 21:45:12] [RESTART] Swarm Mesh Listener reiniciado
[2026-06-01 21:45:12] [WATCHDOG_ALERT] [ENJAMBRE: WATCHDOG] [WATCHDOG 21:45:12] ALERTA: Swarm Mesh Listener ha caido. Estado: reiniciado.
[2026-06-01 21:45:12] [WATCHDOG_ALERT] Encolado pasivamente en pending_messages.json
[2026-06-01 21:45:12] Estado: 7 vivos, 1 caidos
[2026-06-01 21:50:14] CAIDO: Swarm Mesh Listener
[2026-06-01 21:50:14] [RESTART] Swarm Mesh Listener reiniciado
[2026-06-01 21:50:14] [WATCHDOG_ALERT] [ENJAMBRE: WATCHDOG] [WATCHDOG 21:50:14] ALERTA: Swarm Mesh Listener ha caido. Estado: reiniciado.
[2026-06-01 21:50:14] [WATCHDOG_ALERT] Encolado pasivamente en pending_messages.json
[2026-06-01 21:50:14] Estado: 7 vivos, 1 caidos
[2026-06-01 21:55:15] CAIDO: Swarm Mesh Listener
[2026-06-01 21:55:15] [RESTART] Swarm Mesh Listener reiniciado
[2026-06-01 21:55:15] [WATCHDOG_ALERT] [ENJAMBRE: WATCHDOG] [WATCHDOG 21:55:15] ALERTA: Swarm Mesh Listener ha caido. Estado: reiniciado.
[2026-06-01 21:55:15] [WATCHDOG_ALERT] Encolado pasivamente en pending_messages.json
[2026-06-01 21:55:15] Estado: 7 vivos, 1 caidos
[2026-06-01 22:00:17] CAIDO: Swarm Mesh Listener
[2026-06-01 22:00:17] [RESTART] Swarm Mesh Listener reiniciado
[2026-06-01 22:00:17] [WATCHDOG_ALERT] [ENJAMBRE: WATCHDOG] [WATCHDOG 22:00:17] ALERTA: Swarm Mesh Listener ha caido. Estado: reiniciado.
[2026-06-01 22:00:17] [WATCHDOG_ALERT] Encolado pasivamente en pending_messages.json
[2026-06-01 22:00:17] Estado: 7 vivos, 1 caidos
[2026-06-01 22:05:18] CAIDO: Swarm Mesh Listener
[2026-06-01 22:05:18] [RESTART] Swarm Mesh Listener reiniciado
[2026-06-01 22:05:18] [WATCHDOG_ALERT] [ENJAMBRE: WATCHDOG] [WATCHDOG 22:05:18] ALERTA: Swarm Mesh Listener ha caido. Estado: reiniciado.
[2026-06-01 22:05:18] [WATCHDOG_ALERT] Encolado pasivamente en pending_messages.json
[2026-06-01 22:05:18] Estado: 7 vivos, 1 caidos
[2026-06-01 22:10:20] CAIDO: Swarm Mesh Listener
[2026-06-01 22:10:20] [RESTART] Swarm Mesh Listener reiniciado
[2026-06-01 22:10:20] [WATCHDOG_ALERT] [ENJAMBRE: WATCHDOG] [WATCHDOG 22:10:20] ALERTA: Swarm Mesh Listener ha caido. Estado: reiniciado.
[2026-06-01 22:10:20] [WATCHDOG_ALERT] Encolado pasivamente en pending_messages.json
[2026-06-01 22:10:20] Estado: 7 vivos, 1 caidos
[2026-06-01 22:15:21] CAIDO: Swarm Mesh Listener
[2026-06-01 22:15:21] [RESTART] Swarm Mesh Listener reiniciado
[2026-06-01 22:15:21] [WATCHDOG_ALERT] [ENJAMBRE: WATCHDOG] [WATCHDOG 22:15:21] ALERTA: Swarm Mesh Listener ha caido. Estado: reiniciado.
[2026-06-01 22:15:21] [WATCHDOG_ALERT] Encolado pasivamente en pending_messages.json
[2026-06-01 22:15:21] Estado: 7 vivos, 1 caidos
[2026-06-01 22:20:23] CAIDO: Swarm Mesh Listener
[2026-06-01 22:20:23] [RESTART] Swarm Mesh Listener reiniciado
[2026-06-01 22:20:23] [WATCHDOG_ALERT] [ENJAMBRE: WATCHDOG] [WATCHDOG 22:20:23] ALERTA: Swarm Mesh Listener ha caido. Estado: reiniciado.
[2026-06-01 22:20:23] [WATCHDOG_ALERT] Encolado pasivamente en pending_messages.json
[2026-06-01 22:20:23] Estado: 7 vivos, 1 caidos
[2026-06-01 22:25:24] CAIDO: Swarm Mesh Listener
[2026-06-01 22:25:24] [RESTART] Swarm Mesh Listener reiniciado
[2026-06-01 22:25:24] [WATCHDOG_ALERT] [ENJAMBRE: WATCHDOG] [WATCHDOG 22:25:24] ALERTA: Swarm Mesh Listener ha caido. Estado: reiniciado.
[2026-06-01 22:25:24] [WATCHDOG_ALERT] Encolado pasivamente en pending_messages.json
[2026-06-01 22:25:25] Estado: 7 vivos, 1 caidos
[2026-06-01 22:30:26] CAIDO: Swarm Mesh Listener
[2026-06-01 22:30:26] [RESTART] Swarm Mesh Listener reiniciado
[2026-06-01 22:30:26] [WATCHDOG_ALERT] [ENJAMBRE: WATCHDOG] [WATCHDOG 22:30:26] ALERTA: Swarm Mesh Listener ha caido. Estado: reiniciado.
[2026-06-01 22:30:26] [WATCHDOG_ALERT] Encolado pasivamente en pending_messages.json
[2026-06-01 22:30:26] Estado: 7 vivos, 1 caidos
[2026-06-01 22:35:27] CAIDO: Swarm Mesh Listener
[2026-06-01 22:35:27] [RESTART] Swarm Mesh Listener reiniciado
[2026-06-01 22:35:27] [WATCHDOG_ALERT] [ENJAMBRE: WATCHDOG] [WATCHDOG 22:35:27] ALERTA: Swarm Mesh Listener ha caido. Estado: reiniciado.
[2026-06-01 22:35:27] [WATCHDOG_ALERT] Encolado pasivamente en pending_messages.json
[2026-06-01 22:35:28] Estado: 7 vivos, 1 caidos
[2026-06-01 22:40:29] CAIDO: Swarm Mesh Listener
[2026-06-01 22:40:29] [RESTART] Swarm Mesh Listener reiniciado
[2026-06-01 22:40:29] [WATCHDOG_ALERT] [ENJAMBRE: WATCHDOG] [WATCHDOG 22:40:29] ALERTA: Swarm Mesh Listener ha caido. Estado: reiniciado.
[2026-06-01 22:40:29] [WATCHDOG_ALERT] Encolado pasivamente en pending_messages.json
[2026-06-01 22:40:29] Estado: 7 vivos, 1 caidos
[2026-06-01 22:45:31] CAIDO: Swarm Mesh Listener
[2026-06-01 22:45:31] [RESTART] Swarm Mesh Listener reiniciado
[2026-06-01 22:45:31] [WATCHDOG_ALERT] [ENJAMBRE: WATCHDOG] [WATCHDOG 22:45:31] ALERTA: Swarm Mesh Listener ha caido. Estado: reiniciado.
[2026-06-01 22:45:31] [WATCHDOG_ALERT] Encolado pasivamente en pending_messages.json
[2026-06-01 22:45:31] Estado: 7 vivos, 1 caidos
[2026-06-01 22:50:32] CAIDO: Swarm Mesh Listener
[2026-06-01 22:50:32] [RESTART] Swarm Mesh Listener reiniciado
[2026-06-01 22:50:32] [WATCHDOG_ALERT] [ENJAMBRE: WATCHDOG] [WATCHDOG 22:50:32] ALERTA: Swarm Mesh Listener ha caido. Estado: reiniciado.
[2026-06-01 22:50:32] [WATCHDOG_ALERT] Encolado pasivamente en pending_messages.json
[2026-06-01 22:50:32] Estado: 7 vivos, 1 caidos
[2026-06-01 22:55:34] CAIDO: Swarm Mesh Listener
[2026-06-01 22:55:34] [RESTART] Swarm Mesh Listener reiniciado
[2026-06-01 22:55:34] [WATCHDOG_ALERT] [ENJAMBRE: WATCHDOG] [WATCHDOG 22:55:34] ALERTA: Swarm Mesh Listener ha caido. Estado: reiniciado.
[2026-06-01 22:55:34] [WATCHDOG_ALERT] Encolado pasivamente en pending_messages.json
[2026-06-01 22:55:34] Estado: 7 vivos, 1 caidos
[2026-06-01 23:00:35] CAIDO: Swarm Mesh Listener
[2026-06-01 23:00:35] [RESTART] Swarm Mesh Listener reiniciado
[2026-06-01 23:00:35] [WATCHDOG_ALERT] [ENJAMBRE: WATCHDOG] [WATCHDOG 23:00:35] ALERTA: Swarm Mesh Listener ha caido. Estado: reiniciado.
[2026-06-01 23:00:35] [WATCHDOG_ALERT] Encolado pasivamente en pending_messages.json
[2026-06-01 23:00:35] Estado: 7 vivos, 1 caidos
[2026-06-01 23:05:37] CAIDO: Swarm Mesh Listener
[2026-06-01 23:05:37] [RESTART] Swarm Mesh Listener reiniciado
[2026-06-01 23:05:37] [WATCHDOG_ALERT] [ENJAMBRE: WATCHDOG] [WATCHDOG 23:05:37] ALERTA: Swarm Mesh Listener ha caido. Estado: reiniciado.
[2026-06-01 23:05:37] [WATCHDOG_ALERT] Encolado pasivamente en pending_messages.json
[2026-06-01 23:05:37] Estado: 7 vivos, 1 caidos
[2026-06-01 23:10:38] CAIDO: Swarm Mesh Listener
[2026-06-01 23:10:38] [RESTART] Swarm Mesh Listener reiniciado
[2026-06-01 23:10:38] [WATCHDOG_ALERT] [ENJAMBRE: WATCHDOG] [WATCHDOG 23:10:38] ALERTA: Swarm Mesh Listener ha caido. Estado: reiniciado.
[2026-06-01 23:10:38] [WATCHDOG_ALERT] Encolado pasivamente en pending_messages.json
[2026-06-01 23:10:38] Estado: 7 vivos, 1 caidos
[2026-06-01 23:15:40] CAIDO: Swarm Mesh Listener
[2026-06-01 23:15:40] [RESTART] Swarm Mesh Listener reiniciado
[2026-06-01 23:15:40] [WATCHDOG_ALERT] [ENJAMBRE: WATCHDOG] [WATCHDOG 23:15:40] ALERTA: Swarm Mesh Listener ha caido. Estado: reiniciado.
[2026-06-01 23:15:40] [WATCHDOG_ALERT] Encolado pasivamente en pending_messages.json
[2026-06-01 23:15:40] Estado: 7 vivos, 1 caidos
[2026-06-01 23:20:41] CAIDO: Swarm Mesh Listener
[2026-06-01 23:20:41] [RESTART] Swarm Mesh Listener reiniciado
[2026-06-01 23:20:41] [WATCHDOG_ALERT] [ENJAMBRE: WATCHDOG] [WATCHDOG 23:20:41] ALERTA: Swarm Mesh Listener ha caido. Estado: reiniciado.
[2026-06-01 23:20:41] [WATCHDOG_ALERT] Encolado pasivamente en pending_messages.json
[2026-06-01 23:20:41] Estado: 7 vivos, 1 caidos
[2026-06-01 23:25:43] CAIDO: Swarm Mesh Listener
[2026-06-01 23:25:43] [RESTART] Swarm Mesh Listener reiniciado
[2026-06-01 23:25:43] [WATCHDOG_ALERT] [ENJAMBRE: WATCHDOG] [WATCHDOG 23:25:43] ALERTA: Swarm Mesh Listener ha caido. Estado: reiniciado.
[2026-06-01 23:25:43] [WATCHDOG_ALERT] Encolado pasivamente en pending_messages.json
[2026-06-01 23:25:43] Estado: 7 vivos, 1 caidos
[2026-06-01 23:30:44] CAIDO: Swarm Mesh Listener
[2026-06-01 23:30:44] [RESTART] Swarm Mesh Listener reiniciado
[2026-06-01 23:30:44] [WATCHDOG_ALERT] [ENJAMBRE: WATCHDOG] [WATCHDOG 23:30:44] ALERTA: Swarm Mesh Listener ha caido. Estado: reiniciado.
[2026-06-01 23:30:44] [WATCHDOG_ALERT] Encolado pasivamente en pending_messages.json
[2026-06-01 23:30:44] Estado: 7 vivos, 1 caidos
[2026-06-01 23:35:46] CAIDO: Swarm Mesh Listener
[2026-06-01 23:35:46] [RESTART] Swarm Mesh Listener reiniciado
[2026-06-01 23:35:46] [WATCHDOG_ALERT] [ENJAMBRE: WATCHDOG] [WATCHDOG 23:35:46] ALERTA: Swarm Mesh Listener ha caido. Estado: reiniciado.
[2026-06-01 23:35:46] [WATCHDOG_ALERT] Encolado pasivamente en pending_messages.json
[2026-06-01 23:35:46] Estado: 7 vivos, 1 caidos
[2026-06-01 23:40:47] CAIDO: Swarm Mesh Listener
[2026-06-01 23:40:47] [RESTART] Swarm Mesh Listener reiniciado
[2026-06-01 23:40:47] [WATCHDOG_ALERT] [ENJAMBRE: WATCHDOG] [WATCHDOG 23:40:47] ALERTA: Swarm Mesh Listener ha caido. Estado: reiniciado.
[2026-06-01 23:40:47] [WATCHDOG_ALERT] Encolado pasivamente en pending_messages.json
[2026-06-01 23:40:47] Estado: 7 vivos, 1 caidos
[2026-06-01 23:45:49] CAIDO: Swarm Mesh Listener
[2026-06-01 23:45:49] [RESTART] Swarm Mesh Listener reiniciado
[2026-06-01 23:45:49] [WATCHDOG_ALERT] [ENJAMBRE: WATCHDOG] [WATCHDOG 23:45:49] ALERTA: Swarm Mesh Listener ha caido. Estado: reiniciado.
[2026-06-01 23:45:49] [WATCHDOG_ALERT] Encolado pasivamente en pending_messages.json
[2026-06-01 23:45:49] Estado: 7 vivos, 1 caidos
[2026-06-01 23:50:50] CAIDO: Swarm Mesh Listener
[2026-06-01 23:50:50] [RESTART] Swarm Mesh Listener reiniciado
[2026-06-01 23:50:50] [WATCHDOG_ALERT] [ENJAMBRE: WATCHDOG] [WATCHDOG 23:50:50] ALERTA: Swarm Mesh Listener ha caido. Estado: reiniciado.
[2026-06-01 23:50:50] [WATCHDOG_ALERT] Encolado pasivamente en pending_messages.json
[2026-06-01 23:50:50] Estado: 7 vivos, 1 caidos
[2026-06-01 23:55:52] CAIDO: Swarm Mesh Listener
[2026-06-01 23:55:52] [RESTART] Swarm Mesh Listener reiniciado
[2026-06-01 23:55:52] [WATCHDOG_ALERT] [ENJAMBRE: WATCHDOG] [WATCHDOG 23:55:52] ALERTA: Swarm Mesh Listener ha caido. Estado: reiniciado.
[2026-06-01 23:55:52] [WATCHDOG_ALERT] Encolado pasivamente en pending_messages.json
[2026-06-01 23:55:52] Estado: 7 vivos, 1 caidos
[2026-06-02 00:00:54] CAIDO: Swarm Mesh Listener
[2026-06-02 00:00:54] [RESTART] Swarm Mesh Listener reiniciado
[2026-06-02 00:00:54] [WATCHDOG_ALERT] [ENJAMBRE: WATCHDOG] [WATCHDOG 00:00:54] ALERTA: Swarm Mesh Listener ha caido. Estado: reiniciado.
[2026-06-02 00:00:54] [WATCHDOG_ALERT] Encolado pasivamente en pending_messages.json
[2026-06-02 00:00:54] Estado: 7 vivos, 1 caidos
[2026-06-02 00:05:55] CAIDO: Swarm Mesh Listener
[2026-06-02 00:05:55] [RESTART] Swarm Mesh Listener reiniciado
[2026-06-02 00:05:55] [WATCHDOG_ALERT] [ENJAMBRE: WATCHDOG] [WATCHDOG 00:05:55] ALERTA: Swarm Mesh Listener ha caido. Estado: reiniciado.
[2026-06-02 00:05:55] [WATCHDOG_ALERT] Encolado pasivamente en pending_messages.json
[2026-06-02 00:05:55] Estado: 7 vivos, 1 caidos
[2026-06-02 00:10:57] CAIDO: Swarm Mesh Listener
[2026-06-02 00:10:57] [RESTART] Swarm Mesh Listener reiniciado
[2026-06-02 00:10:57] [WATCHDOG_ALERT] [ENJAMBRE: WATCHDOG] [WATCHDOG 00:10:57] ALERTA: Swarm Mesh Listener ha caido. Estado: reiniciado.
[2026-06-02 00:10:57] [WATCHDOG_ALERT] Encolado pasivamente en pending_messages.json
[2026-06-02 00:10:57] Estado: 7 vivos, 1 caidos
[2026-06-02 00:15:58] CAIDO: Swarm Mesh Listener
[2026-06-02 00:15:58] [RESTART] Swarm Mesh Listener reiniciado
[2026-06-02 00:15:58] [WATCHDOG_ALERT] [ENJAMBRE: WATCHDOG] [WATCHDOG 00:15:58] ALERTA: Swarm Mesh Listener ha caido. Estado: reiniciado.
[2026-06-02 00:15:58] [WATCHDOG_ALERT] Encolado pasivamente en pending_messages.json
[2026-06-02 00:15:58] Estado: 7 vivos, 1 caidos
[2026-06-02 00:21:00] CAIDO: Swarm Mesh Listener
[2026-06-02 00:21:00] [RESTART] Swarm Mesh Listener reiniciado
[2026-06-02 00:21:00] [WATCHDOG_ALERT] [ENJAMBRE: WATCHDOG] [WATCHDOG 00:21:00] ALERTA: Swarm Mesh Listener ha caido. Estado: reiniciado.
[2026-06-02 00:21:00] [WATCHDOG_ALERT] Encolado pasivamente en pending_messages.json
[2026-06-02 00:21:00] Estado: 7 vivos, 1 caidos
[2026-06-02 00:26:01] CAIDO: Swarm Mesh Listener
[2026-06-02 00:26:01] [RESTART] Swarm Mesh Listener reiniciado
[2026-06-02 00:26:01] [WATCHDOG_ALERT] [ENJAMBRE: WATCHDOG] [WATCHDOG 00:26:01] ALERTA: Swarm Mesh Listener ha caido. Estado: reiniciado.
[2026-06-02 00:26:01] [WATCHDOG_ALERT] Encolado pasivamente en pending_messages.json
[2026-06-02 00:26:01] Estado: 7 vivos, 1 caidos
[2026-06-02 00:31:03] CAIDO: Swarm Mesh Listener
[2026-06-02 00:31:03] [RESTART] Swarm Mesh Listener reiniciado
[2026-06-02 00:31:03] [WATCHDOG_ALERT] [ENJAMBRE: WATCHDOG] [WATCHDOG 00:31:03] ALERTA: Swarm Mesh Listener ha caido. Estado: reiniciado.
[2026-06-02 00:31:03] [WATCHDOG_ALERT] Encolado pasivamente en pending_messages.json
[2026-06-02 00:31:03] Estado: 7 vivos, 1 caidos
[2026-06-02 00:36:04] CAIDO: Swarm Mesh Listener
[2026-06-02 00:36:04] [RESTART] Swarm Mesh Listener reiniciado
[2026-06-02 00:36:04] [WATCHDOG_ALERT] [ENJAMBRE: WATCHDOG] [WATCHDOG 00:36:04] ALERTA: Swarm Mesh Listener ha caido. Estado: reiniciado.
[2026-06-02 00:36:04] [WATCHDOG_ALERT] Encolado pasivamente en pending_messages.json
[2026-06-02 00:36:04] Estado: 7 vivos, 1 caidos
[2026-06-02 00:41:06] CAIDO: Swarm Mesh Listener
[2026-06-02 00:41:06] [RESTART] Swarm Mesh Listener reiniciado
[2026-06-02 00:41:06] [WATCHDOG_ALERT] [ENJAMBRE: WATCHDOG] [WATCHDOG 00:41:06] ALERTA: Swarm Mesh Listener ha caido. Estado: reiniciado.
[2026-06-02 00:41:06] [WATCHDOG_ALERT] Encolado pasivamente en pending_messages.json
[2026-06-02 00:41:06] Estado: 7 vivos, 1 caidos
[2026-06-02 00:46:07] CAIDO: Swarm Mesh Listener
[2026-06-02 00:46:07] [RESTART] Swarm Mesh Listener reiniciado
[2026-06-02 00:46:07] [WATCHDOG_ALERT] [ENJAMBRE: WATCHDOG] [WATCHDOG 00:46:07] ALERTA: Swarm Mesh Listener ha caido. Estado: reiniciado.
[2026-06-02 00:46:07] [WATCHDOG_ALERT] Encolado pasivamente en pending_messages.json
[2026-06-02 00:46:08] Estado: 7 vivos, 1 caidos
[2026-06-02 00:51:09] CAIDO: Swarm Mesh Listener
[2026-06-02 00:51:09] [RESTART] Swarm Mesh Listener reiniciado
[2026-06-02 00:51:09] [WATCHDOG_ALERT] [ENJAMBRE: WATCHDOG] [WATCHDOG 00:51:09] ALERTA: Swarm Mesh Listener ha caido. Estado: reiniciado.
[2026-06-02 00:51:09] [WATCHDOG_ALERT] Encolado pasivamente en pending_messages.json
[2026-06-02 00:51:09] Estado: 7 vivos, 1 caidos
[2026-06-02 00:56:11] CAIDO: Swarm Mesh Listener
[2026-06-02 00:56:11] [RESTART] Swarm Mesh Listener reiniciado
[2026-06-02 00:56:11] [WATCHDOG_ALERT] [ENJAMBRE: WATCHDOG] [WATCHDOG 00:56:11] ALERTA: Swarm Mesh Listener ha caido. Estado: reiniciado.
[2026-06-02 00:56:11] [WATCHDOG_ALERT] Encolado pasivamente en pending_messages.json
[2026-06-02 00:56:11] Estado: 7 vivos, 1 caidos
[2026-06-02 01:01:12] CAIDO: Swarm Mesh Listener
[2026-06-02 01:01:12] [RESTART] Swarm Mesh Listener reiniciado
[2026-06-02 01:01:12] [WATCHDOG_ALERT] [ENJAMBRE: WATCHDOG] [WATCHDOG 01:01:12] ALERTA: Swarm Mesh Listener ha caido. Estado: reiniciado.
[2026-06-02 01:01:12] [WATCHDOG_ALERT] Encolado pasivamente en pending_messages.json
[2026-06-02 01:01:12] Estado: 7 vivos, 1 caidos
[2026-06-02 01:06:14] CAIDO: Swarm Mesh Listener
[2026-06-02 01:06:14] [RESTART] Swarm Mesh Listener reiniciado
[2026-06-02 01:06:14] [WATCHDOG_ALERT] [ENJAMBRE: WATCHDOG] [WATCHDOG 01:06:14] ALERTA: Swarm Mesh Listener ha caido. Estado: reiniciado.
[2026-06-02 01:06:14] [WATCHDOG_ALERT] Encolado pasivamente en pending_messages.json
[2026-06-02 01:06:14] Estado: 7 vivos, 1 caidos
[2026-06-02 01:11:15] CAIDO: Swarm Mesh Listener
[2026-06-02 01:11:15] [RESTART] Swarm Mesh Listener reiniciado
[2026-06-02 01:11:15] [WATCHDOG_ALERT] [ENJAMBRE: WATCHDOG] [WATCHDOG 01:11:15] ALERTA: Swarm Mesh Listener ha caido. Estado: reiniciado.
[2026-06-02 01:11:15] [WATCHDOG_ALERT] Encolado pasivamente en pending_messages.json
[2026-06-02 01:11:15] Estado: 7 vivos, 1 caidos
[2026-06-02 01:16:17] CAIDO: Swarm Mesh Listener
[2026-06-02 01:16:17] [RESTART] Swarm Mesh Listener reiniciado
[2026-06-02 01:16:17] [WATCHDOG_ALERT] [ENJAMBRE: WATCHDOG] [WATCHDOG 01:16:17] ALERTA: Swarm Mesh Listener ha caido. Estado: reiniciado.
[2026-06-02 01:16:17] [WATCHDOG_ALERT] Encolado pasivamente en pending_messages.json
[2026-06-02 01:16:17] Estado: 7 vivos, 1 caidos
[2026-06-02 01:21:18] CAIDO: Swarm Mesh Listener
[2026-06-02 01:21:18] [RESTART] Swarm Mesh Listener reiniciado
[2026-06-02 01:21:18] [WATCHDOG_ALERT] [ENJAMBRE: WATCHDOG] [WATCHDOG 01:21:18] ALERTA: Swarm Mesh Listener ha caido. Estado: reiniciado.
[2026-06-02 01:21:18] [WATCHDOG_ALERT] Encolado pasivamente en pending_messages.json
[2026-06-02 01:21:18] Estado: 7 vivos, 1 caidos
[2026-06-02 01:26:20] CAIDO: Swarm Mesh Listener
[2026-06-02 01:26:20] [RESTART] Swarm Mesh Listener reiniciado
[2026-06-02 01:26:20] [WATCHDOG_ALERT] [ENJAMBRE: WATCHDOG] [WATCHDOG 01:26:20] ALERTA: Swarm Mesh Listener ha caido. Estado: reiniciado.
[2026-06-02 01:26:20] [WATCHDOG_ALERT] Encolado pasivamente en pending_messages.json
[2026-06-02 01:26:20] Estado: 7 vivos, 1 caidos
[2026-06-02 01:31:21] CAIDO: Swarm Mesh Listener
[2026-06-02 01:31:21] [RESTART] Swarm Mesh Listener reiniciado
[2026-06-02 01:31:21] [WATCHDOG_ALERT] [ENJAMBRE: WATCHDOG] [WATCHDOG 01:31:21] ALERTA: Swarm Mesh Listener ha caido. Estado: reiniciado.
[2026-06-02 01:31:21] [WATCHDOG_ALERT] Encolado pasivamente en pending_messages.json
[2026-06-02 01:31:21] Estado: 7 vivos, 1 caidos
[2026-06-02 01:36:23] CAIDO: Swarm Mesh Listener
[2026-06-02 01:36:23] [RESTART] Swarm Mesh Listener reiniciado
[2026-06-02 01:36:23] [WATCHDOG_ALERT] [ENJAMBRE: WATCHDOG] [WATCHDOG 01:36:23] ALERTA: Swarm Mesh Listener ha caido. Estado: reiniciado.
[2026-06-02 01:36:23] [WATCHDOG_ALERT] Encolado pasivamente en pending_messages.json
[2026-06-02 01:36:23] Estado: 7 vivos, 1 caidos
[2026-06-02 01:41:24] CAIDO: Swarm Mesh Listener
[2026-06-02 01:41:24] [RESTART] Swarm Mesh Listener reiniciado
[2026-06-02 01:41:24] [WATCHDOG_ALERT] [ENJAMBRE: WATCHDOG] [WATCHDOG 01:41:24] ALERTA: Swarm Mesh Listener ha caido. Estado: reiniciado.
[2026-06-02 01:41:24] [WATCHDOG_ALERT] Encolado pasivamente en pending_messages.json
[2026-06-02 01:41:24] Estado: 7 vivos, 1 caidos
[2026-06-02 01:46:26] CAIDO: Swarm Mesh Listener
[2026-06-02 01:46:26] [RESTART] Swarm Mesh Listener reiniciado
[2026-06-02 01:46:26] [WATCHDOG_ALERT] [ENJAMBRE: WATCHDOG] [WATCHDOG 01:46:26] ALERTA: Swarm Mesh Listener ha caido. Estado: reiniciado.
[2026-06-02 01:46:26] [WATCHDOG_ALERT] Encolado pasivamente en pending_messages.json
[2026-06-02 01:46:26] Estado: 7 vivos, 1 caidos
[2026-06-02 01:51:27] CAIDO: Swarm Mesh Listener
[2026-06-02 01:51:27] [RESTART] Swarm Mesh Listener reiniciado
[2026-06-02 01:51:27] [WATCHDOG_ALERT] [ENJAMBRE: WATCHDOG] [WATCHDOG 01:51:27] ALERTA: Swarm Mesh Listener ha caido. Estado: reiniciado.
[2026-06-02 01:51:27] [WATCHDOG_ALERT] Encolado pasivamente en pending_messages.json
[2026-06-02 01:51:27] Estado: 7 vivos, 1 caidos
[2026-06-02 01:56:29] CAIDO: Swarm Mesh Listener
[2026-06-02 01:56:29] [RESTART] Swarm Mesh Listener reiniciado
[2026-06-02 01:56:29] [WATCHDOG_ALERT] [ENJAMBRE: WATCHDOG] [WATCHDOG 01:56:29] ALERTA: Swarm Mesh Listener ha caido. Estado: reiniciado.
[2026-06-02 01:56:29] [WATCHDOG_ALERT] Encolado pasivamente en pending_messages.json
[2026-06-02 01:56:29] Estado: 7 vivos, 1 caidos
[2026-06-02 02:01:30] CAIDO: Swarm Mesh Listener
[2026-06-02 02:01:30] [RESTART] Swarm Mesh Listener reiniciado
[2026-06-02 02:01:30] [WATCHDOG_ALERT] [ENJAMBRE: WATCHDOG] [WATCHDOG 02:01:30] ALERTA: Swarm Mesh Listener ha caido. Estado: reiniciado.
[2026-06-02 02:01:30] [WATCHDOG_ALERT] Encolado pasivamente en pending_messages.json
[2026-06-02 02:01:31] Estado: 7 vivos, 1 caidos
[2026-06-02 02:06:32] CAIDO: Swarm Mesh Listener
[2026-06-02 02:06:32] [RESTART] Swarm Mesh Listener reiniciado
[2026-06-02 02:06:32] [WATCHDOG_ALERT] [ENJAMBRE: WATCHDOG] [WATCHDOG 02:06:32] ALERTA: Swarm Mesh Listener ha caido. Estado: reiniciado.
[2026-06-02 02:06:32] [WATCHDOG_ALERT] Encolado pasivamente en pending_messages.json
[2026-06-02 02:06:32] Estado: 7 vivos, 1 caidos
[2026-06-02 02:11:33] CAIDO: Swarm Mesh Listener
[2026-06-02 02:11:33] [RESTART] Swarm Mesh Listener reiniciado
[2026-06-02 02:11:33] [WATCHDOG_ALERT] [ENJAMBRE: WATCHDOG] [WATCHDOG 02:11:33] ALERTA: Swarm Mesh Listener ha caido. Estado: reiniciado.
[2026-06-02 02:11:33] [WATCHDOG_ALERT] Encolado pasivamente en pending_messages.json
[2026-06-02 02:11:33] Estado: 7 vivos, 1 caidos
[2026-06-02 02:16:35] CAIDO: Swarm Mesh Listener
[2026-06-02 02:16:35] [RESTART] Swarm Mesh Listener reiniciado
[2026-06-02 02:16:35] [WATCHDOG_ALERT] [ENJAMBRE: WATCHDOG] [WATCHDOG 02:16:35] ALERTA: Swarm Mesh Listener ha caido. Estado: reiniciado.
[2026-06-02 02:16:35] [WATCHDOG_ALERT] Encolado pasivamente en pending_messages.json
[2026-06-02 02:16:35] Estado: 7 vivos, 1 caidos
[2026-06-02 02:21:37] CAIDO: Swarm Mesh Listener
[2026-06-02 02:21:37] [RESTART] Swarm Mesh Listener reiniciado
[2026-06-02 02:21:37] [WATCHDOG_ALERT] [ENJAMBRE: WATCHDOG] [WATCHDOG 02:21:37] ALERTA: Swarm Mesh Listener ha caido. Estado: reiniciado.
[2026-06-02 02:21:37] [WATCHDOG_ALERT] Encolado pasivamente en pending_messages.json
[2026-06-02 02:21:37] Estado: 7 vivos, 1 caidos
[2026-06-02 02:26:38] CAIDO: Swarm Mesh Listener
[2026-06-02 02:26:38] [RESTART] Swarm Mesh Listener reiniciado
[2026-06-02 02:26:38] [WATCHDOG_ALERT] [ENJAMBRE: WATCHDOG] [WATCHDOG 02:26:38] ALERTA: Swarm Mesh Listener ha caido. Estado: reiniciado.
[2026-06-02 02:26:38] [WATCHDOG_ALERT] Encolado pasivamente en pending_messages.json
[2026-06-02 02:26:38] Estado: 7 vivos, 1 caidos
[2026-06-02 02:31:40] CAIDO: Swarm Mesh Listener
[2026-06-02 02:31:40] [RESTART] Swarm Mesh Listener reiniciado
[2026-06-02 02:31:40] [WATCHDOG_ALERT] [ENJAMBRE: WATCHDOG] [WATCHDOG 02:31:40] ALERTA: Swarm Mesh Listener ha caido. Estado: reiniciado.
[2026-06-02 02:31:40] [WATCHDOG_ALERT] Encolado pasivamente en pending_messages.json
[2026-06-02 02:31:40] Estado: 7 vivos, 1 caidos
[2026-06-02 02:36:41] CAIDO: Swarm Mesh Listener
[2026-06-02 02:36:41] [RESTART] Swarm Mesh Listener reiniciado
[2026-06-02 02:36:41] [WATCHDOG_ALERT] [ENJAMBRE: WATCHDOG] [WATCHDOG 02:36:41] ALERTA: Swarm Mesh Listener ha caido. Estado: reiniciado.
[2026-06-02 02:36:41] [WATCHDOG_ALERT] Encolado pasivamente en pending_messages.json
[2026-06-02 02:36:41] Estado: 7 vivos, 1 caidos
[2026-06-02 02:41:43] CAIDO: Swarm Mesh Listener
[2026-06-02 02:41:43] [RESTART] Swarm Mesh Listener reiniciado
[2026-06-02 02:41:43] [WATCHDOG_ALERT] [ENJAMBRE: WATCHDOG] [WATCHDOG 02:41:43] ALERTA: Swarm Mesh Listener ha caido. Estado: reiniciado.
[2026-06-02 02:41:43] [WATCHDOG_ALERT] Encolado pasivamente en pending_messages.json
[2026-06-02 02:41:43] Estado: 7 vivos, 1 caidos
[2026-06-02 02:46:44] CAIDO: Swarm Mesh Listener
[2026-06-02 02:46:44] [RESTART] Swarm Mesh Listener reiniciado
[2026-06-02 02:46:44] [WATCHDOG_ALERT] [ENJAMBRE: WATCHDOG] [WATCHDOG 02:46:44] ALERTA: Swarm Mesh Listener ha caido. Estado: reiniciado.
[2026-06-02 02:46:44] [WATCHDOG_ALERT] Encolado pasivamente en pending_messages.json
[2026-06-02 02:46:44] Estado: 7 vivos, 1 caidos
[2026-06-02 02:51:46] CAIDO: Swarm Mesh Listener
[2026-06-02 02:51:46] [RESTART] Swarm Mesh Listener reiniciado
[2026-06-02 02:51:46] [WATCHDOG_ALERT] [ENJAMBRE: WATCHDOG] [WATCHDOG 02:51:46] ALERTA: Swarm Mesh Listener ha caido. Estado: reiniciado.
[2026-06-02 02:51:46] [WATCHDOG_ALERT] Encolado pasivamente en pending_messages.json
[2026-06-02 02:51:46] Estado: 7 vivos, 1 caidos
[2026-06-02 02:56:47] CAIDO: Swarm Mesh Listener
[2026-06-02 02:56:47] [RESTART] Swarm Mesh Listener reiniciado
[2026-06-02 02:56:47] [WATCHDOG_ALERT] [ENJAMBRE: WATCHDOG] [WATCHDOG 02:56:47] ALERTA: Swarm Mesh Listener ha caido. Estado: reiniciado.
[2026-06-02 02:56:47] [WATCHDOG_ALERT] Encolado pasivamente en pending_messages.json
[2026-06-02 02:56:47] Estado: 7 vivos, 1 caidos
[2026-06-02 03:01:49] CAIDO: Swarm Mesh Listener
[2026-06-02 03:01:49] [RESTART] Swarm Mesh Listener reiniciado
[2026-06-02 03:01:49] [WATCHDOG_ALERT] [ENJAMBRE: WATCHDOG] [WATCHDOG 03:01:49] ALERTA: Swarm Mesh Listener ha caido. Estado: reiniciado.
[2026-06-02 03:01:49] [WATCHDOG_ALERT] Encolado pasivamente en pending_messages.json
[2026-06-02 03:01:49] Estado: 7 vivos, 1 caidos
[2026-06-02 03:06:50] CAIDO: Swarm Mesh Listener
[2026-06-02 03:06:50] [RESTART] Swarm Mesh Listener reiniciado
[2026-06-02 03:06:50] [WATCHDOG_ALERT] [ENJAMBRE: WATCHDOG] [WATCHDOG 03:06:50] ALERTA: Swarm Mesh Listener ha caido. Estado: reiniciado.
[2026-06-02 03:06:50] [WATCHDOG_ALERT] Encolado pasivamente en pending_messages.json
[2026-06-02 03:06:50] Estado: 7 vivos, 1 caidos
[2026-06-02 03:11:52] CAIDO: Swarm Mesh Listener
[2026-06-02 03:11:52] [RESTART] Swarm Mesh Listener reiniciado
[2026-06-02 03:11:52] [WATCHDOG_ALERT] [ENJAMBRE: WATCHDOG] [WATCHDOG 03:11:52] ALERTA: Swarm Mesh Listener ha caido. Estado: reiniciado.
[2026-06-02 03:11:52] [WATCHDOG_ALERT] Encolado pasivamente en pending_messages.json
[2026-06-02 03:11:52] Estado: 7 vivos, 1 caidos
[2026-06-02 03:16:53] CAIDO: Swarm Mesh Listener
[2026-06-02 03:16:53] [RESTART] Swarm Mesh Listener reiniciado
[2026-06-02 03:16:53] [WATCHDOG_ALERT] [ENJAMBRE: WATCHDOG] [WATCHDOG 03:16:53] ALERTA: Swarm Mesh Listener ha caido. Estado: reiniciado.
[2026-06-02 03:16:53] [WATCHDOG_ALERT] Encolado pasivamente en pending_messages.json
[2026-06-02 03:16:53] Estado: 7 vivos, 1 caidos
[2026-06-02 03:21:55] CAIDO: Swarm Mesh Listener
[2026-06-02 03:21:55] [RESTART] Swarm Mesh Listener reiniciado
[2026-06-02 03:21:55] [WATCHDOG_ALERT] [ENJAMBRE: WATCHDOG] [WATCHDOG 03:21:55] ALERTA: Swarm Mesh Listener ha caido. Estado: reiniciado.
[2026-06-02 03:21:55] [WATCHDOG_ALERT] Encolado pasivamente en pending_messages.json
[2026-06-02 03:21:55] Estado: 7 vivos, 1 caidos
[2026-06-02 03:26:57] CAIDO: Swarm Mesh Listener
[2026-06-02 03:26:57] [RESTART] Swarm Mesh Listener reiniciado
[2026-06-02 03:26:57] [WATCHDOG_ALERT] [ENJAMBRE: WATCHDOG] [WATCHDOG 03:26:57] ALERTA: Swarm Mesh Listener ha caido. Estado: reiniciado.
[2026-06-02 03:26:57] [WATCHDOG_ALERT] Encolado pasivamente en pending_messages.json
[2026-06-02 03:26:57] Estado: 7 vivos, 1 caidos
[2026-06-02 03:31:58] CAIDO: Swarm Mesh Listener
[2026-06-02 03:31:58] [RESTART] Swarm Mesh Listener reiniciado
[2026-06-02 03:31:58] [WATCHDOG_ALERT] [ENJAMBRE: WATCHDOG] [WATCHDOG 03:31:58] ALERTA: Swarm Mesh Listener ha caido. Estado: reiniciado.
[2026-06-02 03:31:58] [WATCHDOG_ALERT] Encolado pasivamente en pending_messages.json
[2026-06-02 03:31:58] Estado: 7 vivos, 1 caidos
[2026-06-02 03:37:00] CAIDO: Swarm Mesh Listener
[2026-06-02 03:37:00] [RESTART] Swarm Mesh Listener reiniciado
[2026-06-02 03:37:00] [WATCHDOG_ALERT] [ENJAMBRE: WATCHDOG] [WATCHDOG 03:37:00] ALERTA: Swarm Mesh Listener ha caido. Estado: reiniciado.
[2026-06-02 03:37:00] [WATCHDOG_ALERT] Encolado pasivamente en pending_messages.json
[2026-06-02 03:37:00] Estado: 7 vivos, 1 caidos
[2026-06-02 03:42:01] CAIDO: Swarm Mesh Listener
[2026-06-02 03:42:01] [RESTART] Swarm Mesh Listener reiniciado
[2026-06-02 03:42:01] [WATCHDOG_ALERT] [ENJAMBRE: WATCHDOG] [WATCHDOG 03:42:01] ALERTA: Swarm Mesh Listener ha caido. Estado: reiniciado.
[2026-06-02 03:42:01] [WATCHDOG_ALERT] Encolado pasivamente en pending_messages.json
[2026-06-02 03:42:01] Estado: 7 vivos, 1 caidos
[2026-06-02 03:47:03] CAIDO: Swarm Mesh Listener
[2026-06-02 03:47:03] [RESTART] Swarm Mesh Listener reiniciado
[2026-06-02 03:47:03] [WATCHDOG_ALERT] [ENJAMBRE: WATCHDOG] [WATCHDOG 03:47:03] ALERTA: Swarm Mesh Listener ha caido. Estado: reiniciado.
[2026-06-02 03:47:03] [WATCHDOG_ALERT] Encolado pasivamente en pending_messages.json
[2026-06-02 03:47:03] Estado: 7 vivos, 1 caidos
[2026-06-02 03:52:04] CAIDO: Swarm Mesh Listener
[2026-06-02 03:52:04] [RESTART] Swarm Mesh Listener reiniciado
[2026-06-02 03:52:04] [WATCHDOG_ALERT] [ENJAMBRE: WATCHDOG] [WATCHDOG 03:52:04] ALERTA: Swarm Mesh Listener ha caido. Estado: reiniciado.
[2026-06-02 03:52:04] [WATCHDOG_ALERT] Encolado pasivamente en pending_messages.json
[2026-06-02 03:52:04] Estado: 7 vivos, 1 caidos
[2026-06-02 03:57:06] CAIDO: Swarm Mesh Listener
[2026-06-02 03:57:06] [RESTART] Swarm Mesh Listener reiniciado
[2026-06-02 03:57:06] [WATCHDOG_ALERT] [ENJAMBRE: WATCHDOG] [WATCHDOG 03:57:06] ALERTA: Swarm Mesh Listener ha caido. Estado: reiniciado.
[2026-06-02 03:57:06] [WATCHDOG_ALERT] Encolado pasivamente en pending_messages.json
[2026-06-02 03:57:06] Estado: 7 vivos, 1 caidos
[2026-06-02 04:02:07] CAIDO: Swarm Mesh Listener
[2026-06-02 04:02:07] [RESTART] Swarm Mesh Listener reiniciado
[2026-06-02 04:02:07] [WATCHDOG_ALERT] [ENJAMBRE: WATCHDOG] [WATCHDOG 04:02:07] ALERTA: Swarm Mesh Listener ha caido. Estado: reiniciado.
[2026-06-02 04:02:07] [WATCHDOG_ALERT] Encolado pasivamente en pending_messages.json
[2026-06-02 04:02:07] Estado: 7 vivos, 1 caidos
[2026-06-02 04:07:09] CAIDO: Swarm Mesh Listener
[2026-06-02 04:07:09] [RESTART] Swarm Mesh Listener reiniciado
[2026-06-02 04:07:09] [WATCHDOG_ALERT] [ENJAMBRE: WATCHDOG] [WATCHDOG 04:07:09] ALERTA: Swarm Mesh Listener ha caido. Estado: reiniciado.
[2026-06-02 04:07:09] [WATCHDOG_ALERT] Encolado pasivamente en pending_messages.json
[2026-06-02 04:07:09] Estado: 7 vivos, 1 caidos
[2026-06-02 04:12:10] CAIDO: Swarm Mesh Listener
[2026-06-02 04:12:10] [RESTART] Swarm Mesh Listener reiniciado
[2026-06-02 04:12:10] [WATCHDOG_ALERT] [ENJAMBRE: WATCHDOG] [WATCHDOG 04:12:10] ALERTA: Swarm Mesh Listener ha caido. Estado: reiniciado.
[2026-06-02 04:12:10] [WATCHDOG_ALERT] Encolado pasivamente en pending_messages.json
[2026-06-02 04:12:10] Estado: 7 vivos, 1 caidos
[2026-06-02 04:17:12] CAIDO: Swarm Mesh Listener
[2026-06-02 04:17:12] [RESTART] Swarm Mesh Listener reiniciado
[2026-06-02 04:17:12] [WATCHDOG_ALERT] [ENJAMBRE: WATCHDOG] [WATCHDOG 04:17:12] ALERTA: Swarm Mesh Listener ha caido. Estado: reiniciado.
[2026-06-02 04:17:12] [WATCHDOG_ALERT] Encolado pasivamente en pending_messages.json
[2026-06-02 04:17:12] Estado: 7 vivos, 1 caidos
[2026-06-02 04:22:13] CAIDO: Swarm Mesh Listener
[2026-06-02 04:22:13] [RESTART] Swarm Mesh Listener reiniciado
[2026-06-02 04:22:13] [WATCHDOG_ALERT] [ENJAMBRE: WATCHDOG] [WATCHDOG 04:22:13] ALERTA: Swarm Mesh Listener ha caido. Estado: reiniciado.
[2026-06-02 04:22:13] [WATCHDOG_ALERT] Encolado pasivamente en pending_messages.json
[2026-06-02 04:22:13] Estado: 7 vivos, 1 caidos
[2026-06-02 04:27:15] CAIDO: Swarm Mesh Listener
[2026-06-02 04:27:15] [RESTART] Swarm Mesh Listener reiniciado
[2026-06-02 04:27:15] [WATCHDOG_ALERT] [ENJAMBRE: WATCHDOG] [WATCHDOG 04:27:15] ALERTA: Swarm Mesh Listener ha caido. Estado: reiniciado.
[2026-06-02 04:27:15] [WATCHDOG_ALERT] Encolado pasivamente en pending_messages.json
[2026-06-02 04:27:15] Estado: 7 vivos, 1 caidos
[2026-06-02 04:32:16] CAIDO: Swarm Mesh Listener
[2026-06-02 04:32:16] [RESTART] Swarm Mesh Listener reiniciado
[2026-06-02 04:32:16] [WATCHDOG_ALERT] [ENJAMBRE: WATCHDOG] [WATCHDOG 04:32:16] ALERTA: Swarm Mesh Listener ha caido. Estado: reiniciado.
[2026-06-02 04:32:16] [WATCHDOG_ALERT] Encolado pasivamente en pending_messages.json
[2026-06-02 04:32:16] Estado: 7 vivos, 1 caidos
[2026-06-02 04:37:18] CAIDO: Swarm Mesh Listener
[2026-06-02 04:37:18] [RESTART] Swarm Mesh Listener reiniciado
[2026-06-02 04:37:18] [WATCHDOG_ALERT] [ENJAMBRE: WATCHDOG] [WATCHDOG 04:37:18] ALERTA: Swarm Mesh Listener ha caido. Estado: reiniciado.
[2026-06-02 04:37:18] [WATCHDOG_ALERT] Encolado pasivamente en pending_messages.json
[2026-06-02 04:37:18] Estado: 7 vivos, 1 caidos
[2026-06-02 04:42:20] CAIDO: Swarm Mesh Listener
[2026-06-02 04:42:20] [RESTART] Swarm Mesh Listener reiniciado
[2026-06-02 04:42:20] [WATCHDOG_ALERT] [ENJAMBRE: WATCHDOG] [WATCHDOG 04:42:20] ALERTA: Swarm Mesh Listener ha caido. Estado: reiniciado.
[2026-06-02 04:42:20] [WATCHDOG_ALERT] Encolado pasivamente en pending_messages.json
[2026-06-02 04:42:20] Estado: 7 vivos, 1 caidos
[2026-06-02 04:47:21] CAIDO: Swarm Mesh Listener
[2026-06-02 04:47:21] [RESTART] Swarm Mesh Listener reiniciado
[2026-06-02 04:47:21] [WATCHDOG_ALERT] [ENJAMBRE: WATCHDOG] [WATCHDOG 04:47:21] ALERTA: Swarm Mesh Listener ha caido. Estado: reiniciado.
[2026-06-02 04:47:21] [WATCHDOG_ALERT] Encolado pasivamente en pending_messages.json
[2026-06-02 04:47:21] Estado: 7 vivos, 1 caidos
[2026-06-02 04:52:23] CAIDO: Swarm Mesh Listener
[2026-06-02 04:52:23] [RESTART] Swarm Mesh Listener reiniciado
[2026-06-02 04:52:23] [WATCHDOG_ALERT] [ENJAMBRE: WATCHDOG] [WATCHDOG 04:52:23] ALERTA: Swarm Mesh Listener ha caido. Estado: reiniciado.
[2026-06-02 04:52:23] [WATCHDOG_ALERT] Encolado pasivamente en pending_messages.json
[2026-06-02 04:52:23] Estado: 7 vivos, 1 caidos
[2026-06-02 04:57:24] CAIDO: Swarm Mesh Listener
[2026-06-02 04:57:24] [RESTART] Swarm Mesh Listener reiniciado
[2026-06-02 04:57:24] [WATCHDOG_ALERT] [ENJAMBRE: WATCHDOG] [WATCHDOG 04:57:24] ALERTA: Swarm Mesh Listener ha caido. Estado: reiniciado.
[2026-06-02 04:57:24] [WATCHDOG_ALERT] Encolado pasivamente en pending_messages.json
[2026-06-02 04:57:24] Estado: 7 vivos, 1 caidos
[2026-06-02 05:02:26] CAIDO: Swarm Mesh Listener
[2026-06-02 05:02:26] [RESTART] Swarm Mesh Listener reiniciado
[2026-06-02 05:02:26] [WATCHDOG_ALERT] [ENJAMBRE: WATCHDOG] [WATCHDOG 05:02:26] ALERTA: Swarm Mesh Listener ha caido. Estado: reiniciado.
[2026-06-02 05:02:26] [WATCHDOG_ALERT] Encolado pasivamente en pending_messages.json
[2026-06-02 05:02:26] Estado: 7 vivos, 1 caidos
[2026-06-02 05:07:27] CAIDO: Swarm Mesh Listener
[2026-06-02 05:07:27] [RESTART] Swarm Mesh Listener reiniciado
[2026-06-02 05:07:27] [WATCHDOG_ALERT] [ENJAMBRE: WATCHDOG] [WATCHDOG 05:07:27] ALERTA: Swarm Mesh Listener ha caido. Estado: reiniciado.
[2026-06-02 05:07:27] [WATCHDOG_ALERT] Encolado pasivamente en pending_messages.json
[2026-06-02 05:07:27] Estado: 7 vivos, 1 caidos
[2026-06-02 05:12:29] CAIDO: Swarm Mesh Listener
[2026-06-02 05:12:29] [RESTART] Swarm Mesh Listener reiniciado
[2026-06-02 05:12:29] [WATCHDOG_ALERT] [ENJAMBRE: WATCHDOG] [WATCHDOG 05:12:29] ALERTA: Swarm Mesh Listener ha caido. Estado: reiniciado.
[2026-06-02 05:12:29] [WATCHDOG_ALERT] Encolado pasivamente en pending_messages.json
[2026-06-02 05:12:29] Estado: 7 vivos, 1 caidos
[2026-06-02 05:17:30] CAIDO: Swarm Mesh Listener
[2026-06-02 05:17:30] [RESTART] Swarm Mesh Listener reiniciado
[2026-06-02 05:17:30] [WATCHDOG_ALERT] [ENJAMBRE: WATCHDOG] [WATCHDOG 05:17:30] ALERTA: Swarm Mesh Listener ha caido. Estado: reiniciado.
[2026-06-02 05:17:30] [WATCHDOG_ALERT] Encolado pasivamente en pending_messages.json
[2026-06-02 05:17:31] Estado: 7 vivos, 1 caidos
[2026-06-02 05:22:32] CAIDO: Swarm Mesh Listener
[2026-06-02 05:22:32] [RESTART] Swarm Mesh Listener reiniciado
[2026-06-02 05:22:32] [WATCHDOG_ALERT] [ENJAMBRE: WATCHDOG] [WATCHDOG 05:22:32] ALERTA: Swarm Mesh Listener ha caido. Estado: reiniciado.
[2026-06-02 05:22:32] [WATCHDOG_ALERT] Encolado pasivamente en pending_messages.json
[2026-06-02 05:22:32] Estado: 7 vivos, 1 caidos
[2026-06-02 05:27:33] CAIDO: Swarm Mesh Listener
[2026-06-02 05:27:33] [RESTART] Swarm Mesh Listener reiniciado
[2026-06-02 05:27:33] [WATCHDOG_ALERT] [ENJAMBRE: WATCHDOG] [WATCHDOG 05:27:33] ALERTA: Swarm Mesh Listener ha caido. Estado: reiniciado.
[2026-06-02 05:27:33] [WATCHDOG_ALERT] Encolado pasivamente en pending_messages.json
[2026-06-02 05:27:34] Estado: 7 vivos, 1 caidos
[2026-06-02 05:32:35] CAIDO: Swarm Mesh Listener
[2026-06-02 05:32:35] [RESTART] Swarm Mesh Listener reiniciado
[2026-06-02 05:32:35] [WATCHDOG_ALERT] [ENJAMBRE: WATCHDOG] [WATCHDOG 05:32:35] ALERTA: Swarm Mesh Listener ha caido. Estado: reiniciado.
[2026-06-02 05:32:35] [WATCHDOG_ALERT] Encolado pasivamente en pending_messages.json
[2026-06-02 05:32:35] Estado: 7 vivos, 1 caidos
[2026-06-02 05:37:36] CAIDO: Swarm Mesh Listener
[2026-06-02 05:37:36] [RESTART] Swarm Mesh Listener reiniciado
[2026-06-02 05:37:36] [WATCHDOG_ALERT] [ENJAMBRE: WATCHDOG] [WATCHDOG 05:37:36] ALERTA: Swarm Mesh Listener ha caido. Estado: reiniciado.
[2026-06-02 05:37:36] [WATCHDOG_ALERT] Encolado pasivamente en pending_messages.json
[2026-06-02 05:37:36] Estado: 7 vivos, 1 caidos
[2026-06-02 05:42:38] CAIDO: Swarm Mesh Listener
[2026-06-02 05:42:38] [RESTART] Swarm Mesh Listener reiniciado
[2026-06-02 05:42:38] [WATCHDOG_ALERT] [ENJAMBRE: WATCHDOG] [WATCHDOG 05:42:38] ALERTA: Swarm Mesh Listener ha caido. Estado: reiniciado.
[2026-06-02 05:42:38] [WATCHDOG_ALERT] Encolado pasivamente en pending_messages.json
[2026-06-02 05:42:38] Estado: 7 vivos, 1 caidos
[2026-06-02 05:47:39] CAIDO: Swarm Mesh Listener
[2026-06-02 05:47:39] [RESTART] Swarm Mesh Listener reiniciado
[2026-06-02 05:47:39] [WATCHDOG_ALERT] [ENJAMBRE: WATCHDOG] [WATCHDOG 05:47:39] ALERTA: Swarm Mesh Listener ha caido. Estado: reiniciado.
[2026-06-02 05:47:39] [WATCHDOG_ALERT] Encolado pasivamente en pending_messages.json
[2026-06-02 05:47:39] Estado: 7 vivos, 1 caidos
[2026-06-02 05:52:41] CAIDO: Swarm Mesh Listener
[2026-06-02 05:52:41] [RESTART] Swarm Mesh Listener reiniciado
[2026-06-02 05:52:41] [WATCHDOG_ALERT] [ENJAMBRE: WATCHDOG] [WATCHDOG 05:52:41] ALERTA: Swarm Mesh Listener ha caido. Estado: reiniciado.
[2026-06-02 05:52:41] [WATCHDOG_ALERT] Encolado pasivamente en pending_messages.json
[2026-06-02 05:52:41] Estado: 7 vivos, 1 caidos
[2026-06-02 05:57:42] CAIDO: Swarm Mesh Listener
[2026-06-02 05:57:42] [RESTART] Swarm Mesh Listener reiniciado
[2026-06-02 05:57:42] [WATCHDOG_ALERT] [ENJAMBRE: WATCHDOG] [WATCHDOG 05:57:42] ALERTA: Swarm Mesh Listener ha caido. Estado: reiniciado.
[2026-06-02 05:57:42] [WATCHDOG_ALERT] Encolado pasivamente en pending_messages.json
[2026-06-02 05:57:42] Estado: 7 vivos, 1 caidos
[2026-06-02 06:02:44] CAIDO: Swarm Mesh Listener
[2026-06-02 06:02:44] [RESTART] Swarm Mesh Listener reiniciado
[2026-06-02 06:02:44] [WATCHDOG_ALERT] [ENJAMBRE: WATCHDOG] [WATCHDOG 06:02:44] ALERTA: Swarm Mesh Listener ha caido. Estado: reiniciado.
[2026-06-02 06:02:44] [WATCHDOG_ALERT] Encolado pasivamente en pending_messages.json
[2026-06-02 06:02:44] Estado: 7 vivos, 1 caidos
[2026-06-02 06:07:45] CAIDO: Swarm Mesh Listener
[2026-06-02 06:07:45] [RESTART] Swarm Mesh Listener reiniciado
[2026-06-02 06:07:45] [WATCHDOG_ALERT] [ENJAMBRE: WATCHDOG] [WATCHDOG 06:07:45] ALERTA: Swarm Mesh Listener ha caido. Estado: reiniciado.
[2026-06-02 06:07:45] [WATCHDOG_ALERT] Encolado pasivamente en pending_messages.json
[2026-06-02 06:07:45] Estado: 7 vivos, 1 caidos
[2026-06-02 06:12:47] CAIDO: Swarm Mesh Listener
[2026-06-02 06:12:47] [RESTART] Swarm Mesh Listener reiniciado
[2026-06-02 06:12:47] [WATCHDOG_ALERT] [ENJAMBRE: WATCHDOG] [WATCHDOG 06:12:47] ALERTA: Swarm Mesh Listener ha caido. Estado: reiniciado.
[2026-06-02 06:12:47] [WATCHDOG_ALERT] Encolado pasivamente en pending_messages.json
[2026-06-02 06:12:47] Estado: 7 vivos, 1 caidos
[2026-06-02 06:17:48] CAIDO: Swarm Mesh Listener
[2026-06-02 06:17:48] [RESTART] Swarm Mesh Listener reiniciado
[2026-06-02 06:17:48] [WATCHDOG_ALERT] [ENJAMBRE: WATCHDOG] [WATCHDOG 06:17:48] ALERTA: Swarm Mesh Listener ha caido. Estado: reiniciado.
[2026-06-02 06:17:48] [WATCHDOG_ALERT] Encolado pasivamente en pending_messages.json
[2026-06-02 06:17:48] Estado: 7 vivos, 1 caidos
[2026-06-02 06:22:50] CAIDO: Swarm Mesh Listener
[2026-06-02 06:22:50] [RESTART] Swarm Mesh Listener reiniciado
[2026-06-02 06:22:50] [WATCHDOG_ALERT] [ENJAMBRE: WATCHDOG] [WATCHDOG 06:22:50] ALERTA: Swarm Mesh Listener ha caido. Estado: reiniciado.
[2026-06-02 06:22:50] [WATCHDOG_ALERT] Encolado pasivamente en pending_messages.json
[2026-06-02 06:22:50] Estado: 7 vivos, 1 caidos
[2026-06-02 06:27:51] CAIDO: Swarm Mesh Listener
[2026-06-02 06:27:51] [RESTART] Swarm Mesh Listener reiniciado
[2026-06-02 06:27:51] [WATCHDOG_ALERT] [ENJAMBRE: WATCHDOG] [WATCHDOG 06:27:51] ALERTA: Swarm Mesh Listener ha caido. Estado: reiniciado.
[2026-06-02 06:27:51] [WATCHDOG_ALERT] Encolado pasivamente en pending_messages.json
[2026-06-02 06:27:51] Estado: 7 vivos, 1 caidos
[2026-06-02 06:32:52] CAIDO: Swarm Mesh Listener
[2026-06-02 06:32:52] [RESTART] Swarm Mesh Listener reiniciado
[2026-06-02 06:32:52] [WATCHDOG_ALERT] [ENJAMBRE: WATCHDOG] [WATCHDOG 06:32:52] ALERTA: Swarm Mesh Listener ha caido. Estado: reiniciado.
[2026-06-02 06:32:52] [WATCHDOG_ALERT] Encolado pasivamente en pending_messages.json
[2026-06-02 06:32:53] Estado: 7 vivos, 1 caidos
[2026-06-02 06:37:54] CAIDO: Swarm Mesh Listener
[2026-06-02 06:37:54] [RESTART] Swarm Mesh Listener reiniciado
[2026-06-02 06:37:54] [WATCHDOG_ALERT] [ENJAMBRE: WATCHDOG] [WATCHDOG 06:37:54] ALERTA: Swarm Mesh Listener ha caido. Estado: reiniciado.
[2026-06-02 06:37:54] [WATCHDOG_ALERT] Encolado pasivamente en pending_messages.json
[2026-06-02 06:37:54] Estado: 7 vivos, 1 caidos
[2026-06-02 06:42:55] CAIDO: Swarm Mesh Listener
[2026-06-02 06:42:55] [RESTART] Swarm Mesh Listener reiniciado
[2026-06-02 06:42:55] [WATCHDOG_ALERT] [ENJAMBRE: WATCHDOG] [WATCHDOG 06:42:55] ALERTA: Swarm Mesh Listener ha caido. Estado: reiniciado.
[2026-06-02 06:42:55] [WATCHDOG_ALERT] Encolado pasivamente en pending_messages.json
[2026-06-02 06:42:55] Estado: 7 vivos, 1 caidos
[2026-06-02 06:47:57] CAIDO: Swarm Mesh Listener
[2026-06-02 06:47:57] [RESTART] Swarm Mesh Listener reiniciado
[2026-06-02 06:47:57] [WATCHDOG_ALERT] [ENJAMBRE: WATCHDOG] [WATCHDOG 06:47:57] ALERTA: Swarm Mesh Listener ha caido. Estado: reiniciado.
[2026-06-02 06:47:57] [WATCHDOG_ALERT] Encolado pasivamente en pending_messages.json
[2026-06-02 06:47:57] Estado: 7 vivos, 1 caidos
[2026-06-02 06:52:58] CAIDO: Swarm Mesh Listener
[2026-06-02 06:52:58] [RESTART] Swarm Mesh Listener reiniciado
[2026-06-02 06:52:58] [WATCHDOG_ALERT] [ENJAMBRE: WATCHDOG] [WATCHDOG 06:52:58] ALERTA: Swarm Mesh Listener ha caido. Estado: reiniciado.
[2026-06-02 06:52:58] [WATCHDOG_ALERT] Encolado pasivamente en pending_messages.json
[2026-06-02 06:52:58] Estado: 7 vivos, 1 caidos
[2026-06-02 06:58:00] CAIDO: Swarm Mesh Listener
[2026-06-02 06:58:00] [RESTART] Swarm Mesh Listener reiniciado
[2026-06-02 06:58:00] [WATCHDOG_ALERT] [ENJAMBRE: WATCHDOG] [WATCHDOG 06:58:00] ALERTA: Swarm Mesh Listener ha caido. Estado: reiniciado.
[2026-06-02 06:58:00] [WATCHDOG_ALERT] Encolado pasivamente en pending_messages.json
[2026-06-02 06:58:00] Estado: 7 vivos, 1 caidos
[2026-06-02 07:03:01] CAIDO: Swarm Mesh Listener
[2026-06-02 07:03:01] [RESTART] Swarm Mesh Listener reiniciado
[2026-06-02 07:03:01] [WATCHDOG_ALERT] [ENJAMBRE: WATCHDOG] [WATCHDOG 07:03:01] ALERTA: Swarm Mesh Listener ha caido. Estado: reiniciado.
[2026-06-02 07:03:01] [WATCHDOG_ALERT] Encolado pasivamente en pending_messages.json
[2026-06-02 07:03:01] Estado: 7 vivos, 1 caidos
[2026-06-02 07:08:03] CAIDO: Swarm Mesh Listener
[2026-06-02 07:08:03] [RESTART] Swarm Mesh Listener reiniciado
[2026-06-02 07:08:03] [WATCHDOG_ALERT] [ENJAMBRE: WATCHDOG] [WATCHDOG 07:08:03] ALERTA: Swarm Mesh Listener ha caido. Estado: reiniciado.
[2026-06-02 07:08:03] [WATCHDOG_ALERT] Encolado pasivamente en pending_messages.json
[2026-06-02 07:08:03] Estado: 7 vivos, 1 caidos
[2026-06-02 07:13:04] CAIDO: Swarm Mesh Listener
[2026-06-02 07:13:04] [RESTART] Swarm Mesh Listener reiniciado
[2026-06-02 07:13:04] [WATCHDOG_ALERT] [ENJAMBRE: WATCHDOG] [WATCHDOG 07:13:04] ALERTA: Swarm Mesh Listener ha caido. Estado: reiniciado.
[2026-06-02 07:13:04] [WATCHDOG_ALERT] Encolado pasivamente en pending_messages.json
[2026-06-02 07:13:04] Estado: 7 vivos, 1 caidos
[2026-06-02 07:18:06] CAIDO: Swarm Mesh Listener
[2026-06-02 07:18:06] [RESTART] Swarm Mesh Listener reiniciado
[2026-06-02 07:18:06] [WATCHDOG_ALERT] [ENJAMBRE: WATCHDOG] [WATCHDOG 07:18:06] ALERTA: Swarm Mesh Listener ha caido. Estado: reiniciado.
[2026-06-02 07:18:06] [WATCHDOG_ALERT] Encolado pasivamente en pending_messages.json
[2026-06-02 07:18:06] Estado: 7 vivos, 1 caidos
[2026-06-02 07:23:07] CAIDO: Swarm Mesh Listener
[2026-06-02 07:23:07] [RESTART] Swarm Mesh Listener reiniciado
[2026-06-02 07:23:07] [WATCHDOG_ALERT] [ENJAMBRE: WATCHDOG] [WATCHDOG 07:23:07] ALERTA: Swarm Mesh Listener ha caido. Estado: reiniciado.
[2026-06-02 07:23:07] [WATCHDOG_ALERT] Encolado pasivamente en pending_messages.json
[2026-06-02 07:23:08] Estado: 7 vivos, 1 caidos
[2026-06-02 07:28:09] CAIDO: Swarm Mesh Listener
[2026-06-02 07:28:09] [RESTART] Swarm Mesh Listener reiniciado
[2026-06-02 07:28:09] [WATCHDOG_ALERT] [ENJAMBRE: WATCHDOG] [WATCHDOG 07:28:09] ALERTA: Swarm Mesh Listener ha caido. Estado: reiniciado.
[2026-06-02 07:28:09] [WATCHDOG_ALERT] Encolado pasivamente en pending_messages.json
[2026-06-02 07:28:09] Estado: 7 vivos, 1 caidos
[2026-06-02 07:33:11] CAIDO: Swarm Mesh Listener
[2026-06-02 07:33:11] [RESTART] Swarm Mesh Listener reiniciado
[2026-06-02 07:33:11] [WATCHDOG_ALERT] [ENJAMBRE: WATCHDOG] [WATCHDOG 07:33:11] ALERTA: Swarm Mesh Listener ha caido. Estado: reiniciado.
[2026-06-02 07:33:11] [WATCHDOG_ALERT] Encolado pasivamente en pending_messages.json
[2026-06-02 07:33:11] Estado: 7 vivos, 1 caidos
[2026-06-02 07:38:12] CAIDO: Swarm Mesh Listener
[2026-06-02 07:38:12] [RESTART] Swarm Mesh Listener reiniciado
[2026-06-02 07:38:12] [WATCHDOG_ALERT] [ENJAMBRE: WATCHDOG] [WATCHDOG 07:38:12] ALERTA: Swarm Mesh Listener ha caido. Estado: reiniciado.
[2026-06-02 07:38:12] [WATCHDOG_ALERT] Encolado pasivamente en pending_messages.json
[2026-06-02 07:38:12] Estado: 7 vivos, 1 caidos
[2026-06-02 07:43:14] CAIDO: Swarm Mesh Listener
[2026-06-02 07:43:14] [RESTART] Swarm Mesh Listener reiniciado
[2026-06-02 07:43:14] [WATCHDOG_ALERT] [ENJAMBRE: WATCHDOG] [WATCHDOG 07:43:14] ALERTA: Swarm Mesh Listener ha caido. Estado: reiniciado.
[2026-06-02 07:43:14] [WATCHDOG_ALERT] Encolado pasivamente en pending_messages.json
[2026-06-02 07:43:14] Estado: 7 vivos, 1 caidos
[2026-06-02 07:48:15] CAIDO: Swarm Mesh Listener
[2026-06-02 07:48:15] [RESTART] Swarm Mesh Listener reiniciado
[2026-06-02 07:48:15] [WATCHDOG_ALERT] [ENJAMBRE: WATCHDOG] [WATCHDOG 07:48:15] ALERTA: Swarm Mesh Listener ha caido. Estado: reiniciado.
[2026-06-02 07:48:15] [WATCHDOG_ALERT] Encolado pasivamente en pending_messages.json
[2026-06-02 07:48:15] Estado: 7 vivos, 1 caidos
[2026-06-02 07:53:17] CAIDO: Swarm Mesh Listener
[2026-06-02 07:53:17] [RESTART] Swarm Mesh Listener reiniciado
[2026-06-02 07:53:17] [WATCHDOG_ALERT] [ENJAMBRE: WATCHDOG] [WATCHDOG 07:53:17] ALERTA: Swarm Mesh Listener ha caido. Estado: reiniciado.
[2026-06-02 07:53:17] [WATCHDOG_ALERT] Encolado pasivamente en pending_messages.json
[2026-06-02 07:53:17] Estado: 7 vivos, 1 caidos
[2026-06-02 07:57:14] ==================================================
[2026-06-02 07:57:14] PROCESS WATCHDOG v2 — CENTINELA INICIADO
[2026-06-02 07:57:14] Vigilando 8 procesos cada 30s
[2026-06-02 07:57:14] Python: C:\Users\fnora\AppData\Local\Programs\Python\Python311\python.exe
[2026-06-02 07:57:14] ==================================================
[2026-06-02 07:57:14] Señal de cierre recibida. Watchdog terminando.
[2026-06-02 07:57:14] WATCHDOG TERMINADO
[2026-06-02 12:23:50] ==================================================
[2026-06-02 12:23:50] PROCESS WATCHDOG v2 — CENTINELA INICIADO
[2026-06-02 12:23:50] Vigilando 7 procesos cada 30s
[2026-06-02 12:23:50] Python: C:\Users\fnora\AppData\Local\Programs\Python\Python311\python.exe
[2026-06-02 12:23:50] ==================================================
[2026-06-02 12:23:50] CAIDO: Web Monitor
[2026-06-02 12:23:50] [RESTART] Web Monitor reiniciado
[2026-06-02 12:23:50] [WATCHDOG_ALERT] [ENJAMBRE: WATCHDOG] [WATCHDOG 12:23:50] ALERTA: Web Monitor ha caido. Estado: reiniciado.
[2026-06-02 12:23:50] [WATCHDOG_ALERT] Encolado pasivamente en pending_messages.json
[2026-06-02 12:23:50] CAIDO: Charm Panel (Web UI :7860)
[2026-06-02 12:23:50] [RESTART] Charm Panel (Web UI :7860) reiniciado
[2026-06-02 12:23:50] [WATCHDOG_ALERT] [ENJAMBRE: WATCHDOG] [WATCHDOG 12:23:50] ALERTA: Charm Panel (Web UI :7860) ha caido. Estado: reiniciado.
[2026-06-02 12:23:50] [WATCHDOG_ALERT] Encolado pasivamente en pending_messages.json
[2026-06-02 12:23:50] CAIDO: Swarm AI Watchdog (Pool de IAs)
[2026-06-02 12:23:50] [RESTART] Swarm AI Watchdog (Pool de IAs) reiniciado
[2026-06-02 12:23:50] [WATCHDOG_ALERT] [ENJAMBRE: WATCHDOG] [WATCHDOG 12:23:50] ALERTA: Swarm AI Watchdog (Pool de IAs) ha caido. Estado: reiniciado.
[2026-06-02 12:23:50] [WATCHDOG_ALERT] Encolado pasivamente en pending_messages.json
[2026-06-02 12:23:50] CAIDO: Charm Edu P2P Daemon
[2026-06-02 12:23:50] [RESTART] Charm Edu P2P Daemon reiniciado
[2026-06-02 12:23:50] [WATCHDOG_ALERT] [ENJAMBRE: WATCHDOG] [WATCHDOG 12:23:50] ALERTA: Charm Edu P2P Daemon ha caido. Estado: reiniciado.
[2026-06-02 12:23:50] [WATCHDOG_ALERT] Encolado pasivamente en pending_messages.json
[2026-06-02 12:23:50] CAIDO: Guardian Daemon (Seguridad Suprema)
[2026-06-02 12:23:50] [RESTART] Guardian Daemon (Seguridad Suprema) reiniciado
[2026-06-02 12:23:50] [WATCHDOG_ALERT] [ENJAMBRE: WATCHDOG] [WATCHDOG 12:23:50] ALERTA: Guardian Daemon (Seguridad Suprema) ha caido. Estado: reiniciado.
[2026-06-02 12:23:50] [WATCHDOG_ALERT] Encolado pasivamente en pending_messages.json
[2026-06-02 12:23:50] IDE Charm NO detectado. Reiniciando...
[2026-06-02 12:23:50] [RESTART] Lanzando doble instancia de Antigravity...
[2026-06-02 12:23:54] [RESTART] Ambas instancias de Antigravity lanzadas exitosamente.
[2026-06-02 12:28:26] Estado: 7 vivos, 0 caidos
[2026-06-02 12:33:27] Estado: 7 vivos, 0 caidos
[2026-06-02 12:38:29] Estado: 7 vivos, 0 caidos
[2026-06-02 12:43:30] Estado: 7 vivos, 0 caidos
[2026-06-02 12:48:32] Estado: 7 vivos, 0 caidos
[2026-06-02 12:53:33] Estado: 7 vivos, 0 caidos
[2026-06-02 12:58:35] Estado: 7 vivos, 0 caidos
[2026-06-02 13:03:37] Estado: 7 vivos, 0 caidos
[2026-06-02 13:08:39] Estado: 7 vivos, 0 caidos
[2026-06-02 13:13:40] Estado: 7 vivos, 0 caidos
[2026-06-02 13:18:42] Estado: 7 vivos, 0 caidos
[2026-06-02 13:23:43] Estado: 7 vivos, 0 caidos
[2026-06-02 13:28:45] Estado: 7 vivos, 0 caidos
[2026-06-03 10:30:57] ==================================================
[2026-06-03 10:30:57] PROCESS WATCHDOG v2 — CENTINELA INICIADO
[2026-06-03 10:30:57] Vigilando 7 procesos cada 30s
[2026-06-03 10:30:57] Python: C:\Users\fnora\AppData\Local\Programs\Python\Python311\python.exe
[2026-06-03 10:30:57] ==================================================
[2026-06-03 10:30:57] CAIDO: Unified Channel Daemon (Telegram+Discord+Web)
[2026-06-03 10:30:57] [RESTART] Unified Channel Daemon (Telegram+Discord+Web) reiniciado
[2026-06-03 10:30:57] [WATCHDOG_ALERT] [ENJAMBRE: WATCHDOG] [WATCHDOG 10:30:57] ALERTA: Unified Channel Daemon (Telegram+Discord+Web) ha caido. Estado: reiniciado.
[2026-06-03 10:30:57] [WATCHDOG_ALERT] Encolado pasivamente en pending_messages.json
[2026-06-03 10:30:57] CAIDO: Web Monitor
[2026-06-03 10:30:57] [RESTART] Web Monitor reiniciado
[2026-06-03 10:30:57] [WATCHDOG_ALERT] [ENJAMBRE: WATCHDOG] [WATCHDOG 10:30:57] ALERTA: Web Monitor ha caido. Estado: reiniciado.
[2026-06-03 10:30:57] [WATCHDOG_ALERT] Encolado pasivamente en pending_messages.json
[2026-06-03 10:30:57] CAIDO: Charm Panel (Web UI :7860)
[2026-06-03 10:30:57] [RESTART] Charm Panel (Web UI :7860) reiniciado
[2026-06-03 10:30:57] [WATCHDOG_ALERT] [ENJAMBRE: WATCHDOG] [WATCHDOG 10:30:57] ALERTA: Charm Panel (Web UI :7860) ha caido. Estado: reiniciado.
[2026-06-03 10:30:57] [WATCHDOG_ALERT] Encolado pasivamente en pending_messages.json
[2026-06-03 10:30:57] CAIDO: Swarm AI Watchdog (Pool de IAs)
[2026-06-03 10:30:57] [RESTART] Swarm AI Watchdog (Pool de IAs) reiniciado
[2026-06-03 10:30:57] [WATCHDOG_ALERT] [ENJAMBRE: WATCHDOG] [WATCHDOG 10:30:57] ALERTA: Swarm AI Watchdog (Pool de IAs) ha caido. Estado: reiniciado.
[2026-06-03 10:30:57] [WATCHDOG_ALERT] Encolado pasivamente en pending_messages.json
[2026-06-03 10:30:57] CAIDO: Charm Edu P2P Daemon
[2026-06-03 10:30:57] [RESTART] Charm Edu P2P Daemon reiniciado
[2026-06-03 10:30:57] [WATCHDOG_ALERT] [ENJAMBRE: WATCHDOG] [WATCHDOG 10:30:57] ALERTA: Charm Edu P2P Daemon ha caido. Estado: reiniciado.
[2026-06-03 10:30:57] [WATCHDOG_ALERT] Encolado pasivamente en pending_messages.json
[2026-06-03 10:30:57] CAIDO: N8N Bridge Daemon (Docker Proxy)
[2026-06-03 10:30:57] [RESTART] N8N Bridge Daemon (Docker Proxy) reiniciado
[2026-06-03 10:30:57] [WATCHDOG_ALERT] [ENJAMBRE: WATCHDOG] [WATCHDOG 10:30:57] ALERTA: N8N Bridge Daemon (Docker Proxy) ha caido. Estado: reiniciado.
[2026-06-03 10:30:57] [WATCHDOG_ALERT] Encolado pasivamente en pending_messages.json
[2026-06-03 10:30:57] CAIDO: Guardian Daemon (Seguridad Suprema)
[2026-06-03 10:30:57] [RESTART] Guardian Daemon (Seguridad Suprema) reiniciado
[2026-06-03 10:30:57] [WATCHDOG_ALERT] [ENJAMBRE: WATCHDOG] [WATCHDOG 10:30:57] ALERTA: Guardian Daemon (Seguridad Suprema) ha caido. Estado: reiniciado.
[2026-06-03 10:30:57] [WATCHDOG_ALERT] Encolado pasivamente en pending_messages.json
[2026-06-03 10:30:57] IDE Charm NO detectado. Reiniciando...
[2026-06-03 10:30:57] [RESTART] Lanzando doble instancia de Antigravity...
[2026-06-03 10:31:01] [RESTART] Ambas instancias de Antigravity lanzadas exitosamente.
[2026-06-03 10:35:33] Estado: 7 vivos, 0 caidos
[2026-06-03 10:40:34] Estado: 7 vivos, 0 caidos
[2026-06-03 10:45:36] Estado: 7 vivos, 0 caidos
[2026-06-03 10:50:38] Estado: 7 vivos, 0 caidos
[2026-06-03 10:55:39] Estado: 7 vivos, 0 caidos
[2026-06-03 11:00:41] Estado: 7 vivos, 0 caidos
[2026-06-03 11:05:43] Estado: 7 vivos, 0 caidos
[2026-06-03 11:10:44] Estado: 7 vivos, 0 caidos
[2026-06-03 11:15:46] Estado: 7 vivos, 0 caidos
[2026-06-03 11:20:47] Estado: 7 vivos, 0 caidos
[2026-06-03 11:25:49] Estado: 7 vivos, 0 caidos
[2026-06-03 11:30:51] Estado: 7 vivos, 0 caidos
[2026-06-03 11:35:52] Estado: 7 vivos, 0 caidos
[2026-06-03 11:40:54] Estado: 7 vivos, 0 caidos
[2026-06-03 11:45:56] Estado: 7 vivos, 0 caidos
[2026-06-03 11:50:57] Estado: 7 vivos, 0 caidos
[2026-06-03 11:55:59] Estado: 7 vivos, 0 caidos
[2026-06-03 12:01:01] Estado: 7 vivos, 0 caidos
[2026-06-03 12:06:03] Estado: 7 vivos, 0 caidos
[2026-06-03 12:11:05] Estado: 7 vivos, 0 caidos
[2026-06-03 12:16:06] Estado: 7 vivos, 0 caidos
[2026-06-03 12:21:08] Estado: 7 vivos, 0 caidos
[2026-06-03 12:26:09] Estado: 7 vivos, 0 caidos
[2026-06-03 12:31:11] Estado: 7 vivos, 0 caidos
[2026-06-03 12:36:13] Estado: 7 vivos, 0 caidos
[2026-06-03 12:41:15] Estado: 7 vivos, 0 caidos
[2026-06-03 12:46:16] Estado: 7 vivos, 0 caidos
[2026-06-03 12:51:18] Estado: 7 vivos, 0 caidos
[2026-06-03 12:56:20] Estado: 7 vivos, 0 caidos
[2026-06-03 13:01:22] Estado: 7 vivos, 0 caidos
[2026-06-03 13:06:23] Estado: 7 vivos, 0 caidos
[2026-06-03 13:11:25] Estado: 7 vivos, 0 caidos
[2026-06-03 13:16:27] Estado: 7 vivos, 0 caidos
[2026-06-03 13:21:29] Estado: 7 vivos, 0 caidos
[2026-06-03 13:26:30] Estado: 7 vivos, 0 caidos
[2026-06-03 13:31:32] Estado: 7 vivos, 0 caidos
[2026-06-03 13:36:34] Estado: 7 vivos, 0 caidos
[2026-06-03 13:41:35] Estado: 7 vivos, 0 caidos
[2026-06-03 13:46:37] Estado: 7 vivos, 0 caidos
[2026-06-03 13:51:38] Estado: 7 vivos, 0 caidos
[2026-06-03 13:56:40] Estado: 7 vivos, 0 caidos
[2026-06-03 14:01:42] Estado: 7 vivos, 0 caidos
[2026-06-03 14:06:43] Estado: 7 vivos, 0 caidos
[2026-06-03 14:11:45] Estado: 7 vivos, 0 caidos
[2026-06-03 14:16:47] Estado: 7 vivos, 0 caidos
[2026-06-03 14:21:48] Estado: 7 vivos, 0 caidos
[2026-06-03 14:26:50] Estado: 7 vivos, 0 caidos
[2026-06-03 14:31:51] Estado: 7 vivos, 0 caidos
[2026-06-03 14:36:53] Estado: 7 vivos, 0 caidos
[2026-06-03 14:41:55] Estado: 7 vivos, 0 caidos
[2026-06-03 14:46:56] Estado: 7 vivos, 0 caidos
[2026-06-03 14:51:58] Estado: 7 vivos, 0 caidos
[2026-06-03 14:57:00] Estado: 7 vivos, 0 caidos
[2026-06-03 15:02:01] Estado: 7 vivos, 0 caidos
[2026-06-03 15:07:03] Estado: 7 vivos, 0 caidos
[2026-06-03 15:12:05] Estado: 7 vivos, 0 caidos
[2026-06-03 15:17:06] Estado: 7 vivos, 0 caidos
[2026-06-03 15:22:08] Estado: 7 vivos, 0 caidos
[2026-06-03 15:27:09] Estado: 7 vivos, 0 caidos
[2026-06-03 15:32:11] Estado: 7 vivos, 0 caidos
[2026-06-03 15:37:13] Estado: 7 vivos, 0 caidos
[2026-06-03 15:42:14] Estado: 7 vivos, 0 caidos
[2026-06-03 15:47:16] Estado: 7 vivos, 0 caidos
[2026-06-03 15:52:18] Estado: 7 vivos, 0 caidos
[2026-06-03 15:57:19] Estado: 7 vivos, 0 caidos
[2026-06-03 16:02:21] Estado: 7 vivos, 0 caidos
[2026-06-03 16:07:23] Estado: 7 vivos, 0 caidos
[2026-06-03 16:12:24] Estado: 7 vivos, 0 caidos
[2026-06-03 16:17:26] Estado: 7 vivos, 0 caidos
[2026-06-03 16:22:28] Estado: 7 vivos, 0 caidos
[2026-06-03 16:27:29] Estado: 7 vivos, 0 caidos
[2026-06-03 16:32:36] Estado: 7 vivos, 0 caidos
[2026-06-03 16:37:38] Estado: 7 vivos, 0 caidos
[2026-06-03 16:42:39] Estado: 7 vivos, 0 caidos
[2026-06-03 16:47:41] Estado: 7 vivos, 0 caidos
[2026-06-03 16:52:43] Estado: 7 vivos, 0 caidos
[2026-06-03 16:57:44] Estado: 7 vivos, 0 caidos
[2026-06-03 17:02:46] Estado: 7 vivos, 0 caidos
[2026-06-03 17:07:47] Estado: 7 vivos, 0 caidos
[2026-06-03 17:12:49] Estado: 7 vivos, 0 caidos
[2026-06-03 17:17:51] Estado: 7 vivos, 0 caidos
[2026-06-03 17:22:52] Estado: 7 vivos, 0 caidos
[2026-06-03 17:27:54] Estado: 7 vivos, 0 caidos
[2026-06-03 17:32:56] Estado: 7 vivos, 0 caidos
[2026-06-03 17:37:58] Estado: 7 vivos, 0 caidos
[2026-06-03 17:42:59] Estado: 7 vivos, 0 caidos
[2026-06-03 17:48:01] Estado: 7 vivos, 0 caidos
[2026-06-03 17:53:02] Estado: 7 vivos, 0 caidos
[2026-06-03 17:58:04] Estado: 7 vivos, 0 caidos
[2026-06-03 18:03:06] Estado: 7 vivos, 0 caidos
[2026-06-03 18:08:09] Estado: 7 vivos, 0 caidos
[2026-06-03 18:13:10] Estado: 7 vivos, 0 caidos
[2026-06-03 18:18:12] Estado: 7 vivos, 0 caidos
[2026-06-03 18:23:15] Estado: 7 vivos, 0 caidos
[2026-06-03 18:28:16] Estado: 7 vivos, 0 caidos
[2026-06-03 18:33:18] Estado: 7 vivos, 0 caidos
[2026-06-03 18:38:20] Estado: 7 vivos, 0 caidos
[2026-06-03 18:43:22] Estado: 7 vivos, 0 caidos
[2026-06-03 18:48:23] Estado: 7 vivos, 0 caidos
[2026-06-03 18:53:25] Estado: 7 vivos, 0 caidos
[2026-06-03 18:58:27] Estado: 7 vivos, 0 caidos
[2026-06-03 19:03:29] Estado: 7 vivos, 0 caidos
[2026-06-03 19:08:32] Estado: 7 vivos, 0 caidos
[2026-06-03 19:13:34] Estado: 7 vivos, 0 caidos
[2026-06-03 19:18:36] Estado: 7 vivos, 0 caidos
[2026-06-03 19:23:38] Estado: 7 vivos, 0 caidos
[2026-06-03 19:28:40] Estado: 7 vivos, 0 caidos
[2026-06-03 19:33:43] Estado: 7 vivos, 0 caidos
[2026-06-03 19:38:45] Estado: 7 vivos, 0 caidos
[2026-06-03 19:43:47] Estado: 7 vivos, 0 caidos
[2026-06-03 19:48:49] Estado: 7 vivos, 0 caidos
[2026-06-03 19:53:51] Estado: 7 vivos, 0 caidos
[2026-06-03 19:58:54] Estado: 7 vivos, 0 caidos
[2026-06-03 20:03:57] Estado: 7 vivos, 0 caidos
[2026-06-03 20:09:00] Estado: 7 vivos, 0 caidos
[2026-06-03 20:14:03] Estado: 7 vivos, 0 caidos
[2026-06-03 20:19:05] Estado: 7 vivos, 0 caidos
[2026-06-03 20:24:07] Estado: 7 vivos, 0 caidos
[2026-06-03 20:29:09] Estado: 7 vivos, 0 caidos
[2026-06-03 20:34:11] Estado: 7 vivos, 0 caidos
[2026-06-03 20:39:13] Estado: 7 vivos, 0 caidos
[2026-06-03 20:44:15] Estado: 7 vivos, 0 caidos
[2026-06-03 20:49:16] Estado: 7 vivos, 0 caidos
[2026-06-03 20:54:18] Estado: 7 vivos, 0 caidos
[2026-06-03 20:59:20] Estado: 7 vivos, 0 caidos
[2026-06-03 21:04:22] Estado: 7 vivos, 0 caidos
[2026-06-03 21:09:24] Estado: 7 vivos, 0 caidos
[2026-06-03 21:14:26] Estado: 7 vivos, 0 caidos
[2026-06-03 21:19:28] Estado: 7 vivos, 0 caidos
[2026-06-03 21:24:30] Estado: 7 vivos, 0 caidos
[2026-06-03 21:29:32] Estado: 7 vivos, 0 caidos
[2026-06-03 21:34:34] Estado: 7 vivos, 0 caidos
[2026-06-03 21:39:36] Estado: 7 vivos, 0 caidos
[2026-06-03 21:44:38] Estado: 7 vivos, 0 caidos
[2026-06-03 21:49:40] Estado: 7 vivos, 0 caidos
[2026-06-03 21:54:42] Estado: 7 vivos, 0 caidos
[2026-06-03 21:59:44] Estado: 7 vivos, 0 caidos
[2026-06-03 22:04:46] Estado: 7 vivos, 0 caidos
[2026-06-03 22:09:48] Estado: 7 vivos, 0 caidos
[2026-06-03 22:14:50] Estado: 7 vivos, 0 caidos
[2026-06-03 22:19:51] Estado: 7 vivos, 0 caidos
[2026-06-03 22:24:53] Estado: 7 vivos, 0 caidos
[2026-06-03 22:29:56] Estado: 7 vivos, 0 caidos
[2026-06-03 22:34:58] Estado: 7 vivos, 0 caidos
[2026-06-03 22:40:01] Estado: 7 vivos, 0 caidos
[2026-06-03 22:45:02] Estado: 7 vivos, 0 caidos
[2026-06-03 22:50:04] Estado: 7 vivos, 0 caidos
[2026-06-03 22:55:05] Estado: 7 vivos, 0 caidos
[2026-06-03 23:00:07] Estado: 7 vivos, 0 caidos
[2026-06-03 23:05:09] Estado: 7 vivos, 0 caidos
[2026-06-03 23:10:10] Estado: 7 vivos, 0 caidos
[2026-06-03 23:15:12] Estado: 7 vivos, 0 caidos
[2026-06-03 23:20:13] Estado: 7 vivos, 0 caidos
[2026-06-03 23:25:15] Estado: 7 vivos, 0 caidos
[2026-06-03 23:30:16] Estado: 7 vivos, 0 caidos
[2026-06-03 23:35:18] Estado: 7 vivos, 0 caidos
[2026-06-03 23:40:19] Estado: 7 vivos, 0 caidos
[2026-06-03 23:45:21] Estado: 7 vivos, 0 caidos
[2026-06-03 23:50:22] Estado: 7 vivos, 0 caidos
[2026-06-03 23:55:24] Estado: 7 vivos, 0 caidos
[2026-06-04 00:00:26] Estado: 7 vivos, 0 caidos
[2026-06-04 00:05:27] Estado: 7 vivos, 0 caidos
[2026-06-04 00:10:29] Estado: 7 vivos, 0 caidos
[2026-06-04 00:15:30] Estado: 7 vivos, 0 caidos
[2026-06-04 00:20:32] Estado: 7 vivos, 0 caidos
[2026-06-04 00:25:33] Estado: 7 vivos, 0 caidos
[2026-06-04 00:30:35] Estado: 7 vivos, 0 caidos
[2026-06-04 00:35:36] Estado: 7 vivos, 0 caidos
[2026-06-04 00:40:38] Estado: 7 vivos, 0 caidos
[2026-06-04 00:45:40] Estado: 7 vivos, 0 caidos
[2026-06-04 00:50:41] Estado: 7 vivos, 0 caidos
[2026-06-04 00:55:43] Estado: 7 vivos, 0 caidos
[2026-06-04 01:00:44] Estado: 7 vivos, 0 caidos
[2026-06-04 01:05:46] Estado: 7 vivos, 0 caidos
[2026-06-04 01:10:47] Estado: 7 vivos, 0 caidos
[2026-06-04 01:15:49] Estado: 7 vivos, 0 caidos
[2026-06-04 01:20:50] Estado: 7 vivos, 0 caidos
[2026-06-04 01:25:52] Estado: 7 vivos, 0 caidos
[2026-06-04 01:30:54] Estado: 7 vivos, 0 caidos
[2026-06-04 01:35:55] Estado: 7 vivos, 0 caidos
[2026-06-04 01:40:57] Estado: 7 vivos, 0 caidos
[2026-06-04 01:45:58] Estado: 7 vivos, 0 caidos
[2026-06-04 01:51:00] Estado: 7 vivos, 0 caidos
[2026-06-04 01:56:01] Estado: 7 vivos, 0 caidos
[2026-06-04 02:01:03] Estado: 7 vivos, 0 caidos
[2026-06-04 02:06:04] Estado: 7 vivos, 0 caidos
[2026-06-04 02:11:06] Estado: 7 vivos, 0 caidos
[2026-06-04 02:16:07] Estado: 7 vivos, 0 caidos
[2026-06-04 02:21:09] Estado: 7 vivos, 0 caidos
[2026-06-04 02:26:11] Estado: 7 vivos, 0 caidos
[2026-06-04 02:31:12] Estado: 7 vivos, 0 caidos
[2026-06-04 02:36:14] Estado: 7 vivos, 0 caidos
[2026-06-04 02:41:15] Estado: 7 vivos, 0 caidos
[2026-06-04 02:46:17] Estado: 7 vivos, 0 caidos
[2026-06-04 02:51:18] Estado: 7 vivos, 0 caidos
[2026-06-04 02:56:20] Estado: 7 vivos, 0 caidos
[2026-06-04 03:01:21] Estado: 7 vivos, 0 caidos
[2026-06-04 03:06:23] Estado: 7 vivos, 0 caidos
[2026-06-04 03:11:24] Estado: 7 vivos, 0 caidos
[2026-06-04 03:16:26] Estado: 7 vivos, 0 caidos
[2026-06-04 03:21:27] Estado: 7 vivos, 0 caidos
[2026-06-04 03:26:29] Estado: 7 vivos, 0 caidos
[2026-06-04 03:31:30] Estado: 7 vivos, 0 caidos
[2026-06-04 03:36:32] Estado: 7 vivos, 0 caidos
[2026-06-04 03:41:34] Estado: 7 vivos, 0 caidos
[2026-06-04 03:46:35] Estado: 7 vivos, 0 caidos
[2026-06-04 03:51:37] Estado: 7 vivos, 0 caidos
[2026-06-04 03:56:38] Estado: 7 vivos, 0 caidos
[2026-06-04 04:01:40] Estado: 7 vivos, 0 caidos
[2026-06-04 04:06:41] Estado: 7 vivos, 0 caidos
[2026-06-04 04:11:43] Estado: 7 vivos, 0 caidos
[2026-06-04 04:16:44] Estado: 7 vivos, 0 caidos
[2026-06-04 04:21:46] Estado: 7 vivos, 0 caidos
[2026-06-04 04:26:47] Estado: 7 vivos, 0 caidos
[2026-06-04 04:31:49] Estado: 7 vivos, 0 caidos
[2026-06-04 04:36:50] Estado: 7 vivos, 0 caidos
[2026-06-04 04:41:52] Estado: 7 vivos, 0 caidos
[2026-06-04 04:46:53] Estado: 7 vivos, 0 caidos
[2026-06-04 04:51:55] Estado: 7 vivos, 0 caidos
[2026-06-04 04:56:57] Estado: 7 vivos, 0 caidos
[2026-06-04 05:01:58] Estado: 7 vivos, 0 caidos
[2026-06-04 05:07:00] Estado: 7 vivos, 0 caidos
[2026-06-04 05:12:01] Estado: 7 vivos, 0 caidos
[2026-06-04 05:17:03] Estado: 7 vivos, 0 caidos
[2026-06-04 05:22:04] Estado: 7 vivos, 0 caidos
[2026-06-04 05:27:06] Estado: 7 vivos, 0 caidos
[2026-06-04 05:32:07] Estado: 7 vivos, 0 caidos
[2026-06-04 05:37:09] Estado: 7 vivos, 0 caidos
[2026-06-04 05:42:10] Estado: 7 vivos, 0 caidos
[2026-06-04 05:47:12] Estado: 7 vivos, 0 caidos
[2026-06-04 05:52:14] Estado: 7 vivos, 0 caidos
[2026-06-04 05:57:15] Estado: 7 vivos, 0 caidos
[2026-06-04 06:02:17] Estado: 7 vivos, 0 caidos
[2026-06-04 06:07:18] Estado: 7 vivos, 0 caidos
[2026-06-04 06:12:20] Estado: 7 vivos, 0 caidos
[2026-06-04 06:17:21] Estado: 7 vivos, 0 caidos
[2026-06-04 06:22:23] Estado: 7 vivos, 0 caidos
[2026-06-04 06:27:24] Estado: 7 vivos, 0 caidos
[2026-06-04 06:32:26] Estado: 7 vivos, 0 caidos
[2026-06-04 06:37:27] Estado: 7 vivos, 0 caidos
[2026-06-04 06:42:29] Estado: 7 vivos, 0 caidos
[2026-06-04 06:47:31] Estado: 7 vivos, 0 caidos
[2026-06-04 06:52:32] Estado: 7 vivos, 0 caidos
[2026-06-04 06:57:34] Estado: 7 vivos, 0 caidos
[2026-06-04 07:02:35] Estado: 7 vivos, 0 caidos
[2026-06-04 07:07:37] Estado: 7 vivos, 0 caidos
[2026-06-04 07:12:38] Estado: 7 vivos, 0 caidos
[2026-06-04 07:17:40] Estado: 7 vivos, 0 caidos
[2026-06-04 07:22:41] Estado: 7 vivos, 0 caidos
[2026-06-04 07:27:43] Estado: 7 vivos, 0 caidos
[2026-06-04 07:32:44] Estado: 7 vivos, 0 caidos
[2026-06-04 07:37:46] Estado: 7 vivos, 0 caidos
[2026-06-04 07:42:48] Estado: 7 vivos, 0 caidos
[2026-06-04 07:47:49] Estado: 7 vivos, 0 caidos
[2026-06-04 07:52:51] Estado: 7 vivos, 0 caidos
[2026-06-04 07:58:40] ==================================================
[2026-06-04 07:58:40] PROCESS WATCHDOG v2 — CENTINELA INICIADO
[2026-06-04 07:58:40] Vigilando 7 procesos cada 30s
[2026-06-04 07:58:40] Python: C:\Users\fnora\AppData\Local\Programs\Python\Python311\python.exe
[2026-06-04 07:58:40] ==================================================
[2026-06-04 07:58:40] CAIDO: Unified Channel Daemon (Telegram+Discord+Web)
[2026-06-04 07:58:40] [RESTART] Unified Channel Daemon (Telegram+Discord+Web) reiniciado
[2026-06-04 07:58:40] [WATCHDOG_ALERT] [ENJAMBRE: WATCHDOG] [WATCHDOG 07:58:40] ALERTA: Unified Channel Daemon (Telegram+Discord+Web) ha caido. Estado: reiniciado.
[2026-06-04 07:58:40] [WATCHDOG_ALERT] Encolado pasivamente en pending_messages.json
[2026-06-04 07:58:40] CAIDO: Web Monitor
[2026-06-04 07:58:40] [RESTART] Web Monitor reiniciado
[2026-06-04 07:58:40] [WATCHDOG_ALERT] [ENJAMBRE: WATCHDOG] [WATCHDOG 07:58:40] ALERTA: Web Monitor ha caido. Estado: reiniciado.
[2026-06-04 07:58:40] [WATCHDOG_ALERT] Encolado pasivamente en pending_messages.json
[2026-06-04 07:58:40] CAIDO: Charm Panel (Web UI :7860)
[2026-06-04 07:58:40] [RESTART] Charm Panel (Web UI :7860) reiniciado
[2026-06-04 07:58:40] [WATCHDOG_ALERT] [ENJAMBRE: WATCHDOG] [WATCHDOG 07:58:40] ALERTA: Charm Panel (Web UI :7860) ha caido. Estado: reiniciado.
[2026-06-04 07:58:40] [WATCHDOG_ALERT] Encolado pasivamente en pending_messages.json
[2026-06-04 07:58:40] CAIDO: Swarm AI Watchdog (Pool de IAs)
[2026-06-04 07:58:40] [RESTART] Swarm AI Watchdog (Pool de IAs) reiniciado
[2026-06-04 07:58:40] [WATCHDOG_ALERT] [ENJAMBRE: WATCHDOG] [WATCHDOG 07:58:40] ALERTA: Swarm AI Watchdog (Pool de IAs) ha caido. Estado: reiniciado.
[2026-06-04 07:58:40] [WATCHDOG_ALERT] Encolado pasivamente en pending_messages.json
[2026-06-04 07:58:40] CAIDO: Charm Edu P2P Daemon
[2026-06-04 07:58:40] [RESTART] Charm Edu P2P Daemon reiniciado
[2026-06-04 07:58:40] [WATCHDOG_ALERT] [ENJAMBRE: WATCHDOG] [WATCHDOG 07:58:40] ALERTA: Charm Edu P2P Daemon ha caido. Estado: reiniciado.
[2026-06-04 07:58:40] [WATCHDOG_ALERT] Encolado pasivamente en pending_messages.json
[2026-06-04 07:58:40] CAIDO: N8N Bridge Daemon (Docker Proxy)
[2026-06-04 07:58:40] [RESTART] N8N Bridge Daemon (Docker Proxy) reiniciado
[2026-06-04 07:58:40] [WATCHDOG_ALERT] [ENJAMBRE: WATCHDOG] [WATCHDOG 07:58:40] ALERTA: N8N Bridge Daemon (Docker Proxy) ha caido. Estado: reiniciado.
[2026-06-04 07:58:40] [WATCHDOG_ALERT] Encolado pasivamente en pending_messages.json
[2026-06-04 07:58:40] CAIDO: Guardian Daemon (Seguridad Suprema)
[2026-06-04 07:58:40] [RESTART] Guardian Daemon (Seguridad Suprema) reiniciado
[2026-06-04 07:58:40] [WATCHDOG_ALERT] [ENJAMBRE: WATCHDOG] [WATCHDOG 07:58:40] ALERTA: Guardian Daemon (Seguridad Suprema) ha caido. Estado: reiniciado.
[2026-06-04 07:58:40] [WATCHDOG_ALERT] Encolado pasivamente en pending_messages.json
[2026-06-04 07:58:41] [N8N DOCKER] Contenedor caído. Intentando iniciar...
[2026-06-04 07:58:45] [QDRANT] Caido. Intentando reiniciar...
[2026-06-04 07:58:45] [DOCKER] Docker Desktop no parece estar activo. Intentando levantarlo...
[2026-06-04 07:58:45] [DOCKER] Iniciado ejecutable. Esperando 30s para inicializacion del daemon...
[2026-06-04 07:59:18] [QDRANT] Reiniciado con exito
[2026-06-04 07:59:18] [WATCHDOG_ALERT] [ENJAMBRE: WATCHDOG] Qdrant ha sido levantado automáticamente (incluyendo inicio de Docker Desktop). Memoria vectorial online.
[2026-06-04 07:59:18] [WATCHDOG_ALERT] Encolado pasivamente en pending_messages.json
[2026-06-04 08:03:50] Estado: 7 vivos, 0 caidos
[2026-06-04 08:08:51] Estado: 7 vivos, 0 caidos
[2026-06-04 08:13:52] Estado: 7 vivos, 0 caidos
[2026-06-04 08:18:54] Estado: 7 vivos, 0 caidos
[2026-06-04 08:23:55] Estado: 7 vivos, 0 caidos
[2026-06-04 08:28:57] Estado: 7 vivos, 0 caidos
[2026-06-04 08:31:57] Señal de cierre recibida. Watchdog terminando.
[2026-06-04 08:31:57] WATCHDOG TERMINADO
[2026-06-04 08:32:11] ==================================================
[2026-06-04 08:32:11] PROCESS WATCHDOG v2 — CENTINELA INICIADO
[2026-06-04 08:32:11] Vigilando 7 procesos cada 30s
[2026-06-04 08:32:11] Python: C:\Users\fnora\AppData\Local\Programs\Python\Python311\python.exe
[2026-06-04 08:32:11] ==================================================
[2026-06-04 08:32:11] IDE Charm NO detectado. Reiniciando...
[2026-06-04 08:32:11] [RESTART] Lanzando doble instancia de Antigravity...
[2026-06-04 08:32:15] [RESTART] Ambas instancias de Antigravity lanzadas exitosamente.
[2026-06-04 08:33:16] IDE Charm NO detectado. Reiniciando...
[2026-06-04 08:33:16] [RESTART] Lanzando doble instancia de Antigravity...
[2026-06-04 08:33:20] [RESTART] Ambas instancias de Antigravity lanzadas exitosamente.
[2026-06-04 08:36:51] Estado: 7 vivos, 0 caidos
[2026-06-04 08:41:52] CAIDO: Unified Channel Daemon (Telegram+Discord+Web)
[2026-06-04 08:41:52] [RESTART] Unified Channel Daemon (Telegram+Discord+Web) reiniciado
[2026-06-04 08:41:52] [WATCHDOG_ALERT] [ENJAMBRE: WATCHDOG] [WATCHDOG 08:41:52] ALERTA: Unified Channel Daemon (Telegram+Discord+Web) ha caido. Estado: reiniciado.
[2026-06-04 08:41:52] [WATCHDOG_ALERT] Encolado pasivamente en pending_messages.json
[2026-06-04 08:41:52] Estado: 6 vivos, 1 caidos
[2026-06-04 08:52:25] ==================================================
[2026-06-04 08:52:25] PROCESS WATCHDOG v2 — CENTINELA INICIADO
[2026-06-04 08:52:25] Vigilando 7 procesos cada 30s
[2026-06-04 08:52:25] Python: C:\Users\fnora\AppData\Local\Programs\Python\Python311\python.exe
[2026-06-04 08:52:25] ==================================================
[2026-06-04 08:52:25] Señal de cierre recibida. Watchdog terminando.
[2026-06-04 08:52:25] WATCHDOG TERMINADO
[2026-06-04 08:52:56] ==================================================
[2026-06-04 08:52:56] PROCESS WATCHDOG v2 — CENTINELA INICIADO
[2026-06-04 08:52:56] Vigilando 7 procesos cada 30s
[2026-06-04 08:52:56] Python: C:\Users\fnora\AppData\Local\Programs\Python\Python311\python.exe
[2026-06-04 08:52:56] ==================================================
[2026-06-04 08:52:56] CAIDO: Web Monitor
[2026-06-04 08:52:56] [RESTART] Web Monitor reiniciado
[2026-06-04 08:52:56] [WATCHDOG_ALERT] [ENJAMBRE: WATCHDOG] [WATCHDOG 08:52:56] ALERTA: Web Monitor ha caido. Estado: reiniciado.
[2026-06-04 08:52:56] [WATCHDOG_ALERT] Encolado pasivamente en pending_messages.json
[2026-06-04 08:52:56] CAIDO: Charm Panel (Web UI :7860)
[2026-06-04 08:52:56] [RESTART] Charm Panel (Web UI :7860) reiniciado
[2026-06-04 08:52:56] [WATCHDOG_ALERT] [ENJAMBRE: WATCHDOG] [WATCHDOG 08:52:56] ALERTA: Charm Panel (Web UI :7860) ha caido. Estado: reiniciado.
[2026-06-04 08:52:56] [WATCHDOG_ALERT] Encolado pasivamente en pending_messages.json
[2026-06-04 08:52:56] CAIDO: Swarm AI Watchdog (Pool de IAs)
[2026-06-04 08:52:56] [RESTART] Swarm AI Watchdog (Pool de IAs) reiniciado
[2026-06-04 08:52:56] [WATCHDOG_ALERT] [ENJAMBRE: WATCHDOG] [WATCHDOG 08:52:56] ALERTA: Swarm AI Watchdog (Pool de IAs) ha caido. Estado: reiniciado.
[2026-06-04 08:52:56] [WATCHDOG_ALERT] Encolado pasivamente en pending_messages.json
[2026-06-04 08:52:56] CAIDO: Charm Edu P2P Daemon
[2026-06-04 08:52:56] [RESTART] Charm Edu P2P Daemon reiniciado
[2026-06-04 08:52:56] [WATCHDOG_ALERT] [ENJAMBRE: WATCHDOG] [WATCHDOG 08:52:56] ALERTA: Charm Edu P2P Daemon ha caido. Estado: reiniciado.
[2026-06-04 08:52:56] [WATCHDOG_ALERT] Encolado pasivamente en pending_messages.json
[2026-06-04 08:52:56] CAIDO: Guardian Daemon (Seguridad Suprema)
[2026-06-04 08:52:56] [RESTART] Guardian Daemon (Seguridad Suprema) reiniciado
[2026-06-04 08:52:56] [WATCHDOG_ALERT] [ENJAMBRE: WATCHDOG] [WATCHDOG 08:52:56] ALERTA: Guardian Daemon (Seguridad Suprema) ha caido. Estado: reiniciado.
[2026-06-04 08:52:56] [WATCHDOG_ALERT] Encolado pasivamente en pending_messages.json
[2026-06-04 08:57:27] Estado: 6 vivos, 1 caidos
[2026-06-04 08:57:57] CAIDO: Charm Panel (Web UI :7860)
[2026-06-04 08:57:57] [RESTART] Charm Panel (Web UI :7860) reiniciado
[2026-06-04 08:57:57] [WATCHDOG_ALERT] [ENJAMBRE: WATCHDOG] [WATCHDOG 08:57:57] ALERTA: Charm Panel (Web UI :7860) ha caido. Estado: reiniciado.
[2026-06-04 08:57:57] [WATCHDOG_ALERT] Encolado pasivamente en pending_messages.json
[2026-06-04 09:02:29] Estado: 7 vivos, 0 caidos
[2026-06-04 09:07:30] Estado: 7 vivos, 0 caidos
[2026-06-04 09:12:31] Estado: 7 vivos, 0 caidos
[2026-06-04 09:17:33] Estado: 7 vivos, 0 caidos
[2026-06-04 09:22:34] Estado: 7 vivos, 0 caidos
[2026-06-04 09:27:35] Estado: 7 vivos, 0 caidos
[2026-06-04 09:31:21] ==================================================
[2026-06-04 09:31:21] PROCESS WATCHDOG v2 — CENTINELA INICIADO
[2026-06-04 09:31:21] Vigilando 7 procesos cada 30s
[2026-06-04 09:31:21] Python: C:\Users\fnora\AppData\Local\Programs\Python\Python311\python.exe
[2026-06-04 09:31:21] ==================================================
[2026-06-04 09:46:55] ==================================================
[2026-06-04 09:46:55] PROCESS WATCHDOG v2 — CENTINELA INICIADO
[2026-06-04 09:46:55] Vigilando 7 procesos cada 30s
[2026-06-04 09:46:55] Python: C:\Users\fnora\AppData\Local\Programs\Python\Python311\python.exe
[2026-06-04 09:46:55] ==================================================
[2026-06-04 21:30:19] ==================================================
[2026-06-04 21:30:19] PROCESS WATCHDOG v2 — CENTINELA INICIADO
[2026-06-04 21:30:19] Vigilando 7 procesos cada 30s
[2026-06-04 21:30:19] Python: C:\Users\fnora\AppData\Local\Programs\Python\Python311\python.exe
[2026-06-04 21:30:19] ==================================================
[2026-06-04 21:30:19] CAIDO: Web Monitor
[2026-06-04 21:30:19] [RESTART] Web Monitor reiniciado
[2026-06-04 21:30:19] [WATCHDOG_ALERT] [ENJAMBRE: WATCHDOG] [WATCHDOG 21:30:19] ALERTA: Web Monitor ha caido. Estado: reiniciado.
[2026-06-04 21:30:19] [WATCHDOG_ALERT] Encolado pasivamente en pending_messages.json
[2026-06-04 21:30:19] CAIDO: Charm Panel (Web UI :7860)
[2026-06-04 21:30:19] [RESTART] Charm Panel (Web UI :7860) reiniciado
[2026-06-04 21:30:19] [WATCHDOG_ALERT] [ENJAMBRE: WATCHDOG] [WATCHDOG 21:30:19] ALERTA: Charm Panel (Web UI :7860) ha caido. Estado: reiniciado.
[2026-06-04 21:30:19] [WATCHDOG_ALERT] Encolado pasivamente en pending_messages.json
[2026-06-04 21:30:19] CAIDO: Swarm AI Watchdog (Pool de IAs)
[2026-06-04 21:30:19] [RESTART] Swarm AI Watchdog (Pool de IAs) reiniciado
[2026-06-04 21:30:19] [WATCHDOG_ALERT] [ENJAMBRE: WATCHDOG] [WATCHDOG 21:30:19] ALERTA: Swarm AI Watchdog (Pool de IAs) ha caido. Estado: reiniciado.
[2026-06-04 21:30:19] [WATCHDOG_ALERT] Encolado pasivamente en pending_messages.json
[2026-06-04 21:30:19] CAIDO: Charm Edu P2P Daemon
[2026-06-04 21:30:19] [RESTART] Charm Edu P2P Daemon reiniciado
[2026-06-04 21:30:19] [WATCHDOG_ALERT] [ENJAMBRE: WATCHDOG] [WATCHDOG 21:30:19] ALERTA: Charm Edu P2P Daemon ha caido. Estado: reiniciado.
[2026-06-04 21:30:19] [WATCHDOG_ALERT] Encolado pasivamente en pending_messages.json
[2026-06-04 21:30:19] CAIDO: N8N Bridge Daemon (Docker Proxy)
[2026-06-04 21:30:19] [RESTART] N8N Bridge Daemon (Docker Proxy) reiniciado
[2026-06-04 21:30:19] [WATCHDOG_ALERT] [ENJAMBRE: WATCHDOG] [WATCHDOG 21:30:19] ALERTA: N8N Bridge Daemon (Docker Proxy) ha caido. Estado: reiniciado.
[2026-06-04 21:30:19] [WATCHDOG_ALERT] Encolado pasivamente en pending_messages.json
[2026-06-04 21:30:19] CAIDO: Guardian Daemon (Seguridad Suprema)
[2026-06-04 21:30:19] [RESTART] Guardian Daemon (Seguridad Suprema) reiniciado
[2026-06-04 21:30:19] [WATCHDOG_ALERT] [ENJAMBRE: WATCHDOG] [WATCHDOG 21:30:19] ALERTA: Guardian Daemon (Seguridad Suprema) ha caido. Estado: reiniciado.
[2026-06-04 21:30:19] [WATCHDOG_ALERT] Encolado pasivamente en pending_messages.json
